This file contains any messages produced by compilers while
running configure, to aid debugging if configure makes a mistake.

It was created by configure, which was
generated by GNU Autoconf 2.69.  Invocation command line was

  $ ./configure --prefix=/mingw64 LIBS=-liconv -lssl -lcrypto

## --------- ##
## Platform. ##
## --------- ##

hostname = majeh
uname -m = x86_64
uname -r = 3.6.7-f2802c5f.x86_64
uname -s = MINGW64_NT-10.0-22631
uname -v = 2026-03-15 08:40 UTC

/usr/bin/uname -p = unknown
/bin/uname -X     = unknown

/bin/arch              = x86_64
/usr/bin/arch -k       = unknown
/usr/convex/getsysinfo = unknown
/usr/bin/hostinfo      = unknown
/bin/machine           = unknown
/usr/bin/oslevel       = unknown
/bin/universe          = unknown

PATH: /mingw64/bin
PATH: /usr/local/bin
PATH: /usr/bin
PATH: /bin
PATH: /c/Windows/System32
PATH: /c/Windows
PATH: /c/Windows/System32/Wbem
PATH: /c/Windows/System32/WindowsPowerShell/v1.0/
PATH: /usr/bin/site_perl
PATH: /usr/bin/vendor_perl
PATH: /usr/bin/core_perl


## ----------- ##
## Core tests. ##
## ----------- ##

configure:2514: loading site script /etc/config.site
| # This file is in public domain.
| # Original author: Karlson2k (Evgeny Grin)
| # Written for MSys2 to help running 'configure' scripts
| 
| # Defaults for MSys2/MinGW64-targeted programs
| 
| # Set proper selfname on bash and fallback to default name on other shells
| test -n "${BASH_SOURCE}" 2>/dev/null && config_site_me="${BASH_SOURCE[0]##*/}" || config_site_me=config.site
| 
| # Set default 'host' to speedup configure
| if test -z "$build_alias"; then
|   build_alias="${MSYSTEM_CHOST}"  && \
|     ${as_echo-echo} "$config_site_me:${as_lineno-$LINENO}: default build_alias set to $build_alias" >&5
| fi
| 
| # Set default 'prefix'
| if ( test -z "$prefix" || test "x$prefix" = "xNONE" ) && \
|     ( test -z "$exec_prefix" || test "x$exec_prefix" = "xNONE" ); then
|   prefix="${MSYSTEM_PREFIX}" && \
|     ${as_echo-echo} "$config_site_me:${as_lineno-$LINENO}: default prefix set to $prefix" >&5
| fi
config.site:13: default build_alias set to x86_64-w64-mingw32
configure:2656: checking build system type
configure:2670: result: x86_64-w64-mingw32
configure:2690: checking host system type
configure:2703: result: x86_64-w64-mingw32
configure:2723: checking target system type
configure:2736: result: x86_64-w64-mingw32
configure:2780: checking for a BSD-compatible install
configure:2848: result: /usr/bin/install -c
configure:2859: checking whether build environment is sane
configure:2914: result: yes
configure:3065: checking for a thread-safe mkdir -p
configure:3104: result: /usr/bin/mkdir -p
configure:3111: checking for gawk
configure:3127: found /usr/bin/gawk
configure:3138: result: gawk
configure:3149: checking whether make sets $(MAKE)
configure:3171: result: yes
configure:3200: checking whether make supports nested variables
configure:3217: result: yes
configure:3346: checking whether make supports nested variables
configure:3363: result: yes
configure:3402: checking whether to enable maintainer-specific portions of Makefiles
configure:3411: result: no
configure:3473: checking for gcc
configure:3489: found /mingw64/bin/gcc
configure:3500: result: gcc
configure:3729: checking for C compiler version
configure:3738: gcc --version >&5
gcc.exe (Rev2, Built by MSYS2 project) 16.1.0
Copyright (C) 2026 Free Software Foundation, Inc.
This is free software; see the source for copying conditions.  There is NO
warranty; not even for MERCHANTABILITY or FITNESS FOR A PARTICULAR PURPOSE.

configure:3749: $? = 0
configure:3738: gcc -v >&5
Using built-in specs.
COLLECT_GCC=C:\msys64\mingw64\bin\gcc.exe
COLLECT_LTO_WRAPPER=C:/msys64/mingw64/bin/../lib/gcc/x86_64-w64-mingw32/16.1.0/lto-wrapper.exe
Target: x86_64-w64-mingw32
Configured with: ../gcc-16.1.0/configure --prefix=/mingw64 --with-local-prefix=/mingw64/local --libexecdir=/mingw64/lib --enable-bootstrap --enable-checking=release --with-arch=nocona --with-tune=generic --enable-mingw-wildcard --enable-languages=c,c++,ada,fortran,lto,objc,obj-c++,jit --enable-shared --enable-static --enable-libatomic --enable-threads=posix --enable-graphite --enable-fully-dynamic-string --enable-libstdcxx-backtrace=yes --enable-libstdcxx-filesystem-ts --enable-libstdcxx-time --disable-libstdcxx-pch --enable-libgomp --disable-libssp --disable-multilib --disable-rpath --disable-win32-registry --disable-nls --disable-werror --disable-symvers --with-libiconv --with-system-zlib --with-gmp=/mingw64 --with-mpfr=/mingw64 --with-mpc=/mingw64 --with-isl=/mingw64 --with-pkgversion='Rev2, Built by MSYS2 project' --with-bugurl=https://github.com/msys2/MINGW-packages/issues --with-gnu-as --with-gnu-ld --with-libstdcxx-zoneinfo=yes --disable-libstdcxx-debug --enable-lto --with-boot-ldflags=-static-libstdc++ --with-stage1-ldflags=-static-libstdc++
Thread model: posix
Supported LTO compression algorithms: zlib zstd
gcc version 16.1.0 (Rev2, Built by MSYS2 project) 
configure:3749: $? = 0
configure:3738: gcc -V >&5
gcc.exe: error: unrecognized command-line option '-V'
gcc.exe: fatal error: no input files
compilation terminated.
configure:3749: $? = 1
configure:3738: gcc -qversion >&5
gcc.exe: error: unrecognized command-line option '-qversion'; did you mean '--version'?
gcc.exe: fatal error: no input files
compilation terminated.
configure:3749: $? = 1
configure:3769: checking whether the C compiler works
configure:3791: gcc    conftest.c -liconv -lssl -lcrypto >&5
configure:3795: $? = 0
configure:3843: result: yes
configure:3846: checking for C compiler default output file name
configure:3848: result: a.exe
configure:3854: checking for suffix of executables
configure:3861: gcc -o conftest.exe    conftest.c -liconv -lssl -lcrypto >&5
configure:3865: $? = 0
configure:3887: result: .exe
configure:3909: checking whether we are cross compiling
configure:3917: gcc -o conftest.exe    conftest.c -liconv -lssl -lcrypto >&5
configure:3921: $? = 0
configure:3928: ./conftest.exe
configure:3932: $? = 0
configure:3947: result: no
configure:3952: checking for suffix of object files
configure:3974: gcc -c   conftest.c >&5
configure:3978: $? = 0
configure:3999: result: o
configure:4003: checking whether we are using the GNU C compiler
configure:4022: gcc -c   conftest.c >&5
configure:4022: $? = 0
configure:4031: result: yes
configure:4040: checking whether gcc accepts -g
configure:4060: gcc -c -g  conftest.c >&5
configure:4060: $? = 0
configure:4101: result: yes
configure:4118: checking for gcc option to accept ISO C89
configure:4179: gcc  -c -g -O2  conftest.c >&5
configure:4179: $? = 0
configure:4192: result: none needed
configure:4217: checking whether gcc understands -c and -o together
configure:4239: gcc -c conftest.c -o conftest2.o
configure:4242: $? = 0
configure:4239: gcc -c conftest.c -o conftest2.o
configure:4242: $? = 0
configure:4254: result: yes
configure:4282: checking for style of include used by make
configure:4310: result: GNU
configure:4336: checking dependency style of gcc
configure:4447: result: gcc3
configure:4494: checking for library containing strerror
configure:4525: gcc -o conftest.exe -g -O2   conftest.c -liconv -lssl -lcrypto >&5
configure:4525: $? = 0
configure:4542: result: none required
configure:4598: checking for gcc
configure:4625: result: gcc
configure:4854: checking for C compiler version
configure:4863: gcc --version >&5
gcc.exe (Rev2, Built by MSYS2 project) 16.1.0
Copyright (C) 2026 Free Software Foundation, Inc.
This is free software; see the source for copying conditions.  There is NO
warranty; not even for MERCHANTABILITY or FITNESS FOR A PARTICULAR PURPOSE.

configure:4874: $? = 0
configure:4863: gcc -v >&5
Using built-in specs.
COLLECT_GCC=C:\msys64\mingw64\bin\gcc.exe
COLLECT_LTO_WRAPPER=C:/msys64/mingw64/bin/../lib/gcc/x86_64-w64-mingw32/16.1.0/lto-wrapper.exe
Target: x86_64-w64-mingw32
Configured with: ../gcc-16.1.0/configure --prefix=/mingw64 --with-local-prefix=/mingw64/local --libexecdir=/mingw64/lib --enable-bootstrap --enable-checking=release --with-arch=nocona --with-tune=generic --enable-mingw-wildcard --enable-languages=c,c++,ada,fortran,lto,objc,obj-c++,jit --enable-shared --enable-static --enable-libatomic --enable-threads=posix --enable-graphite --enable-fully-dynamic-string --enable-libstdcxx-backtrace=yes --enable-libstdcxx-filesystem-ts --enable-libstdcxx-time --disable-libstdcxx-pch --enable-libgomp --disable-libssp --disable-multilib --disable-rpath --disable-win32-registry --disable-nls --disable-werror --disable-symvers --with-libiconv --with-system-zlib --with-gmp=/mingw64 --with-mpfr=/mingw64 --with-mpc=/mingw64 --with-isl=/mingw64 --with-pkgversion='Rev2, Built by MSYS2 project' --with-bugurl=https://github.com/msys2/MINGW-packages/issues --with-gnu-as --with-gnu-ld --with-libstdcxx-zoneinfo=yes --disable-libstdcxx-debug --enable-lto --with-boot-ldflags=-static-libstdc++ --with-stage1-ldflags=-static-libstdc++
Thread model: posix
Supported LTO compression algorithms: zlib zstd
gcc version 16.1.0 (Rev2, Built by MSYS2 project) 
configure:4874: $? = 0
configure:4863: gcc -V >&5
gcc.exe: error: unrecognized command-line option '-V'
gcc.exe: fatal error: no input files
compilation terminated.
configure:4874: $? = 1
configure:4863: gcc -qversion >&5
gcc.exe: error: unrecognized command-line option '-qversion'; did you mean '--version'?
gcc.exe: fatal error: no input files
compilation terminated.
configure:4874: $? = 1
configure:4878: checking whether we are using the GNU C compiler
configure:4906: result: yes
configure:4915: checking whether gcc accepts -g
configure:4976: result: yes
configure:4993: checking for gcc option to accept ISO C89
configure:5067: result: none needed
configure:5092: checking whether gcc understands -c and -o together
configure:5129: result: yes
configure:5148: checking dependency style of gcc
configure:5259: result: gcc3
configure:5277: checking whether ln -s works
configure:5284: result: no, using cp -pR
configure:5288: checking whether make sets $(MAKE)
configure:5310: result: yes
configure:5324: checking how to run the C preprocessor
configure:5355: gcc -E  conftest.c
configure:5355: $? = 0
configure:5369: gcc -E  conftest.c
conftest.c:10:10: fatal error: ac_nonexistent.h: No such file or directory
   10 | #include <ac_nonexistent.h>
      |          ^~~~~~~~~~~~~~~~~~
compilation terminated.
configure:5369: $? = 1
configure: failed program was:
| /* confdefs.h */
| #define PACKAGE_NAME ""
| #define PACKAGE_TARNAME ""
| #define PACKAGE_VERSION ""
| #define PACKAGE_STRING ""
| #define PACKAGE_BUGREPORT ""
| #define PACKAGE_URL ""
| #define DEVEL_VERSION 1
| /* end confdefs.h.  */
| #include <ac_nonexistent.h>
configure:5394: result: gcc -E
configure:5414: gcc -E  conftest.c
configure:5414: $? = 0
configure:5428: gcc -E  conftest.c
conftest.c:10:10: fatal error: ac_nonexistent.h: No such file or directory
   10 | #include <ac_nonexistent.h>
      |          ^~~~~~~~~~~~~~~~~~
compilation terminated.
configure:5428: $? = 1
configure: failed program was:
| /* confdefs.h */
| #define PACKAGE_NAME ""
| #define PACKAGE_TARNAME ""
| #define PACKAGE_VERSION ""
| #define PACKAGE_STRING ""
| #define PACKAGE_BUGREPORT ""
| #define PACKAGE_URL ""
| #define DEVEL_VERSION 1
| /* end confdefs.h.  */
| #include <ac_nonexistent.h>
configure:5460: checking for flex
configure:5476: found /usr/bin/flex
configure:5487: result: flex
configure:5525: flex conftest.l
configure:5529: $? = 0
configure:5531: checking lex output file root
configure:5545: result: lex.yy
configure:5550: checking lex library
configure:5564: gcc -o conftest.exe -g -O2   conftest.c  -liconv -lssl -lcrypto >&5
C:/msys64/mingw64/bin/../lib/gcc/x86_64-w64-mingw32/16.1.0/../../../../x86_64-w64-mingw32/bin/ld.exe: C:\msys64\tmp\ccBTXEmq.o: in function `input':
D:/git/sylpheed/lex.yy.c:1179:(.text+0xca9): undefined reference to `yywrap'
C:/msys64/mingw64/bin/../lib/gcc/x86_64-w64-mingw32/16.1.0/../../../../x86_64-w64-mingw32/bin/ld.exe: C:\msys64\tmp\ccBTXEmq.o: in function `yylex':
D:/git/sylpheed/lex.yy.c:870:(.text+0x101d): undefined reference to `yywrap'
C:/msys64/mingw64/bin/../lib/gcc/x86_64-w64-mingw32/16.1.0/../../../../x86_64-w64-mingw32/bin/ld.exe: C:\msys64\tmp\ccBTXEmq.o: in function `main':
D:/git/sylpheed/conftest.l:17:(.text.startup+0xf): undefined reference to `yywrap'
collect2.exe: error: ld returned 1 exit status
configure:5564: $? = 1
configure: failed program was:
| /* confdefs.h */
| #define PACKAGE_NAME ""
| #define PACKAGE_TARNAME ""
| #define PACKAGE_VERSION ""
| #define PACKAGE_STRING ""
| #define PACKAGE_BUGREPORT ""
| #define PACKAGE_URL ""
| #define DEVEL_VERSION 1
| /* end confdefs.h.  */
| 
| #line 2 "lex.yy.c"
| 
| #define  YY_INT_ALIGNED short int
| 
| /* A lexical scanner generated by flex */
| 
| #define FLEX_SCANNER
| #define YY_FLEX_MAJOR_VERSION 2
| #define YY_FLEX_MINOR_VERSION 6
| #define YY_FLEX_SUBMINOR_VERSION 4
| #if YY_FLEX_SUBMINOR_VERSION > 0
| #define FLEX_BETA
| #endif
| 
| /* First, we deal with  platform-specific or compiler-specific issues. */
| 
| /* begin standard C headers. */
| #include <stdio.h>
| #include <string.h>
| #include <errno.h>
| #include <stdlib.h>
| 
| /* end standard C headers. */
| 
| /* flex integer type definitions */
| 
| #ifndef FLEXINT_H
| #define FLEXINT_H
| 
| /* C99 systems have <inttypes.h>. Non-C99 systems may or may not. */
| 
| #if defined (__STDC_VERSION__) && __STDC_VERSION__ >= 199901L
| 
| /* C99 says to define __STDC_LIMIT_MACROS before including stdint.h,
|  * if you want the limit (max/min) macros for int types. 
|  */
| #ifndef __STDC_LIMIT_MACROS
| #define __STDC_LIMIT_MACROS 1
| #endif
| 
| #include <inttypes.h>
| typedef int8_t flex_int8_t;
| typedef uint8_t flex_uint8_t;
| typedef int16_t flex_int16_t;
| typedef uint16_t flex_uint16_t;
| typedef int32_t flex_int32_t;
| typedef uint32_t flex_uint32_t;
| #else
| typedef signed char flex_int8_t;
| typedef short int flex_int16_t;
| typedef int flex_int32_t;
| typedef unsigned char flex_uint8_t; 
| typedef unsigned short int flex_uint16_t;
| typedef unsigned int flex_uint32_t;
| 
| /* Limits of integral types. */
| #ifndef INT8_MIN
| #define INT8_MIN               (-128)
| #endif
| #ifndef INT16_MIN
| #define INT16_MIN              (-32767-1)
| #endif
| #ifndef INT32_MIN
| #define INT32_MIN              (-2147483647-1)
| #endif
| #ifndef INT8_MAX
| #define INT8_MAX               (127)
| #endif
| #ifndef INT16_MAX
| #define INT16_MAX              (32767)
| #endif
| #ifndef INT32_MAX
| #define INT32_MAX              (2147483647)
| #endif
| #ifndef UINT8_MAX
| #define UINT8_MAX              (255U)
| #endif
| #ifndef UINT16_MAX
| #define UINT16_MAX             (65535U)
| #endif
| #ifndef UINT32_MAX
| #define UINT32_MAX             (4294967295U)
| #endif
| 
| #ifndef SIZE_MAX
| #define SIZE_MAX               (~(size_t)0)
| #endif
| 
| #endif /* ! C99 */
| 
| #endif /* ! FLEXINT_H */
| 
| /* begin standard C++ headers. */
| 
| /* TODO: this is always defined, so inline it */
| #define yyconst const
| 
| #if defined(__GNUC__) && __GNUC__ >= 3
| #define yynoreturn __attribute__((__noreturn__))
| #else
| #define yynoreturn
| #endif
| 
| /* Returned upon end-of-file. */
| #define YY_NULL 0
| 
| /* Promotes a possibly negative, possibly signed char to an
|  *   integer in range [0..255] for use as an array index.
|  */
| #define YY_SC_TO_UI(c) ((YY_CHAR) (c))
| 
| /* Enter a start condition.  This macro really ought to take a parameter,
|  * but we do it the disgusting crufty way forced on us by the ()-less
|  * definition of BEGIN.
|  */
| #define BEGIN (yy_start) = 1 + 2 *
| /* Translate the current start state into a value that can be later handed
|  * to BEGIN to return to the state.  The YYSTATE alias is for lex
|  * compatibility.
|  */
| #define YY_START (((yy_start) - 1) / 2)
| #define YYSTATE YY_START
| /* Action number for EOF rule of a given start state. */
| #define YY_STATE_EOF(state) (YY_END_OF_BUFFER + state + 1)
| /* Special action meaning "start processing a new file". */
| #define YY_NEW_FILE yyrestart( yyin  )
| #define YY_END_OF_BUFFER_CHAR 0
| 
| /* Size of default input buffer. */
| #ifndef YY_BUF_SIZE
| #ifdef __ia64__
| /* On IA-64, the buffer size is 16k, not 8k.
|  * Moreover, YY_BUF_SIZE is 2*YY_READ_BUF_SIZE in the general case.
|  * Ditto for the __ia64__ case accordingly.
|  */
| #define YY_BUF_SIZE 32768
| #else
| #define YY_BUF_SIZE 16384
| #endif /* __ia64__ */
| #endif
| 
| /* The state buf must be large enough to hold one state per character in the main buffer.
|  */
| #define YY_STATE_BUF_SIZE   ((YY_BUF_SIZE + 2) * sizeof(yy_state_type))
| 
| #ifndef YY_TYPEDEF_YY_BUFFER_STATE
| #define YY_TYPEDEF_YY_BUFFER_STATE
| typedef struct yy_buffer_state *YY_BUFFER_STATE;
| #endif
| 
| #ifndef YY_TYPEDEF_YY_SIZE_T
| #define YY_TYPEDEF_YY_SIZE_T
| typedef size_t yy_size_t;
| #endif
| 
| extern int yyleng;
| 
| extern FILE *yyin, *yyout;
| 
| #define EOB_ACT_CONTINUE_SCAN 0
| #define EOB_ACT_END_OF_FILE 1
| #define EOB_ACT_LAST_MATCH 2
|     
|     #define YY_LESS_LINENO(n)
|     #define YY_LINENO_REWIND_TO(ptr)
|     
| /* Return all but the first "n" matched characters back to the input stream. */
| #define yyless(n) \
| 	do \
| 		{ \
| 		/* Undo effects of setting up yytext. */ \
|         int yyless_macro_arg = (n); \
|         YY_LESS_LINENO(yyless_macro_arg);\
| 		*yy_cp = (yy_hold_char); \
| 		YY_RESTORE_YY_MORE_OFFSET \
| 		(yy_c_buf_p) = yy_cp = yy_bp + yyless_macro_arg - YY_MORE_ADJ; \
| 		YY_DO_BEFORE_ACTION; /* set up yytext again */ \
| 		} \
| 	while ( 0 )
| #define unput(c) yyunput( c, (yytext_ptr)  )
| 
| #ifndef YY_STRUCT_YY_BUFFER_STATE
| #define YY_STRUCT_YY_BUFFER_STATE
| struct yy_buffer_state
| 	{
| 	FILE *yy_input_file;
| 
| 	char *yy_ch_buf;		/* input buffer */
| 	char *yy_buf_pos;		/* current position in input buffer */
| 
| 	/* Size of input buffer in bytes, not including room for EOB
| 	 * characters.
| 	 */
| 	int yy_buf_size;
| 
| 	/* Number of characters read into yy_ch_buf, not including EOB
| 	 * characters.
| 	 */
| 	int yy_n_chars;
| 
| 	/* Whether we "own" the buffer - i.e., we know we created it,
| 	 * and can realloc() it to grow it, and should free() it to
| 	 * delete it.
| 	 */
| 	int yy_is_our_buffer;
| 
| 	/* Whether this is an "interactive" input source; if so, and
| 	 * if we're using stdio for input, then we want to use getc()
| 	 * instead of fread(), to make sure we stop fetching input after
| 	 * each newline.
| 	 */
| 	int yy_is_interactive;
| 
| 	/* Whether we're considered to be at the beginning of a line.
| 	 * If so, '^' rules will be active on the next match, otherwise
| 	 * not.
| 	 */
| 	int yy_at_bol;
| 
|     int yy_bs_lineno; /**< The line count. */
|     int yy_bs_column; /**< The column count. */
| 
| 	/* Whether to try to fill the input buffer when we reach the
| 	 * end of it.
| 	 */
| 	int yy_fill_buffer;
| 
| 	int yy_buffer_status;
| 
| #define YY_BUFFER_NEW 0
| #define YY_BUFFER_NORMAL 1
| 	/* When an EOF's been seen but there's still some text to process
| 	 * then we mark the buffer as YY_EOF_PENDING, to indicate that we
| 	 * shouldn't try reading from the input source any more.  We might
| 	 * still have a bunch of tokens to match, though, because of
| 	 * possible backing-up.
| 	 *
| 	 * When we actually see the EOF, we change the status to "new"
| 	 * (via yyrestart()), so that the user can continue scanning by
| 	 * just pointing yyin at a new input file.
| 	 */
| #define YY_BUFFER_EOF_PENDING 2
| 
| 	};
| #endif /* !YY_STRUCT_YY_BUFFER_STATE */
| 
| /* Stack of input buffers. */
| static size_t yy_buffer_stack_top = 0; /**< index of top of stack. */
| static size_t yy_buffer_stack_max = 0; /**< capacity of stack. */
| static YY_BUFFER_STATE * yy_buffer_stack = NULL; /**< Stack as an array. */
| 
| /* We provide macros for accessing buffer states in case in the
|  * future we want to put the buffer states in a more general
|  * "scanner state".
|  *
|  * Returns the top of the stack, or NULL.
|  */
| #define YY_CURRENT_BUFFER ( (yy_buffer_stack) \
|                           ? (yy_buffer_stack)[(yy_buffer_stack_top)] \
|                           : NULL)
| /* Same as previous macro, but useful when we know that the buffer stack is not
|  * NULL or when we need an lvalue. For internal use only.
|  */
| #define YY_CURRENT_BUFFER_LVALUE (yy_buffer_stack)[(yy_buffer_stack_top)]
| 
| /* yy_hold_char holds the character lost when yytext is formed. */
| static char yy_hold_char;
| static int yy_n_chars;		/* number of characters read into yy_ch_buf */
| int yyleng;
| 
| /* Points to current character in buffer. */
| static char *yy_c_buf_p = NULL;
| static int yy_init = 0;		/* whether we need to initialize */
| static int yy_start = 0;	/* start state number */
| 
| /* Flag which is used to allow yywrap()'s to do buffer switches
|  * instead of setting up a fresh yyin.  A bit of a hack ...
|  */
| static int yy_did_buffer_switch_on_eof;
| 
| void yyrestart ( FILE *input_file  );
| void yy_switch_to_buffer ( YY_BUFFER_STATE new_buffer  );
| YY_BUFFER_STATE yy_create_buffer ( FILE *file, int size  );
| void yy_delete_buffer ( YY_BUFFER_STATE b  );
| void yy_flush_buffer ( YY_BUFFER_STATE b  );
| void yypush_buffer_state ( YY_BUFFER_STATE new_buffer  );
| void yypop_buffer_state ( void );
| 
| static void yyensure_buffer_stack ( void );
| static void yy_load_buffer_state ( void );
| static void yy_init_buffer ( YY_BUFFER_STATE b, FILE *file  );
| #define YY_FLUSH_BUFFER yy_flush_buffer( YY_CURRENT_BUFFER )
| 
| YY_BUFFER_STATE yy_scan_buffer ( char *base, yy_size_t size  );
| YY_BUFFER_STATE yy_scan_string ( const char *yy_str  );
| YY_BUFFER_STATE yy_scan_bytes ( const char *bytes, int len  );
| 
| void *yyalloc ( yy_size_t  );
| void *yyrealloc ( void *, yy_size_t  );
| void yyfree ( void *  );
| 
| #define yy_new_buffer yy_create_buffer
| #define yy_set_interactive(is_interactive) \
| 	{ \
| 	if ( ! YY_CURRENT_BUFFER ){ \
|         yyensure_buffer_stack (); \
| 		YY_CURRENT_BUFFER_LVALUE =    \
|             yy_create_buffer( yyin, YY_BUF_SIZE ); \
| 	} \
| 	YY_CURRENT_BUFFER_LVALUE->yy_is_interactive = is_interactive; \
| 	}
| #define yy_set_bol(at_bol) \
| 	{ \
| 	if ( ! YY_CURRENT_BUFFER ){\
|         yyensure_buffer_stack (); \
| 		YY_CURRENT_BUFFER_LVALUE =    \
|             yy_create_buffer( yyin, YY_BUF_SIZE ); \
| 	} \
| 	YY_CURRENT_BUFFER_LVALUE->yy_at_bol = at_bol; \
| 	}
| #define YY_AT_BOL() (YY_CURRENT_BUFFER_LVALUE->yy_at_bol)
| 
| /* Begin user sect3 */
| typedef flex_uint8_t YY_CHAR;
| 
| FILE *yyin = NULL, *yyout = NULL;
| 
| typedef int yy_state_type;
| 
| extern int yylineno;
| int yylineno = 1;
| 
| extern char *yytext;
| #ifdef yytext_ptr
| #undef yytext_ptr
| #endif
| #define yytext_ptr yytext
| 
| static yy_state_type yy_get_previous_state ( void );
| static yy_state_type yy_try_NUL_trans ( yy_state_type current_state  );
| static int yy_get_next_buffer ( void );
| static void yynoreturn yy_fatal_error ( const char* msg  );
| 
| /* Done after the current pattern has been matched and before the
|  * corresponding action - sets up yytext.
|  */
| #define YY_DO_BEFORE_ACTION \
| 	(yytext_ptr) = yy_bp; \
| 	(yytext_ptr) -= (yy_more_len); \
| 	yyleng = (int) (yy_cp - (yytext_ptr)); \
| 	(yy_hold_char) = *yy_cp; \
| 	*yy_cp = '\0'; \
| 	(yy_c_buf_p) = yy_cp;
| #define YY_NUM_RULES 8
| #define YY_END_OF_BUFFER 9
| /* This struct is not used in this scanner,
|    but its presence is necessary. */
| struct yy_trans_info
| 	{
| 	flex_int32_t yy_verify;
| 	flex_int32_t yy_nxt;
| 	};
| static const flex_int16_t yy_acclist[23] =
|     {   0,
|         9,    7,    8,    8,    1,    7,    8,    2,    7,    8,
|         3,    7,    8,    4,    7,    8,    5,    7,    8,    6,
|         7,    8
|     } ;
| 
| static const flex_int16_t yy_accept[14] =
|     {   0,
|         1,    1,    1,    2,    4,    5,    8,   11,   14,   17,
|        20,   23,   23
|     } ;
| 
| static const YY_CHAR yy_ec[256] =
|     {   0,
|         1,    1,    1,    1,    1,    1,    1,    1,    1,    2,
|         1,    1,    1,    1,    1,    1,    1,    1,    1,    1,
|         1,    1,    1,    1,    1,    1,    1,    1,    1,    1,
|         1,    1,    1,    1,    1,    1,    1,    1,    1,    1,
|         1,    1,    1,    1,    1,    1,    1,    1,    1,    1,
|         1,    1,    1,    1,    1,    1,    1,    1,    1,    1,
|         1,    1,    1,    1,    1,    1,    1,    1,    1,    1,
|         1,    1,    1,    1,    1,    1,    1,    1,    1,    1,
|         1,    1,    1,    1,    1,    1,    1,    1,    1,    1,
|         1,    1,    1,    1,    1,    1,    3,    4,    5,    6,
| 
|         7,    8,    1,    1,    1,    1,    1,    1,    1,    1,
|         1,    1,    1,    1,    1,    1,    1,    1,    1,    1,
|         1,    1,    1,    1,    1,    1,    1,    1,    1,    1,
|         1,    1,    1,    1,    1,    1,    1,    1,    1,    1,
|         1,    1,    1,    1,    1,    1,    1,    1,    1,    1,
|         1,    1,    1,    1,    1,    1,    1,    1,    1,    1,
|         1,    1,    1,    1,    1,    1,    1,    1,    1,    1,
|         1,    1,    1,    1,    1,    1,    1,    1,    1,    1,
|         1,    1,    1,    1,    1,    1,    1,    1,    1,    1,
|         1,    1,    1,    1,    1,    1,    1,    1,    1,    1,
| 
|         1,    1,    1,    1,    1,    1,    1,    1,    1,    1,
|         1,    1,    1,    1,    1,    1,    1,    1,    1,    1,
|         1,    1,    1,    1,    1,    1,    1,    1,    1,    1,
|         1,    1,    1,    1,    1,    1,    1,    1,    1,    1,
|         1,    1,    1,    1,    1,    1,    1,    1,    1,    1,
|         1,    1,    1,    1,    1
|     } ;
| 
| static const YY_CHAR yy_meta[9] =
|     {   0,
|         1,    1,    1,    1,    1,    1,    1,    1
|     } ;
| 
| static const flex_int16_t yy_base[13] =
|     {   0,
|         0,    0,    9,   10,   10,   10,   10,   10,   10,   10,
|        10,   10
|     } ;
| 
| static const flex_int16_t yy_def[13] =
|     {   0,
|        12,    1,   12,   12,   12,   12,   12,   12,   12,   12,
|        12,    0
|     } ;
| 
| static const flex_int16_t yy_nxt[19] =
|     {   0,
|         4,    5,    6,    7,    8,    9,   10,   11,   12,    3,
|        12,   12,   12,   12,   12,   12,   12,   12
|     } ;
| 
| static const flex_int16_t yy_chk[19] =
|     {   0,
|         1,    1,    1,    1,    1,    1,    1,    1,    3,   12,
|        12,   12,   12,   12,   12,   12,   12,   12
|     } ;
| 
| extern int yy_flex_debug;
| int yy_flex_debug = 0;
| 
| static yy_state_type *yy_state_buf=0, *yy_state_ptr=0;
| static char *yy_full_match;
| static int yy_lp;
| #define REJECT \
| { \
| *yy_cp = (yy_hold_char); /* undo effects of setting up yytext */ \
| yy_cp = (yy_full_match); /* restore poss. backed-over text */ \
| ++(yy_lp); \
| goto find_rule; \
| }
| 
| static int yy_more_flag = 0;
| static int yy_more_len = 0;
| #define yymore() ((yy_more_flag) = 1)
| #define YY_MORE_ADJ (yy_more_len)
| #define YY_RESTORE_YY_MORE_OFFSET
| char *yytext;
| #line 1 "conftest.l"
| #line 459 "lex.yy.c"
| 
| #define INITIAL 0
| 
| #ifndef YY_NO_UNISTD_H
| /* Special case for "unistd.h", since it is non-ANSI. We include it way
|  * down here because we want the user's section 1 to have been scanned first.
|  * The user has a chance to override it with an option.
|  */
| #include <unistd.h>
| #endif
| 
| #ifndef YY_EXTRA_TYPE
| #define YY_EXTRA_TYPE void *
| #endif
| 
| static int yy_init_globals ( void );
| 
| /* Accessor methods to globals.
|    These are made visible to non-reentrant scanners for convenience. */
| 
| int yylex_destroy ( void );
| 
| int yyget_debug ( void );
| 
| void yyset_debug ( int debug_flag  );
| 
| YY_EXTRA_TYPE yyget_extra ( void );
| 
| void yyset_extra ( YY_EXTRA_TYPE user_defined  );
| 
| FILE *yyget_in ( void );
| 
| void yyset_in  ( FILE * _in_str  );
| 
| FILE *yyget_out ( void );
| 
| void yyset_out  ( FILE * _out_str  );
| 
| 			int yyget_leng ( void );
| 
| char *yyget_text ( void );
| 
| int yyget_lineno ( void );
| 
| void yyset_lineno ( int _line_number  );
| 
| /* Macros after this point can all be overridden by user definitions in
|  * section 1.
|  */
| 
| #ifndef YY_SKIP_YYWRAP
| #ifdef __cplusplus
| extern "C" int yywrap ( void );
| #else
| extern int yywrap ( void );
| #endif
| #endif
| 
| #ifndef YY_NO_UNPUT
|     
|     static void yyunput ( int c, char *buf_ptr  );
|     
| #endif
| 
| #ifndef yytext_ptr
| static void yy_flex_strncpy ( char *, const char *, int );
| #endif
| 
| #ifdef YY_NEED_STRLEN
| static int yy_flex_strlen ( const char * );
| #endif
| 
| #ifndef YY_NO_INPUT
| #ifdef __cplusplus
| static int yyinput ( void );
| #else
| static int input ( void );
| #endif
| 
| #endif
| 
| /* Amount of stuff to slurp up with each read. */
| #ifndef YY_READ_BUF_SIZE
| #ifdef __ia64__
| /* On IA-64, the buffer size is 16k, not 8k */
| #define YY_READ_BUF_SIZE 16384
| #else
| #define YY_READ_BUF_SIZE 8192
| #endif /* __ia64__ */
| #endif
| 
| /* Copy whatever the last rule matched to the standard output. */
| #ifndef ECHO
| /* This used to be an fputs(), but since the string might contain NUL's,
|  * we now use fwrite().
|  */
| #define ECHO do { if (fwrite( yytext, (size_t) yyleng, 1, yyout )) {} } while (0)
| #endif
| 
| /* Gets input and stuffs it into "buf".  number of characters read, or YY_NULL,
|  * is returned in "result".
|  */
| #ifndef YY_INPUT
| #define YY_INPUT(buf,result,max_size) \
| 	if ( YY_CURRENT_BUFFER_LVALUE->yy_is_interactive ) \
| 		{ \
| 		int c = '*'; \
| 		int n; \
| 		for ( n = 0; n < max_size && \
| 			     (c = getc( yyin )) != EOF && c != '\n'; ++n ) \
| 			buf[n] = (char) c; \
| 		if ( c == '\n' ) \
| 			buf[n++] = (char) c; \
| 		if ( c == EOF && ferror( yyin ) ) \
| 			YY_FATAL_ERROR( "input in flex scanner failed" ); \
| 		result = n; \
| 		} \
| 	else \
| 		{ \
| 		errno=0; \
| 		while ( (result = (int) fread(buf, 1, (yy_size_t) max_size, yyin)) == 0 && ferror(yyin)) \
| 			{ \
| 			if( errno != EINTR) \
| 				{ \
| 				YY_FATAL_ERROR( "input in flex scanner failed" ); \
| 				break; \
| 				} \
| 			errno=0; \
| 			clearerr(yyin); \
| 			} \
| 		}\
| \
| 
| #endif
| 
| /* No semi-colon after return; correct usage is to write "yyterminate();" -
|  * we don't want an extra ';' after the "return" because that will cause
|  * some compilers to complain about unreachable statements.
|  */
| #ifndef yyterminate
| #define yyterminate() return YY_NULL
| #endif
| 
| /* Number of entries by which start-condition stack grows. */
| #ifndef YY_START_STACK_INCR
| #define YY_START_STACK_INCR 25
| #endif
| 
| /* Report a fatal error. */
| #ifndef YY_FATAL_ERROR
| #define YY_FATAL_ERROR(msg) yy_fatal_error( msg )
| #endif
| 
| /* end tables serialization structures and prototypes */
| 
| /* Default declaration of generated scanner - a define so the user can
|  * easily add parameters.
|  */
| #ifndef YY_DECL
| #define YY_DECL_IS_OURS 1
| 
| extern int yylex (void);
| 
| #define YY_DECL int yylex (void)
| #endif /* !YY_DECL */
| 
| /* Code executed at the beginning of each rule, after yytext and yyleng
|  * have been set up.
|  */
| #ifndef YY_USER_ACTION
| #define YY_USER_ACTION
| #endif
| 
| /* Code executed at the end of each rule. */
| #ifndef YY_BREAK
| #define YY_BREAK /*LINTED*/break;
| #endif
| 
| #define YY_RULE_SETUP \
| 	YY_USER_ACTION
| 
| /** The main scanner function which does all the work.
|  */
| YY_DECL
| {
| 	yy_state_type yy_current_state;
| 	char *yy_cp, *yy_bp;
| 	int yy_act;
|     
| 	if ( !(yy_init) )
| 		{
| 		(yy_init) = 1;
| 
| #ifdef YY_USER_INIT
| 		YY_USER_INIT;
| #endif
| 
|         /* Create the reject buffer large enough to save one state per allowed character. */
|         if ( ! (yy_state_buf) )
|             (yy_state_buf) = (yy_state_type *)yyalloc(YY_STATE_BUF_SIZE  );
|             if ( ! (yy_state_buf) )
|                 YY_FATAL_ERROR( "out of dynamic memory in yylex()" );
| 
| 		if ( ! (yy_start) )
| 			(yy_start) = 1;	/* first start state */
| 
| 		if ( ! yyin )
| 			yyin = stdin;
| 
| 		if ( ! yyout )
| 			yyout = stdout;
| 
| 		if ( ! YY_CURRENT_BUFFER ) {
| 			yyensure_buffer_stack ();
| 			YY_CURRENT_BUFFER_LVALUE =
| 				yy_create_buffer( yyin, YY_BUF_SIZE );
| 		}
| 
| 		yy_load_buffer_state(  );
| 		}
| 
| 	{
| #line 1 "conftest.l"
| 
| #line 684 "lex.yy.c"
| 
| 	while ( /*CONSTCOND*/1 )		/* loops until end-of-file is reached */
| 		{
| 		(yy_more_len) = 0;
| 		if ( (yy_more_flag) )
| 			{
| 			(yy_more_len) = (int) ((yy_c_buf_p) - (yytext_ptr));
| 			(yy_more_flag) = 0;
| 			}
| 		yy_cp = (yy_c_buf_p);
| 
| 		/* Support of yytext. */
| 		*yy_cp = (yy_hold_char);
| 
| 		/* yy_bp points to the position in yy_ch_buf of the start of
| 		 * the current run.
| 		 */
| 		yy_bp = yy_cp;
| 
| 		yy_current_state = (yy_start);
| 
| 		(yy_state_ptr) = (yy_state_buf);
| 		*(yy_state_ptr)++ = yy_current_state;
| 
| yy_match:
| 		do
| 			{
| 			YY_CHAR yy_c = yy_ec[YY_SC_TO_UI(*yy_cp)] ;
| 			while ( yy_chk[yy_base[yy_current_state] + yy_c] != yy_current_state )
| 				{
| 				yy_current_state = (int) yy_def[yy_current_state];
| 				if ( yy_current_state >= 13 )
| 					yy_c = yy_meta[yy_c];
| 				}
| 			yy_current_state = yy_nxt[yy_base[yy_current_state] + yy_c];
| 			*(yy_state_ptr)++ = yy_current_state;
| 			++yy_cp;
| 			}
| 		while ( yy_base[yy_current_state] != 10 );
| 
| yy_find_action:
| 		yy_current_state = *--(yy_state_ptr);
| 		(yy_lp) = yy_accept[yy_current_state];
| 
| find_rule: /* we branch to this label when backing up */
| 
| 		for ( ; ; ) /* until we find what rule we matched */
| 			{
| 			if ( (yy_lp) && (yy_lp) < yy_accept[yy_current_state + 1] )
| 				{
| 				yy_act = yy_acclist[(yy_lp)];
| 					{
| 					(yy_full_match) = yy_cp;
| 					break;
| 					}
| 				}
| 			--yy_cp;
| 			yy_current_state = *--(yy_state_ptr);
| 			(yy_lp) = yy_accept[yy_current_state];
| 			}
| 
| 		YY_DO_BEFORE_ACTION;
| 
| do_action:	/* This label is used only to access EOF actions. */
| 
| 		switch ( yy_act )
| 	{ /* beginning of action switch */
| case 1:
| YY_RULE_SETUP
| #line 2 "conftest.l"
| { ECHO; }
| 	YY_BREAK
| case 2:
| YY_RULE_SETUP
| #line 3 "conftest.l"
| { REJECT; }
| 	YY_BREAK
| case 3:
| YY_RULE_SETUP
| #line 4 "conftest.l"
| { yymore (); }
| 	YY_BREAK
| case 4:
| YY_RULE_SETUP
| #line 5 "conftest.l"
| { yyless (1); }
| 	YY_BREAK
| case 5:
| YY_RULE_SETUP
| #line 6 "conftest.l"
| { /* IRIX 6.5 flex 2.5.4 underquotes its yyless argument.  */
|     yyless ((input () != 0)); }
| 	YY_BREAK
| case 6:
| YY_RULE_SETUP
| #line 8 "conftest.l"
| { unput (yytext[0]); }
| 	YY_BREAK
| case 7:
| YY_RULE_SETUP
| #line 9 "conftest.l"
| { BEGIN INITIAL; }
| 	YY_BREAK
| case 8:
| YY_RULE_SETUP
| #line 10 "conftest.l"
| ECHO;
| 	YY_BREAK
| #line 793 "lex.yy.c"
| 			case YY_STATE_EOF(INITIAL):
| 				yyterminate();
| 
| 	case YY_END_OF_BUFFER:
| 		{
| 		/* Amount of text matched not including the EOB char. */
| 		int yy_amount_of_matched_text = (int) (yy_cp - (yytext_ptr)) - 1;
| 
| 		/* Undo the effects of YY_DO_BEFORE_ACTION. */
| 		*yy_cp = (yy_hold_char);
| 		YY_RESTORE_YY_MORE_OFFSET
| 
| 		if ( YY_CURRENT_BUFFER_LVALUE->yy_buffer_status == YY_BUFFER_NEW )
| 			{
| 			/* We're scanning a new file or input source.  It's
| 			 * possible that this happened because the user
| 			 * just pointed yyin at a new source and called
| 			 * yylex().  If so, then we have to assure
| 			 * consistency between YY_CURRENT_BUFFER and our
| 			 * globals.  Here is the right place to do so, because
| 			 * this is the first action (other than possibly a
| 			 * back-up) that will match for the new input source.
| 			 */
| 			(yy_n_chars) = YY_CURRENT_BUFFER_LVALUE->yy_n_chars;
| 			YY_CURRENT_BUFFER_LVALUE->yy_input_file = yyin;
| 			YY_CURRENT_BUFFER_LVALUE->yy_buffer_status = YY_BUFFER_NORMAL;
| 			}
| 
| 		/* Note that here we test for yy_c_buf_p "<=" to the position
| 		 * of the first EOB in the buffer, since yy_c_buf_p will
| 		 * already have been incremented past the NUL character
| 		 * (since all states make transitions on EOB to the
| 		 * end-of-buffer state).  Contrast this with the test
| 		 * in input().
| 		 */
| 		if ( (yy_c_buf_p) <= &YY_CURRENT_BUFFER_LVALUE->yy_ch_buf[(yy_n_chars)] )
| 			{ /* This was really a NUL. */
| 			yy_state_type yy_next_state;
| 
| 			(yy_c_buf_p) = (yytext_ptr) + yy_amount_of_matched_text;
| 
| 			yy_current_state = yy_get_previous_state(  );
| 
| 			/* Okay, we're now positioned to make the NUL
| 			 * transition.  We couldn't have
| 			 * yy_get_previous_state() go ahead and do it
| 			 * for us because it doesn't know how to deal
| 			 * with the possibility of jamming (and we don't
| 			 * want to build jamming into it because then it
| 			 * will run more slowly).
| 			 */
| 
| 			yy_next_state = yy_try_NUL_trans( yy_current_state );
| 
| 			yy_bp = (yytext_ptr) + YY_MORE_ADJ;
| 
| 			if ( yy_next_state )
| 				{
| 				/* Consume the NUL. */
| 				yy_cp = ++(yy_c_buf_p);
| 				yy_current_state = yy_next_state;
| 				goto yy_match;
| 				}
| 
| 			else
| 				{
| 				yy_cp = (yy_c_buf_p);
| 				goto yy_find_action;
| 				}
| 			}
| 
| 		else switch ( yy_get_next_buffer(  ) )
| 			{
| 			case EOB_ACT_END_OF_FILE:
| 				{
| 				(yy_did_buffer_switch_on_eof) = 0;
| 
| 				if ( yywrap(  ) )
| 					{
| 					/* Note: because we've taken care in
| 					 * yy_get_next_buffer() to have set up
| 					 * yytext, we can now set up
| 					 * yy_c_buf_p so that if some total
| 					 * hoser (like flex itself) wants to
| 					 * call the scanner after we return the
| 					 * YY_NULL, it'll still work - another
| 					 * YY_NULL will get returned.
| 					 */
| 					(yy_c_buf_p) = (yytext_ptr) + YY_MORE_ADJ;
| 
| 					yy_act = YY_STATE_EOF(YY_START);
| 					goto do_action;
| 					}
| 
| 				else
| 					{
| 					if ( ! (yy_did_buffer_switch_on_eof) )
| 						YY_NEW_FILE;
| 					}
| 				break;
| 				}
| 
| 			case EOB_ACT_CONTINUE_SCAN:
| 				(yy_c_buf_p) =
| 					(yytext_ptr) + yy_amount_of_matched_text;
| 
| 				yy_current_state = yy_get_previous_state(  );
| 
| 				yy_cp = (yy_c_buf_p);
| 				yy_bp = (yytext_ptr) + YY_MORE_ADJ;
| 				goto yy_match;
| 
| 			case EOB_ACT_LAST_MATCH:
| 				(yy_c_buf_p) =
| 				&YY_CURRENT_BUFFER_LVALUE->yy_ch_buf[(yy_n_chars)];
| 
| 				yy_current_state = yy_get_previous_state(  );
| 
| 				yy_cp = (yy_c_buf_p);
| 				yy_bp = (yytext_ptr) + YY_MORE_ADJ;
| 				goto yy_find_action;
| 			}
| 		break;
| 		}
| 
| 	default:
| 		YY_FATAL_ERROR(
| 			"fatal flex scanner internal error--no action found" );
| 	} /* end of action switch */
| 		} /* end of scanning one token */
| 	} /* end of user's declarations */
| } /* end of yylex */
| 
| /* yy_get_next_buffer - try to read in a new buffer
|  *
|  * Returns a code representing an action:
|  *	EOB_ACT_LAST_MATCH -
|  *	EOB_ACT_CONTINUE_SCAN - continue scanning from current position
|  *	EOB_ACT_END_OF_FILE - end of file
|  */
| static int yy_get_next_buffer (void)
| {
|     	char *dest = YY_CURRENT_BUFFER_LVALUE->yy_ch_buf;
| 	char *source = (yytext_ptr);
| 	int number_to_move, i;
| 	int ret_val;
| 
| 	if ( (yy_c_buf_p) > &YY_CURRENT_BUFFER_LVALUE->yy_ch_buf[(yy_n_chars) + 1] )
| 		YY_FATAL_ERROR(
| 		"fatal flex scanner internal error--end of buffer missed" );
| 
| 	if ( YY_CURRENT_BUFFER_LVALUE->yy_fill_buffer == 0 )
| 		{ /* Don't try to fill the buffer, so this is an EOF. */
| 		if ( (yy_c_buf_p) - (yytext_ptr) - YY_MORE_ADJ == 1 )
| 			{
| 			/* We matched a single character, the EOB, so
| 			 * treat this as a final EOF.
| 			 */
| 			return EOB_ACT_END_OF_FILE;
| 			}
| 
| 		else
| 			{
| 			/* We matched some text prior to the EOB, first
| 			 * process it.
| 			 */
| 			return EOB_ACT_LAST_MATCH;
| 			}
| 		}
| 
| 	/* Try to read more data. */
| 
| 	/* First move last chars to start of buffer. */
| 	number_to_move = (int) ((yy_c_buf_p) - (yytext_ptr) - 1);
| 
| 	for ( i = 0; i < number_to_move; ++i )
| 		*(dest++) = *(source++);
| 
| 	if ( YY_CURRENT_BUFFER_LVALUE->yy_buffer_status == YY_BUFFER_EOF_PENDING )
| 		/* don't do the read, it's not guaranteed to return an EOF,
| 		 * just force an EOF
| 		 */
| 		YY_CURRENT_BUFFER_LVALUE->yy_n_chars = (yy_n_chars) = 0;
| 
| 	else
| 		{
| 			int num_to_read =
| 			YY_CURRENT_BUFFER_LVALUE->yy_buf_size - number_to_move - 1;
| 
| 		while ( num_to_read <= 0 )
| 			{ /* Not enough room in the buffer - grow it. */
| 
| 			YY_FATAL_ERROR(
| "input buffer overflow, can't enlarge buffer because scanner uses REJECT" );
| 
| 			}
| 
| 		if ( num_to_read > YY_READ_BUF_SIZE )
| 			num_to_read = YY_READ_BUF_SIZE;
| 
| 		/* Read in more data. */
| 		YY_INPUT( (&YY_CURRENT_BUFFER_LVALUE->yy_ch_buf[number_to_move]),
| 			(yy_n_chars), num_to_read );
| 
| 		YY_CURRENT_BUFFER_LVALUE->yy_n_chars = (yy_n_chars);
| 		}
| 
| 	if ( (yy_n_chars) == 0 )
| 		{
| 		if ( number_to_move == YY_MORE_ADJ )
| 			{
| 			ret_val = EOB_ACT_END_OF_FILE;
| 			yyrestart( yyin  );
| 			}
| 
| 		else
| 			{
| 			ret_val = EOB_ACT_LAST_MATCH;
| 			YY_CURRENT_BUFFER_LVALUE->yy_buffer_status =
| 				YY_BUFFER_EOF_PENDING;
| 			}
| 		}
| 
| 	else
| 		ret_val = EOB_ACT_CONTINUE_SCAN;
| 
| 	if (((yy_n_chars) + number_to_move) > YY_CURRENT_BUFFER_LVALUE->yy_buf_size) {
| 		/* Extend the array by 50%, plus the number we really need. */
| 		int new_size = (yy_n_chars) + number_to_move + ((yy_n_chars) >> 1);
| 		YY_CURRENT_BUFFER_LVALUE->yy_ch_buf = (char *) yyrealloc(
| 			(void *) YY_CURRENT_BUFFER_LVALUE->yy_ch_buf, (yy_size_t) new_size  );
| 		if ( ! YY_CURRENT_BUFFER_LVALUE->yy_ch_buf )
| 			YY_FATAL_ERROR( "out of dynamic memory in yy_get_next_buffer()" );
| 		/* "- 2" to take care of EOB's */
| 		YY_CURRENT_BUFFER_LVALUE->yy_buf_size = (int) (new_size - 2);
| 	}
| 
| 	(yy_n_chars) += number_to_move;
| 	YY_CURRENT_BUFFER_LVALUE->yy_ch_buf[(yy_n_chars)] = YY_END_OF_BUFFER_CHAR;
| 	YY_CURRENT_BUFFER_LVALUE->yy_ch_buf[(yy_n_chars) + 1] = YY_END_OF_BUFFER_CHAR;
| 
| 	(yytext_ptr) = &YY_CURRENT_BUFFER_LVALUE->yy_ch_buf[0];
| 
| 	return ret_val;
| }
| 
| /* yy_get_previous_state - get the state just before the EOB char was reached */
| 
|     static yy_state_type yy_get_previous_state (void)
| {
| 	yy_state_type yy_current_state;
| 	char *yy_cp;
|     
| 	yy_current_state = (yy_start);
| 
| 	(yy_state_ptr) = (yy_state_buf);
| 	*(yy_state_ptr)++ = yy_current_state;
| 
| 	for ( yy_cp = (yytext_ptr) + YY_MORE_ADJ; yy_cp < (yy_c_buf_p); ++yy_cp )
| 		{
| 		YY_CHAR yy_c = (*yy_cp ? yy_ec[YY_SC_TO_UI(*yy_cp)] : 1);
| 		while ( yy_chk[yy_base[yy_current_state] + yy_c] != yy_current_state )
| 			{
| 			yy_current_state = (int) yy_def[yy_current_state];
| 			if ( yy_current_state >= 13 )
| 				yy_c = yy_meta[yy_c];
| 			}
| 		yy_current_state = yy_nxt[yy_base[yy_current_state] + yy_c];
| 		*(yy_state_ptr)++ = yy_current_state;
| 		}
| 
| 	return yy_current_state;
| }
| 
| /* yy_try_NUL_trans - try to make a transition on the NUL character
|  *
|  * synopsis
|  *	next_state = yy_try_NUL_trans( current_state );
|  */
|     static yy_state_type yy_try_NUL_trans  (yy_state_type yy_current_state )
| {
| 	int yy_is_jam;
|     
| 	YY_CHAR yy_c = 1;
| 	while ( yy_chk[yy_base[yy_current_state] + yy_c] != yy_current_state )
| 		{
| 		yy_current_state = (int) yy_def[yy_current_state];
| 		if ( yy_current_state >= 13 )
| 			yy_c = yy_meta[yy_c];
| 		}
| 	yy_current_state = yy_nxt[yy_base[yy_current_state] + yy_c];
| 	yy_is_jam = (yy_current_state == 12);
| 	if ( ! yy_is_jam )
| 		*(yy_state_ptr)++ = yy_current_state;
| 
| 		return yy_is_jam ? 0 : yy_current_state;
| }
| 
| #ifndef YY_NO_UNPUT
| 
|     static void yyunput (int c, char * yy_bp )
| {
| 	char *yy_cp;
|     
|     yy_cp = (yy_c_buf_p);
| 
| 	/* undo effects of setting up yytext */
| 	*yy_cp = (yy_hold_char);
| 
| 	if ( yy_cp < YY_CURRENT_BUFFER_LVALUE->yy_ch_buf + 2 )
| 		{ /* need to shift things up to make room */
| 		/* +2 for EOB chars. */
| 		int number_to_move = (yy_n_chars) + 2;
| 		char *dest = &YY_CURRENT_BUFFER_LVALUE->yy_ch_buf[
| 					YY_CURRENT_BUFFER_LVALUE->yy_buf_size + 2];
| 		char *source =
| 				&YY_CURRENT_BUFFER_LVALUE->yy_ch_buf[number_to_move];
| 
| 		while ( source > YY_CURRENT_BUFFER_LVALUE->yy_ch_buf )
| 			*--dest = *--source;
| 
| 		yy_cp += (int) (dest - source);
| 		yy_bp += (int) (dest - source);
| 		YY_CURRENT_BUFFER_LVALUE->yy_n_chars =
| 			(yy_n_chars) = (int) YY_CURRENT_BUFFER_LVALUE->yy_buf_size;
| 
| 		if ( yy_cp < YY_CURRENT_BUFFER_LVALUE->yy_ch_buf + 2 )
| 			YY_FATAL_ERROR( "flex scanner push-back overflow" );
| 		}
| 
| 	*--yy_cp = (char) c;
| 
| 	(yytext_ptr) = yy_bp;
| 	(yy_hold_char) = *yy_cp;
| 	(yy_c_buf_p) = yy_cp;
| }
| 
| #endif
| 
| #ifndef YY_NO_INPUT
| #ifdef __cplusplus
|     static int yyinput (void)
| #else
|     static int input  (void)
| #endif
| 
| {
| 	int c;
|     
| 	*(yy_c_buf_p) = (yy_hold_char);
| 
| 	if ( *(yy_c_buf_p) == YY_END_OF_BUFFER_CHAR )
| 		{
| 		/* yy_c_buf_p now points to the character we want to return.
| 		 * If this occurs *before* the EOB characters, then it's a
| 		 * valid NUL; if not, then we've hit the end of the buffer.
| 		 */
| 		if ( (yy_c_buf_p) < &YY_CURRENT_BUFFER_LVALUE->yy_ch_buf[(yy_n_chars)] )
| 			/* This was really a NUL. */
| 			*(yy_c_buf_p) = '\0';
| 
| 		else
| 			{ /* need more input */
| 			int offset = (int) ((yy_c_buf_p) - (yytext_ptr));
| 			++(yy_c_buf_p);
| 
| 			switch ( yy_get_next_buffer(  ) )
| 				{
| 				case EOB_ACT_LAST_MATCH:
| 					/* This happens because yy_g_n_b()
| 					 * sees that we've accumulated a
| 					 * token and flags that we need to
| 					 * try matching the token before
| 					 * proceeding.  But for input(),
| 					 * there's no matching to consider.
| 					 * So convert the EOB_ACT_LAST_MATCH
| 					 * to EOB_ACT_END_OF_FILE.
| 					 */
| 
| 					/* Reset buffer status. */
| 					yyrestart( yyin );
| 
| 					/*FALLTHROUGH*/
| 
| 				case EOB_ACT_END_OF_FILE:
| 					{
| 					if ( yywrap(  ) )
| 						return 0;
| 
| 					if ( ! (yy_did_buffer_switch_on_eof) )
| 						YY_NEW_FILE;
| #ifdef __cplusplus
| 					return yyinput();
| #else
| 					return input();
| #endif
| 					}
| 
| 				case EOB_ACT_CONTINUE_SCAN:
| 					(yy_c_buf_p) = (yytext_ptr) + offset;
| 					break;
| 				}
| 			}
| 		}
| 
| 	c = *(unsigned char *) (yy_c_buf_p);	/* cast for 8-bit char's */
| 	*(yy_c_buf_p) = '\0';	/* preserve yytext */
| 	(yy_hold_char) = *++(yy_c_buf_p);
| 
| 	return c;
| }
| #endif	/* ifndef YY_NO_INPUT */
| 
| /** Immediately switch to a different input stream.
|  * @param input_file A readable stream.
|  * 
|  * @note This function does not reset the start condition to @c INITIAL .
|  */
|     void yyrestart  (FILE * input_file )
| {
|     
| 	if ( ! YY_CURRENT_BUFFER ){
|         yyensure_buffer_stack ();
| 		YY_CURRENT_BUFFER_LVALUE =
|             yy_create_buffer( yyin, YY_BUF_SIZE );
| 	}
| 
| 	yy_init_buffer( YY_CURRENT_BUFFER, input_file );
| 	yy_load_buffer_state(  );
| }
| 
| /** Switch to a different input buffer.
|  * @param new_buffer The new input buffer.
|  * 
|  */
|     void yy_switch_to_buffer  (YY_BUFFER_STATE  new_buffer )
| {
|     
| 	/* TODO. We should be able to replace this entire function body
| 	 * with
| 	 *		yypop_buffer_state();
| 	 *		yypush_buffer_state(new_buffer);
|      */
| 	yyensure_buffer_stack ();
| 	if ( YY_CURRENT_BUFFER == new_buffer )
| 		return;
| 
| 	if ( YY_CURRENT_BUFFER )
| 		{
| 		/* Flush out information for old buffer. */
| 		*(yy_c_buf_p) = (yy_hold_char);
| 		YY_CURRENT_BUFFER_LVALUE->yy_buf_pos = (yy_c_buf_p);
| 		YY_CURRENT_BUFFER_LVALUE->yy_n_chars = (yy_n_chars);
| 		}
| 
| 	YY_CURRENT_BUFFER_LVALUE = new_buffer;
| 	yy_load_buffer_state(  );
| 
| 	/* We don't actually know whether we did this switch during
| 	 * EOF (yywrap()) processing, but the only time this flag
| 	 * is looked at is after yywrap() is called, so it's safe
| 	 * to go ahead and always set it.
| 	 */
| 	(yy_did_buffer_switch_on_eof) = 1;
| }
| 
| static void yy_load_buffer_state  (void)
| {
|     	(yy_n_chars) = YY_CURRENT_BUFFER_LVALUE->yy_n_chars;
| 	(yytext_ptr) = (yy_c_buf_p) = YY_CURRENT_BUFFER_LVALUE->yy_buf_pos;
| 	yyin = YY_CURRENT_BUFFER_LVALUE->yy_input_file;
| 	(yy_hold_char) = *(yy_c_buf_p);
| }
| 
| /** Allocate and initialize an input buffer state.
|  * @param file A readable stream.
|  * @param size The character buffer size in bytes. When in doubt, use @c YY_BUF_SIZE.
|  * 
|  * @return the allocated buffer state.
|  */
|     YY_BUFFER_STATE yy_create_buffer  (FILE * file, int  size )
| {
| 	YY_BUFFER_STATE b;
|     
| 	b = (YY_BUFFER_STATE) yyalloc( sizeof( struct yy_buffer_state )  );
| 	if ( ! b )
| 		YY_FATAL_ERROR( "out of dynamic memory in yy_create_buffer()" );
| 
| 	b->yy_buf_size = size;
| 
| 	/* yy_ch_buf has to be 2 characters longer than the size given because
| 	 * we need to put in 2 end-of-buffer characters.
| 	 */
| 	b->yy_ch_buf = (char *) yyalloc( (yy_size_t) (b->yy_buf_size + 2)  );
| 	if ( ! b->yy_ch_buf )
| 		YY_FATAL_ERROR( "out of dynamic memory in yy_create_buffer()" );
| 
| 	b->yy_is_our_buffer = 1;
| 
| 	yy_init_buffer( b, file );
| 
| 	return b;
| }
| 
| /** Destroy the buffer.
|  * @param b a buffer created with yy_create_buffer()
|  * 
|  */
|     void yy_delete_buffer (YY_BUFFER_STATE  b )
| {
|     
| 	if ( ! b )
| 		return;
| 
| 	if ( b == YY_CURRENT_BUFFER ) /* Not sure if we should pop here. */
| 		YY_CURRENT_BUFFER_LVALUE = (YY_BUFFER_STATE) 0;
| 
| 	if ( b->yy_is_our_buffer )
| 		yyfree( (void *) b->yy_ch_buf  );
| 
| 	yyfree( (void *) b  );
| }
| 
| /* Initializes or reinitializes a buffer.
|  * This function is sometimes called more than once on the same buffer,
|  * such as during a yyrestart() or at EOF.
|  */
|     static void yy_init_buffer  (YY_BUFFER_STATE  b, FILE * file )
| 
| {
| 	int oerrno = errno;
|     
| 	yy_flush_buffer( b );
| 
| 	b->yy_input_file = file;
| 	b->yy_fill_buffer = 1;
| 
|     /* If b is the current buffer, then yy_init_buffer was _probably_
|      * called from yyrestart() or through yy_get_next_buffer.
|      * In that case, we don't want to reset the lineno or column.
|      */
|     if (b != YY_CURRENT_BUFFER){
|         b->yy_bs_lineno = 1;
|         b->yy_bs_column = 0;
|     }
| 
|         b->yy_is_interactive = file ? (isatty( fileno(file) ) > 0) : 0;
|     
| 	errno = oerrno;
| }
| 
| /** Discard all buffered characters. On the next scan, YY_INPUT will be called.
|  * @param b the buffer state to be flushed, usually @c YY_CURRENT_BUFFER.
|  * 
|  */
|     void yy_flush_buffer (YY_BUFFER_STATE  b )
| {
|     	if ( ! b )
| 		return;
| 
| 	b->yy_n_chars = 0;
| 
| 	/* We always need two end-of-buffer characters.  The first causes
| 	 * a transition to the end-of-buffer state.  The second causes
| 	 * a jam in that state.
| 	 */
| 	b->yy_ch_buf[0] = YY_END_OF_BUFFER_CHAR;
| 	b->yy_ch_buf[1] = YY_END_OF_BUFFER_CHAR;
| 
| 	b->yy_buf_pos = &b->yy_ch_buf[0];
| 
| 	b->yy_at_bol = 1;
| 	b->yy_buffer_status = YY_BUFFER_NEW;
| 
| 	if ( b == YY_CURRENT_BUFFER )
| 		yy_load_buffer_state(  );
| }
| 
| /** Pushes the new state onto the stack. The new state becomes
|  *  the current state. This function will allocate the stack
|  *  if necessary.
|  *  @param new_buffer The new state.
|  *  
|  */
| void yypush_buffer_state (YY_BUFFER_STATE new_buffer )
| {
|     	if (new_buffer == NULL)
| 		return;
| 
| 	yyensure_buffer_stack();
| 
| 	/* This block is copied from yy_switch_to_buffer. */
| 	if ( YY_CURRENT_BUFFER )
| 		{
| 		/* Flush out information for old buffer. */
| 		*(yy_c_buf_p) = (yy_hold_char);
| 		YY_CURRENT_BUFFER_LVALUE->yy_buf_pos = (yy_c_buf_p);
| 		YY_CURRENT_BUFFER_LVALUE->yy_n_chars = (yy_n_chars);
| 		}
| 
| 	/* Only push if top exists. Otherwise, replace top. */
| 	if (YY_CURRENT_BUFFER)
| 		(yy_buffer_stack_top)++;
| 	YY_CURRENT_BUFFER_LVALUE = new_buffer;
| 
| 	/* copied from yy_switch_to_buffer. */
| 	yy_load_buffer_state(  );
| 	(yy_did_buffer_switch_on_eof) = 1;
| }
| 
| /** Removes and deletes the top of the stack, if present.
|  *  The next element becomes the new top.
|  *  
|  */
| void yypop_buffer_state (void)
| {
|     	if (!YY_CURRENT_BUFFER)
| 		return;
| 
| 	yy_delete_buffer(YY_CURRENT_BUFFER );
| 	YY_CURRENT_BUFFER_LVALUE = NULL;
| 	if ((yy_buffer_stack_top) > 0)
| 		--(yy_buffer_stack_top);
| 
| 	if (YY_CURRENT_BUFFER) {
| 		yy_load_buffer_state(  );
| 		(yy_did_buffer_switch_on_eof) = 1;
| 	}
| }
| 
| /* Allocates the stack if it does not exist.
|  *  Guarantees space for at least one push.
|  */
| static void yyensure_buffer_stack (void)
| {
| 	yy_size_t num_to_alloc;
|     
| 	if (!(yy_buffer_stack)) {
| 
| 		/* First allocation is just for 2 elements, since we don't know if this
| 		 * scanner will even need a stack. We use 2 instead of 1 to avoid an
| 		 * immediate realloc on the next call.
|          */
|       num_to_alloc = 1; /* After all that talk, this was set to 1 anyways... */
| 		(yy_buffer_stack) = (struct yy_buffer_state**)yyalloc
| 								(num_to_alloc * sizeof(struct yy_buffer_state*)
| 								);
| 		if ( ! (yy_buffer_stack) )
| 			YY_FATAL_ERROR( "out of dynamic memory in yyensure_buffer_stack()" );
| 
| 		memset((yy_buffer_stack), 0, num_to_alloc * sizeof(struct yy_buffer_state*));
| 
| 		(yy_buffer_stack_max) = num_to_alloc;
| 		(yy_buffer_stack_top) = 0;
| 		return;
| 	}
| 
| 	if ((yy_buffer_stack_top) >= ((yy_buffer_stack_max)) - 1){
| 
| 		/* Increase the buffer to prepare for a possible push. */
| 		yy_size_t grow_size = 8 /* arbitrary grow size */;
| 
| 		num_to_alloc = (yy_buffer_stack_max) + grow_size;
| 		(yy_buffer_stack) = (struct yy_buffer_state**)yyrealloc
| 								((yy_buffer_stack),
| 								num_to_alloc * sizeof(struct yy_buffer_state*)
| 								);
| 		if ( ! (yy_buffer_stack) )
| 			YY_FATAL_ERROR( "out of dynamic memory in yyensure_buffer_stack()" );
| 
| 		/* zero only the new slots.*/
| 		memset((yy_buffer_stack) + (yy_buffer_stack_max), 0, grow_size * sizeof(struct yy_buffer_state*));
| 		(yy_buffer_stack_max) = num_to_alloc;
| 	}
| }
| 
| /** Setup the input buffer state to scan directly from a user-specified character buffer.
|  * @param base the character buffer
|  * @param size the size in bytes of the character buffer
|  * 
|  * @return the newly allocated buffer state object.
|  */
| YY_BUFFER_STATE yy_scan_buffer  (char * base, yy_size_t  size )
| {
| 	YY_BUFFER_STATE b;
|     
| 	if ( size < 2 ||
| 	     base[size-2] != YY_END_OF_BUFFER_CHAR ||
| 	     base[size-1] != YY_END_OF_BUFFER_CHAR )
| 		/* They forgot to leave room for the EOB's. */
| 		return NULL;
| 
| 	b = (YY_BUFFER_STATE) yyalloc( sizeof( struct yy_buffer_state )  );
| 	if ( ! b )
| 		YY_FATAL_ERROR( "out of dynamic memory in yy_scan_buffer()" );
| 
| 	b->yy_buf_size = (int) (size - 2);	/* "- 2" to take care of EOB's */
| 	b->yy_buf_pos = b->yy_ch_buf = base;
| 	b->yy_is_our_buffer = 0;
| 	b->yy_input_file = NULL;
| 	b->yy_n_chars = b->yy_buf_size;
| 	b->yy_is_interactive = 0;
| 	b->yy_at_bol = 1;
| 	b->yy_fill_buffer = 0;
| 	b->yy_buffer_status = YY_BUFFER_NEW;
| 
| 	yy_switch_to_buffer( b  );
| 
| 	return b;
| }
| 
| /** Setup the input buffer state to scan a string. The next call to yylex() will
|  * scan from a @e copy of @a str.
|  * @param yystr a NUL-terminated string to scan
|  * 
|  * @return the newly allocated buffer state object.
|  * @note If you want to scan bytes that may contain NUL values, then use
|  *       yy_scan_bytes() instead.
|  */
| YY_BUFFER_STATE yy_scan_string (const char * yystr )
| {
|     
| 	return yy_scan_bytes( yystr, (int) strlen(yystr) );
| }
| 
| /** Setup the input buffer state to scan the given bytes. The next call to yylex() will
|  * scan from a @e copy of @a bytes.
|  * @param yybytes the byte buffer to scan
|  * @param _yybytes_len the number of bytes in the buffer pointed to by @a bytes.
|  * 
|  * @return the newly allocated buffer state object.
|  */
| YY_BUFFER_STATE yy_scan_bytes  (const char * yybytes, int  _yybytes_len )
| {
| 	YY_BUFFER_STATE b;
| 	char *buf;
| 	yy_size_t n;
| 	int i;
|     
| 	/* Get memory for full buffer, including space for trailing EOB's. */
| 	n = (yy_size_t) (_yybytes_len + 2);
| 	buf = (char *) yyalloc( n  );
| 	if ( ! buf )
| 		YY_FATAL_ERROR( "out of dynamic memory in yy_scan_bytes()" );
| 
| 	for ( i = 0; i < _yybytes_len; ++i )
| 		buf[i] = yybytes[i];
| 
| 	buf[_yybytes_len] = buf[_yybytes_len+1] = YY_END_OF_BUFFER_CHAR;
| 
| 	b = yy_scan_buffer( buf, n );
| 	if ( ! b )
| 		YY_FATAL_ERROR( "bad buffer in yy_scan_bytes()" );
| 
| 	/* It's okay to grow etc. this buffer, and we should throw it
| 	 * away when we're done.
| 	 */
| 	b->yy_is_our_buffer = 1;
| 
| 	return b;
| }
| 
| #ifndef YY_EXIT_FAILURE
| #define YY_EXIT_FAILURE 2
| #endif
| 
| static void yynoreturn yy_fatal_error (const char* msg )
| {
| 			fprintf( stderr, "%s\n", msg );
| 	exit( YY_EXIT_FAILURE );
| }
| 
| /* Redefine yyless() so it works in section 3 code. */
| 
| #undef yyless
| #define yyless(n) \
| 	do \
| 		{ \
| 		/* Undo effects of setting up yytext. */ \
|         int yyless_macro_arg = (n); \
|         YY_LESS_LINENO(yyless_macro_arg);\
| 		yytext[yyleng] = (yy_hold_char); \
| 		(yy_c_buf_p) = yytext + yyless_macro_arg; \
| 		(yy_hold_char) = *(yy_c_buf_p); \
| 		*(yy_c_buf_p) = '\0'; \
| 		yyleng = yyless_macro_arg; \
| 		} \
| 	while ( 0 )
| 
| /* Accessor  methods (get/set functions) to struct members. */
| 
| /** Get the current line number.
|  * 
|  */
| int yyget_lineno  (void)
| {
|     
|     return yylineno;
| }
| 
| /** Get the input stream.
|  * 
|  */
| FILE *yyget_in  (void)
| {
|         return yyin;
| }
| 
| /** Get the output stream.
|  * 
|  */
| FILE *yyget_out  (void)
| {
|         return yyout;
| }
| 
| /** Get the length of the current token.
|  * 
|  */
| int yyget_leng  (void)
| {
|         return yyleng;
| }
| 
| /** Get the current token.
|  * 
|  */
| 
| char *yyget_text  (void)
| {
|         return yytext;
| }
| 
| /** Set the current line number.
|  * @param _line_number line number
|  * 
|  */
| void yyset_lineno (int  _line_number )
| {
|     
|     yylineno = _line_number;
| }
| 
| /** Set the input stream. This does not discard the current
|  * input buffer.
|  * @param _in_str A readable stream.
|  * 
|  * @see yy_switch_to_buffer
|  */
| void yyset_in (FILE *  _in_str )
| {
|         yyin = _in_str ;
| }
| 
| void yyset_out (FILE *  _out_str )
| {
|         yyout = _out_str ;
| }
| 
| int yyget_debug  (void)
| {
|         return yy_flex_debug;
| }
| 
| void yyset_debug (int  _bdebug )
| {
|         yy_flex_debug = _bdebug ;
| }
| 
| static int yy_init_globals (void)
| {
|         /* Initialization is the same as for the non-reentrant scanner.
|      * This function is called from yylex_destroy(), so don't allocate here.
|      */
| 
|     (yy_buffer_stack) = NULL;
|     (yy_buffer_stack_top) = 0;
|     (yy_buffer_stack_max) = 0;
|     (yy_c_buf_p) = NULL;
|     (yy_init) = 0;
|     (yy_start) = 0;
| 
|     (yy_state_buf) = 0;
|     (yy_state_ptr) = 0;
|     (yy_full_match) = 0;
|     (yy_lp) = 0;
| 
| /* Defined in main.c */
| #ifdef YY_STDINIT
|     yyin = stdin;
|     yyout = stdout;
| #else
|     yyin = NULL;
|     yyout = NULL;
| #endif
| 
|     /* For future reference: Set errno on error, since we are called by
|      * yylex_init()
|      */
|     return 0;
| }
| 
| /* yylex_destroy is for both reentrant and non-reentrant scanners. */
| int yylex_destroy  (void)
| {
|     
|     /* Pop the buffer stack, destroying each element. */
| 	while(YY_CURRENT_BUFFER){
| 		yy_delete_buffer( YY_CURRENT_BUFFER  );
| 		YY_CURRENT_BUFFER_LVALUE = NULL;
| 		yypop_buffer_state();
| 	}
| 
| 	/* Destroy the stack itself. */
| 	yyfree((yy_buffer_stack) );
| 	(yy_buffer_stack) = NULL;
| 
|     yyfree ( (yy_state_buf) );
|     (yy_state_buf)  = NULL;
| 
|     /* Reset the globals. This is important in a non-reentrant scanner so the next time
|      * yylex() is called, initialization will occur. */
|     yy_init_globals( );
| 
|     return 0;
| }
| 
| /*
|  * Internal utility routines.
|  */
| 
| #ifndef yytext_ptr
| static void yy_flex_strncpy (char* s1, const char * s2, int n )
| {
| 		
| 	int i;
| 	for ( i = 0; i < n; ++i )
| 		s1[i] = s2[i];
| }
| #endif
| 
| #ifdef YY_NEED_STRLEN
| static int yy_flex_strlen (const char * s )
| {
| 	int n;
| 	for ( n = 0; s[n]; ++n )
| 		;
| 
| 	return n;
| }
| #endif
| 
| void *yyalloc (yy_size_t  size )
| {
| 			return malloc(size);
| }
| 
| void *yyrealloc  (void * ptr, yy_size_t  size )
| {
| 		
| 	/* The cast to (char *) in the following accommodates both
| 	 * implementations that use char* generic pointers, and those
| 	 * that use void* generic pointers.  It works with the latter
| 	 * because both ANSI C and C++ allow castless assignment from
| 	 * any pointer type to void*, and deal with argument conversions
| 	 * as though doing an assignment.
| 	 */
| 	return realloc(ptr, size);
| }
| 
| void yyfree (void * ptr )
| {
| 			free( (char *) ptr );	/* see yyrealloc() for (char *) cast */
| }
| 
| #define YYTABLES_NAME "yytables"
| 
| #line 10 "conftest.l"
| 
| #ifdef YYTEXT_POINTER
| extern char *yytext;
| #endif
| int
| main (void)
| {
|   return ! yylex () + ! yywrap ();
| }
configure:5564: gcc -o conftest.exe -g -O2   conftest.c -lfl -liconv -lssl -lcrypto >&5
C:/msys64/mingw64/bin/../lib/gcc/x86_64-w64-mingw32/16.1.0/../../../../x86_64-w64-mingw32/bin/ld.exe: cannot find -lfl: No such file or directory
collect2.exe: error: ld returned 1 exit status
configure:5564: $? = 1
configure: failed program was:
| /* confdefs.h */
| #define PACKAGE_NAME ""
| #define PACKAGE_TARNAME ""
| #define PACKAGE_VERSION ""
| #define PACKAGE_STRING ""
| #define PACKAGE_BUGREPORT ""
| #define PACKAGE_URL ""
| #define DEVEL_VERSION 1
| /* end confdefs.h.  */
| 
| #line 2 "lex.yy.c"
| 
| #define  YY_INT_ALIGNED short int
| 
| /* A lexical scanner generated by flex */
| 
| #define FLEX_SCANNER
| #define YY_FLEX_MAJOR_VERSION 2
| #define YY_FLEX_MINOR_VERSION 6
| #define YY_FLEX_SUBMINOR_VERSION 4
| #if YY_FLEX_SUBMINOR_VERSION > 0
| #define FLEX_BETA
| #endif
| 
| /* First, we deal with  platform-specific or compiler-specific issues. */
| 
| /* begin standard C headers. */
| #include <stdio.h>
| #include <string.h>
| #include <errno.h>
| #include <stdlib.h>
| 
| /* end standard C headers. */
| 
| /* flex integer type definitions */
| 
| #ifndef FLEXINT_H
| #define FLEXINT_H
| 
| /* C99 systems have <inttypes.h>. Non-C99 systems may or may not. */
| 
| #if defined (__STDC_VERSION__) && __STDC_VERSION__ >= 199901L
| 
| /* C99 says to define __STDC_LIMIT_MACROS before including stdint.h,
|  * if you want the limit (max/min) macros for int types. 
|  */
| #ifndef __STDC_LIMIT_MACROS
| #define __STDC_LIMIT_MACROS 1
| #endif
| 
| #include <inttypes.h>
| typedef int8_t flex_int8_t;
| typedef uint8_t flex_uint8_t;
| typedef int16_t flex_int16_t;
| typedef uint16_t flex_uint16_t;
| typedef int32_t flex_int32_t;
| typedef uint32_t flex_uint32_t;
| #else
| typedef signed char flex_int8_t;
| typedef short int flex_int16_t;
| typedef int flex_int32_t;
| typedef unsigned char flex_uint8_t; 
| typedef unsigned short int flex_uint16_t;
| typedef unsigned int flex_uint32_t;
| 
| /* Limits of integral types. */
| #ifndef INT8_MIN
| #define INT8_MIN               (-128)
| #endif
| #ifndef INT16_MIN
| #define INT16_MIN              (-32767-1)
| #endif
| #ifndef INT32_MIN
| #define INT32_MIN              (-2147483647-1)
| #endif
| #ifndef INT8_MAX
| #define INT8_MAX               (127)
| #endif
| #ifndef INT16_MAX
| #define INT16_MAX              (32767)
| #endif
| #ifndef INT32_MAX
| #define INT32_MAX              (2147483647)
| #endif
| #ifndef UINT8_MAX
| #define UINT8_MAX              (255U)
| #endif
| #ifndef UINT16_MAX
| #define UINT16_MAX             (65535U)
| #endif
| #ifndef UINT32_MAX
| #define UINT32_MAX             (4294967295U)
| #endif
| 
| #ifndef SIZE_MAX
| #define SIZE_MAX               (~(size_t)0)
| #endif
| 
| #endif /* ! C99 */
| 
| #endif /* ! FLEXINT_H */
| 
| /* begin standard C++ headers. */
| 
| /* TODO: this is always defined, so inline it */
| #define yyconst const
| 
| #if defined(__GNUC__) && __GNUC__ >= 3
| #define yynoreturn __attribute__((__noreturn__))
| #else
| #define yynoreturn
| #endif
| 
| /* Returned upon end-of-file. */
| #define YY_NULL 0
| 
| /* Promotes a possibly negative, possibly signed char to an
|  *   integer in range [0..255] for use as an array index.
|  */
| #define YY_SC_TO_UI(c) ((YY_CHAR) (c))
| 
| /* Enter a start condition.  This macro really ought to take a parameter,
|  * but we do it the disgusting crufty way forced on us by the ()-less
|  * definition of BEGIN.
|  */
| #define BEGIN (yy_start) = 1 + 2 *
| /* Translate the current start state into a value that can be later handed
|  * to BEGIN to return to the state.  The YYSTATE alias is for lex
|  * compatibility.
|  */
| #define YY_START (((yy_start) - 1) / 2)
| #define YYSTATE YY_START
| /* Action number for EOF rule of a given start state. */
| #define YY_STATE_EOF(state) (YY_END_OF_BUFFER + state + 1)
| /* Special action meaning "start processing a new file". */
| #define YY_NEW_FILE yyrestart( yyin  )
| #define YY_END_OF_BUFFER_CHAR 0
| 
| /* Size of default input buffer. */
| #ifndef YY_BUF_SIZE
| #ifdef __ia64__
| /* On IA-64, the buffer size is 16k, not 8k.
|  * Moreover, YY_BUF_SIZE is 2*YY_READ_BUF_SIZE in the general case.
|  * Ditto for the __ia64__ case accordingly.
|  */
| #define YY_BUF_SIZE 32768
| #else
| #define YY_BUF_SIZE 16384
| #endif /* __ia64__ */
| #endif
| 
| /* The state buf must be large enough to hold one state per character in the main buffer.
|  */
| #define YY_STATE_BUF_SIZE   ((YY_BUF_SIZE + 2) * sizeof(yy_state_type))
| 
| #ifndef YY_TYPEDEF_YY_BUFFER_STATE
| #define YY_TYPEDEF_YY_BUFFER_STATE
| typedef struct yy_buffer_state *YY_BUFFER_STATE;
| #endif
| 
| #ifndef YY_TYPEDEF_YY_SIZE_T
| #define YY_TYPEDEF_YY_SIZE_T
| typedef size_t yy_size_t;
| #endif
| 
| extern int yyleng;
| 
| extern FILE *yyin, *yyout;
| 
| #define EOB_ACT_CONTINUE_SCAN 0
| #define EOB_ACT_END_OF_FILE 1
| #define EOB_ACT_LAST_MATCH 2
|     
|     #define YY_LESS_LINENO(n)
|     #define YY_LINENO_REWIND_TO(ptr)
|     
| /* Return all but the first "n" matched characters back to the input stream. */
| #define yyless(n) \
| 	do \
| 		{ \
| 		/* Undo effects of setting up yytext. */ \
|         int yyless_macro_arg = (n); \
|         YY_LESS_LINENO(yyless_macro_arg);\
| 		*yy_cp = (yy_hold_char); \
| 		YY_RESTORE_YY_MORE_OFFSET \
| 		(yy_c_buf_p) = yy_cp = yy_bp + yyless_macro_arg - YY_MORE_ADJ; \
| 		YY_DO_BEFORE_ACTION; /* set up yytext again */ \
| 		} \
| 	while ( 0 )
| #define unput(c) yyunput( c, (yytext_ptr)  )
| 
| #ifndef YY_STRUCT_YY_BUFFER_STATE
| #define YY_STRUCT_YY_BUFFER_STATE
| struct yy_buffer_state
| 	{
| 	FILE *yy_input_file;
| 
| 	char *yy_ch_buf;		/* input buffer */
| 	char *yy_buf_pos;		/* current position in input buffer */
| 
| 	/* Size of input buffer in bytes, not including room for EOB
| 	 * characters.
| 	 */
| 	int yy_buf_size;
| 
| 	/* Number of characters read into yy_ch_buf, not including EOB
| 	 * characters.
| 	 */
| 	int yy_n_chars;
| 
| 	/* Whether we "own" the buffer - i.e., we know we created it,
| 	 * and can realloc() it to grow it, and should free() it to
| 	 * delete it.
| 	 */
| 	int yy_is_our_buffer;
| 
| 	/* Whether this is an "interactive" input source; if so, and
| 	 * if we're using stdio for input, then we want to use getc()
| 	 * instead of fread(), to make sure we stop fetching input after
| 	 * each newline.
| 	 */
| 	int yy_is_interactive;
| 
| 	/* Whether we're considered to be at the beginning of a line.
| 	 * If so, '^' rules will be active on the next match, otherwise
| 	 * not.
| 	 */
| 	int yy_at_bol;
| 
|     int yy_bs_lineno; /**< The line count. */
|     int yy_bs_column; /**< The column count. */
| 
| 	/* Whether to try to fill the input buffer when we reach the
| 	 * end of it.
| 	 */
| 	int yy_fill_buffer;
| 
| 	int yy_buffer_status;
| 
| #define YY_BUFFER_NEW 0
| #define YY_BUFFER_NORMAL 1
| 	/* When an EOF's been seen but there's still some text to process
| 	 * then we mark the buffer as YY_EOF_PENDING, to indicate that we
| 	 * shouldn't try reading from the input source any more.  We might
| 	 * still have a bunch of tokens to match, though, because of
| 	 * possible backing-up.
| 	 *
| 	 * When we actually see the EOF, we change the status to "new"
| 	 * (via yyrestart()), so that the user can continue scanning by
| 	 * just pointing yyin at a new input file.
| 	 */
| #define YY_BUFFER_EOF_PENDING 2
| 
| 	};
| #endif /* !YY_STRUCT_YY_BUFFER_STATE */
| 
| /* Stack of input buffers. */
| static size_t yy_buffer_stack_top = 0; /**< index of top of stack. */
| static size_t yy_buffer_stack_max = 0; /**< capacity of stack. */
| static YY_BUFFER_STATE * yy_buffer_stack = NULL; /**< Stack as an array. */
| 
| /* We provide macros for accessing buffer states in case in the
|  * future we want to put the buffer states in a more general
|  * "scanner state".
|  *
|  * Returns the top of the stack, or NULL.
|  */
| #define YY_CURRENT_BUFFER ( (yy_buffer_stack) \
|                           ? (yy_buffer_stack)[(yy_buffer_stack_top)] \
|                           : NULL)
| /* Same as previous macro, but useful when we know that the buffer stack is not
|  * NULL or when we need an lvalue. For internal use only.
|  */
| #define YY_CURRENT_BUFFER_LVALUE (yy_buffer_stack)[(yy_buffer_stack_top)]
| 
| /* yy_hold_char holds the character lost when yytext is formed. */
| static char yy_hold_char;
| static int yy_n_chars;		/* number of characters read into yy_ch_buf */
| int yyleng;
| 
| /* Points to current character in buffer. */
| static char *yy_c_buf_p = NULL;
| static int yy_init = 0;		/* whether we need to initialize */
| static int yy_start = 0;	/* start state number */
| 
| /* Flag which is used to allow yywrap()'s to do buffer switches
|  * instead of setting up a fresh yyin.  A bit of a hack ...
|  */
| static int yy_did_buffer_switch_on_eof;
| 
| void yyrestart ( FILE *input_file  );
| void yy_switch_to_buffer ( YY_BUFFER_STATE new_buffer  );
| YY_BUFFER_STATE yy_create_buffer ( FILE *file, int size  );
| void yy_delete_buffer ( YY_BUFFER_STATE b  );
| void yy_flush_buffer ( YY_BUFFER_STATE b  );
| void yypush_buffer_state ( YY_BUFFER_STATE new_buffer  );
| void yypop_buffer_state ( void );
| 
| static void yyensure_buffer_stack ( void );
| static void yy_load_buffer_state ( void );
| static void yy_init_buffer ( YY_BUFFER_STATE b, FILE *file  );
| #define YY_FLUSH_BUFFER yy_flush_buffer( YY_CURRENT_BUFFER )
| 
| YY_BUFFER_STATE yy_scan_buffer ( char *base, yy_size_t size  );
| YY_BUFFER_STATE yy_scan_string ( const char *yy_str  );
| YY_BUFFER_STATE yy_scan_bytes ( const char *bytes, int len  );
| 
| void *yyalloc ( yy_size_t  );
| void *yyrealloc ( void *, yy_size_t  );
| void yyfree ( void *  );
| 
| #define yy_new_buffer yy_create_buffer
| #define yy_set_interactive(is_interactive) \
| 	{ \
| 	if ( ! YY_CURRENT_BUFFER ){ \
|         yyensure_buffer_stack (); \
| 		YY_CURRENT_BUFFER_LVALUE =    \
|             yy_create_buffer( yyin, YY_BUF_SIZE ); \
| 	} \
| 	YY_CURRENT_BUFFER_LVALUE->yy_is_interactive = is_interactive; \
| 	}
| #define yy_set_bol(at_bol) \
| 	{ \
| 	if ( ! YY_CURRENT_BUFFER ){\
|         yyensure_buffer_stack (); \
| 		YY_CURRENT_BUFFER_LVALUE =    \
|             yy_create_buffer( yyin, YY_BUF_SIZE ); \
| 	} \
| 	YY_CURRENT_BUFFER_LVALUE->yy_at_bol = at_bol; \
| 	}
| #define YY_AT_BOL() (YY_CURRENT_BUFFER_LVALUE->yy_at_bol)
| 
| /* Begin user sect3 */
| typedef flex_uint8_t YY_CHAR;
| 
| FILE *yyin = NULL, *yyout = NULL;
| 
| typedef int yy_state_type;
| 
| extern int yylineno;
| int yylineno = 1;
| 
| extern char *yytext;
| #ifdef yytext_ptr
| #undef yytext_ptr
| #endif
| #define yytext_ptr yytext
| 
| static yy_state_type yy_get_previous_state ( void );
| static yy_state_type yy_try_NUL_trans ( yy_state_type current_state  );
| static int yy_get_next_buffer ( void );
| static void yynoreturn yy_fatal_error ( const char* msg  );
| 
| /* Done after the current pattern has been matched and before the
|  * corresponding action - sets up yytext.
|  */
| #define YY_DO_BEFORE_ACTION \
| 	(yytext_ptr) = yy_bp; \
| 	(yytext_ptr) -= (yy_more_len); \
| 	yyleng = (int) (yy_cp - (yytext_ptr)); \
| 	(yy_hold_char) = *yy_cp; \
| 	*yy_cp = '\0'; \
| 	(yy_c_buf_p) = yy_cp;
| #define YY_NUM_RULES 8
| #define YY_END_OF_BUFFER 9
| /* This struct is not used in this scanner,
|    but its presence is necessary. */
| struct yy_trans_info
| 	{
| 	flex_int32_t yy_verify;
| 	flex_int32_t yy_nxt;
| 	};
| static const flex_int16_t yy_acclist[23] =
|     {   0,
|         9,    7,    8,    8,    1,    7,    8,    2,    7,    8,
|         3,    7,    8,    4,    7,    8,    5,    7,    8,    6,
|         7,    8
|     } ;
| 
| static const flex_int16_t yy_accept[14] =
|     {   0,
|         1,    1,    1,    2,    4,    5,    8,   11,   14,   17,
|        20,   23,   23
|     } ;
| 
| static const YY_CHAR yy_ec[256] =
|     {   0,
|         1,    1,    1,    1,    1,    1,    1,    1,    1,    2,
|         1,    1,    1,    1,    1,    1,    1,    1,    1,    1,
|         1,    1,    1,    1,    1,    1,    1,    1,    1,    1,
|         1,    1,    1,    1,    1,    1,    1,    1,    1,    1,
|         1,    1,    1,    1,    1,    1,    1,    1,    1,    1,
|         1,    1,    1,    1,    1,    1,    1,    1,    1,    1,
|         1,    1,    1,    1,    1,    1,    1,    1,    1,    1,
|         1,    1,    1,    1,    1,    1,    1,    1,    1,    1,
|         1,    1,    1,    1,    1,    1,    1,    1,    1,    1,
|         1,    1,    1,    1,    1,    1,    3,    4,    5,    6,
| 
|         7,    8,    1,    1,    1,    1,    1,    1,    1,    1,
|         1,    1,    1,    1,    1,    1,    1,    1,    1,    1,
|         1,    1,    1,    1,    1,    1,    1,    1,    1,    1,
|         1,    1,    1,    1,    1,    1,    1,    1,    1,    1,
|         1,    1,    1,    1,    1,    1,    1,    1,    1,    1,
|         1,    1,    1,    1,    1,    1,    1,    1,    1,    1,
|         1,    1,    1,    1,    1,    1,    1,    1,    1,    1,
|         1,    1,    1,    1,    1,    1,    1,    1,    1,    1,
|         1,    1,    1,    1,    1,    1,    1,    1,    1,    1,
|         1,    1,    1,    1,    1,    1,    1,    1,    1,    1,
| 
|         1,    1,    1,    1,    1,    1,    1,    1,    1,    1,
|         1,    1,    1,    1,    1,    1,    1,    1,    1,    1,
|         1,    1,    1,    1,    1,    1,    1,    1,    1,    1,
|         1,    1,    1,    1,    1,    1,    1,    1,    1,    1,
|         1,    1,    1,    1,    1,    1,    1,    1,    1,    1,
|         1,    1,    1,    1,    1
|     } ;
| 
| static const YY_CHAR yy_meta[9] =
|     {   0,
|         1,    1,    1,    1,    1,    1,    1,    1
|     } ;
| 
| static const flex_int16_t yy_base[13] =
|     {   0,
|         0,    0,    9,   10,   10,   10,   10,   10,   10,   10,
|        10,   10
|     } ;
| 
| static const flex_int16_t yy_def[13] =
|     {   0,
|        12,    1,   12,   12,   12,   12,   12,   12,   12,   12,
|        12,    0
|     } ;
| 
| static const flex_int16_t yy_nxt[19] =
|     {   0,
|         4,    5,    6,    7,    8,    9,   10,   11,   12,    3,
|        12,   12,   12,   12,   12,   12,   12,   12
|     } ;
| 
| static const flex_int16_t yy_chk[19] =
|     {   0,
|         1,    1,    1,    1,    1,    1,    1,    1,    3,   12,
|        12,   12,   12,   12,   12,   12,   12,   12
|     } ;
| 
| extern int yy_flex_debug;
| int yy_flex_debug = 0;
| 
| static yy_state_type *yy_state_buf=0, *yy_state_ptr=0;
| static char *yy_full_match;
| static int yy_lp;
| #define REJECT \
| { \
| *yy_cp = (yy_hold_char); /* undo effects of setting up yytext */ \
| yy_cp = (yy_full_match); /* restore poss. backed-over text */ \
| ++(yy_lp); \
| goto find_rule; \
| }
| 
| static int yy_more_flag = 0;
| static int yy_more_len = 0;
| #define yymore() ((yy_more_flag) = 1)
| #define YY_MORE_ADJ (yy_more_len)
| #define YY_RESTORE_YY_MORE_OFFSET
| char *yytext;
| #line 1 "conftest.l"
| #line 459 "lex.yy.c"
| 
| #define INITIAL 0
| 
| #ifndef YY_NO_UNISTD_H
| /* Special case for "unistd.h", since it is non-ANSI. We include it way
|  * down here because we want the user's section 1 to have been scanned first.
|  * The user has a chance to override it with an option.
|  */
| #include <unistd.h>
| #endif
| 
| #ifndef YY_EXTRA_TYPE
| #define YY_EXTRA_TYPE void *
| #endif
| 
| static int yy_init_globals ( void );
| 
| /* Accessor methods to globals.
|    These are made visible to non-reentrant scanners for convenience. */
| 
| int yylex_destroy ( void );
| 
| int yyget_debug ( void );
| 
| void yyset_debug ( int debug_flag  );
| 
| YY_EXTRA_TYPE yyget_extra ( void );
| 
| void yyset_extra ( YY_EXTRA_TYPE user_defined  );
| 
| FILE *yyget_in ( void );
| 
| void yyset_in  ( FILE * _in_str  );
| 
| FILE *yyget_out ( void );
| 
| void yyset_out  ( FILE * _out_str  );
| 
| 			int yyget_leng ( void );
| 
| char *yyget_text ( void );
| 
| int yyget_lineno ( void );
| 
| void yyset_lineno ( int _line_number  );
| 
| /* Macros after this point can all be overridden by user definitions in
|  * section 1.
|  */
| 
| #ifndef YY_SKIP_YYWRAP
| #ifdef __cplusplus
| extern "C" int yywrap ( void );
| #else
| extern int yywrap ( void );
| #endif
| #endif
| 
| #ifndef YY_NO_UNPUT
|     
|     static void yyunput ( int c, char *buf_ptr  );
|     
| #endif
| 
| #ifndef yytext_ptr
| static void yy_flex_strncpy ( char *, const char *, int );
| #endif
| 
| #ifdef YY_NEED_STRLEN
| static int yy_flex_strlen ( const char * );
| #endif
| 
| #ifndef YY_NO_INPUT
| #ifdef __cplusplus
| static int yyinput ( void );
| #else
| static int input ( void );
| #endif
| 
| #endif
| 
| /* Amount of stuff to slurp up with each read. */
| #ifndef YY_READ_BUF_SIZE
| #ifdef __ia64__
| /* On IA-64, the buffer size is 16k, not 8k */
| #define YY_READ_BUF_SIZE 16384
| #else
| #define YY_READ_BUF_SIZE 8192
| #endif /* __ia64__ */
| #endif
| 
| /* Copy whatever the last rule matched to the standard output. */
| #ifndef ECHO
| /* This used to be an fputs(), but since the string might contain NUL's,
|  * we now use fwrite().
|  */
| #define ECHO do { if (fwrite( yytext, (size_t) yyleng, 1, yyout )) {} } while (0)
| #endif
| 
| /* Gets input and stuffs it into "buf".  number of characters read, or YY_NULL,
|  * is returned in "result".
|  */
| #ifndef YY_INPUT
| #define YY_INPUT(buf,result,max_size) \
| 	if ( YY_CURRENT_BUFFER_LVALUE->yy_is_interactive ) \
| 		{ \
| 		int c = '*'; \
| 		int n; \
| 		for ( n = 0; n < max_size && \
| 			     (c = getc( yyin )) != EOF && c != '\n'; ++n ) \
| 			buf[n] = (char) c; \
| 		if ( c == '\n' ) \
| 			buf[n++] = (char) c; \
| 		if ( c == EOF && ferror( yyin ) ) \
| 			YY_FATAL_ERROR( "input in flex scanner failed" ); \
| 		result = n; \
| 		} \
| 	else \
| 		{ \
| 		errno=0; \
| 		while ( (result = (int) fread(buf, 1, (yy_size_t) max_size, yyin)) == 0 && ferror(yyin)) \
| 			{ \
| 			if( errno != EINTR) \
| 				{ \
| 				YY_FATAL_ERROR( "input in flex scanner failed" ); \
| 				break; \
| 				} \
| 			errno=0; \
| 			clearerr(yyin); \
| 			} \
| 		}\
| \
| 
| #endif
| 
| /* No semi-colon after return; correct usage is to write "yyterminate();" -
|  * we don't want an extra ';' after the "return" because that will cause
|  * some compilers to complain about unreachable statements.
|  */
| #ifndef yyterminate
| #define yyterminate() return YY_NULL
| #endif
| 
| /* Number of entries by which start-condition stack grows. */
| #ifndef YY_START_STACK_INCR
| #define YY_START_STACK_INCR 25
| #endif
| 
| /* Report a fatal error. */
| #ifndef YY_FATAL_ERROR
| #define YY_FATAL_ERROR(msg) yy_fatal_error( msg )
| #endif
| 
| /* end tables serialization structures and prototypes */
| 
| /* Default declaration of generated scanner - a define so the user can
|  * easily add parameters.
|  */
| #ifndef YY_DECL
| #define YY_DECL_IS_OURS 1
| 
| extern int yylex (void);
| 
| #define YY_DECL int yylex (void)
| #endif /* !YY_DECL */
| 
| /* Code executed at the beginning of each rule, after yytext and yyleng
|  * have been set up.
|  */
| #ifndef YY_USER_ACTION
| #define YY_USER_ACTION
| #endif
| 
| /* Code executed at the end of each rule. */
| #ifndef YY_BREAK
| #define YY_BREAK /*LINTED*/break;
| #endif
| 
| #define YY_RULE_SETUP \
| 	YY_USER_ACTION
| 
| /** The main scanner function which does all the work.
|  */
| YY_DECL
| {
| 	yy_state_type yy_current_state;
| 	char *yy_cp, *yy_bp;
| 	int yy_act;
|     
| 	if ( !(yy_init) )
| 		{
| 		(yy_init) = 1;
| 
| #ifdef YY_USER_INIT
| 		YY_USER_INIT;
| #endif
| 
|         /* Create the reject buffer large enough to save one state per allowed character. */
|         if ( ! (yy_state_buf) )
|             (yy_state_buf) = (yy_state_type *)yyalloc(YY_STATE_BUF_SIZE  );
|             if ( ! (yy_state_buf) )
|                 YY_FATAL_ERROR( "out of dynamic memory in yylex()" );
| 
| 		if ( ! (yy_start) )
| 			(yy_start) = 1;	/* first start state */
| 
| 		if ( ! yyin )
| 			yyin = stdin;
| 
| 		if ( ! yyout )
| 			yyout = stdout;
| 
| 		if ( ! YY_CURRENT_BUFFER ) {
| 			yyensure_buffer_stack ();
| 			YY_CURRENT_BUFFER_LVALUE =
| 				yy_create_buffer( yyin, YY_BUF_SIZE );
| 		}
| 
| 		yy_load_buffer_state(  );
| 		}
| 
| 	{
| #line 1 "conftest.l"
| 
| #line 684 "lex.yy.c"
| 
| 	while ( /*CONSTCOND*/1 )		/* loops until end-of-file is reached */
| 		{
| 		(yy_more_len) = 0;
| 		if ( (yy_more_flag) )
| 			{
| 			(yy_more_len) = (int) ((yy_c_buf_p) - (yytext_ptr));
| 			(yy_more_flag) = 0;
| 			}
| 		yy_cp = (yy_c_buf_p);
| 
| 		/* Support of yytext. */
| 		*yy_cp = (yy_hold_char);
| 
| 		/* yy_bp points to the position in yy_ch_buf of the start of
| 		 * the current run.
| 		 */
| 		yy_bp = yy_cp;
| 
| 		yy_current_state = (yy_start);
| 
| 		(yy_state_ptr) = (yy_state_buf);
| 		*(yy_state_ptr)++ = yy_current_state;
| 
| yy_match:
| 		do
| 			{
| 			YY_CHAR yy_c = yy_ec[YY_SC_TO_UI(*yy_cp)] ;
| 			while ( yy_chk[yy_base[yy_current_state] + yy_c] != yy_current_state )
| 				{
| 				yy_current_state = (int) yy_def[yy_current_state];
| 				if ( yy_current_state >= 13 )
| 					yy_c = yy_meta[yy_c];
| 				}
| 			yy_current_state = yy_nxt[yy_base[yy_current_state] + yy_c];
| 			*(yy_state_ptr)++ = yy_current_state;
| 			++yy_cp;
| 			}
| 		while ( yy_base[yy_current_state] != 10 );
| 
| yy_find_action:
| 		yy_current_state = *--(yy_state_ptr);
| 		(yy_lp) = yy_accept[yy_current_state];
| 
| find_rule: /* we branch to this label when backing up */
| 
| 		for ( ; ; ) /* until we find what rule we matched */
| 			{
| 			if ( (yy_lp) && (yy_lp) < yy_accept[yy_current_state + 1] )
| 				{
| 				yy_act = yy_acclist[(yy_lp)];
| 					{
| 					(yy_full_match) = yy_cp;
| 					break;
| 					}
| 				}
| 			--yy_cp;
| 			yy_current_state = *--(yy_state_ptr);
| 			(yy_lp) = yy_accept[yy_current_state];
| 			}
| 
| 		YY_DO_BEFORE_ACTION;
| 
| do_action:	/* This label is used only to access EOF actions. */
| 
| 		switch ( yy_act )
| 	{ /* beginning of action switch */
| case 1:
| YY_RULE_SETUP
| #line 2 "conftest.l"
| { ECHO; }
| 	YY_BREAK
| case 2:
| YY_RULE_SETUP
| #line 3 "conftest.l"
| { REJECT; }
| 	YY_BREAK
| case 3:
| YY_RULE_SETUP
| #line 4 "conftest.l"
| { yymore (); }
| 	YY_BREAK
| case 4:
| YY_RULE_SETUP
| #line 5 "conftest.l"
| { yyless (1); }
| 	YY_BREAK
| case 5:
| YY_RULE_SETUP
| #line 6 "conftest.l"
| { /* IRIX 6.5 flex 2.5.4 underquotes its yyless argument.  */
|     yyless ((input () != 0)); }
| 	YY_BREAK
| case 6:
| YY_RULE_SETUP
| #line 8 "conftest.l"
| { unput (yytext[0]); }
| 	YY_BREAK
| case 7:
| YY_RULE_SETUP
| #line 9 "conftest.l"
| { BEGIN INITIAL; }
| 	YY_BREAK
| case 8:
| YY_RULE_SETUP
| #line 10 "conftest.l"
| ECHO;
| 	YY_BREAK
| #line 793 "lex.yy.c"
| 			case YY_STATE_EOF(INITIAL):
| 				yyterminate();
| 
| 	case YY_END_OF_BUFFER:
| 		{
| 		/* Amount of text matched not including the EOB char. */
| 		int yy_amount_of_matched_text = (int) (yy_cp - (yytext_ptr)) - 1;
| 
| 		/* Undo the effects of YY_DO_BEFORE_ACTION. */
| 		*yy_cp = (yy_hold_char);
| 		YY_RESTORE_YY_MORE_OFFSET
| 
| 		if ( YY_CURRENT_BUFFER_LVALUE->yy_buffer_status == YY_BUFFER_NEW )
| 			{
| 			/* We're scanning a new file or input source.  It's
| 			 * possible that this happened because the user
| 			 * just pointed yyin at a new source and called
| 			 * yylex().  If so, then we have to assure
| 			 * consistency between YY_CURRENT_BUFFER and our
| 			 * globals.  Here is the right place to do so, because
| 			 * this is the first action (other than possibly a
| 			 * back-up) that will match for the new input source.
| 			 */
| 			(yy_n_chars) = YY_CURRENT_BUFFER_LVALUE->yy_n_chars;
| 			YY_CURRENT_BUFFER_LVALUE->yy_input_file = yyin;
| 			YY_CURRENT_BUFFER_LVALUE->yy_buffer_status = YY_BUFFER_NORMAL;
| 			}
| 
| 		/* Note that here we test for yy_c_buf_p "<=" to the position
| 		 * of the first EOB in the buffer, since yy_c_buf_p will
| 		 * already have been incremented past the NUL character
| 		 * (since all states make transitions on EOB to the
| 		 * end-of-buffer state).  Contrast this with the test
| 		 * in input().
| 		 */
| 		if ( (yy_c_buf_p) <= &YY_CURRENT_BUFFER_LVALUE->yy_ch_buf[(yy_n_chars)] )
| 			{ /* This was really a NUL. */
| 			yy_state_type yy_next_state;
| 
| 			(yy_c_buf_p) = (yytext_ptr) + yy_amount_of_matched_text;
| 
| 			yy_current_state = yy_get_previous_state(  );
| 
| 			/* Okay, we're now positioned to make the NUL
| 			 * transition.  We couldn't have
| 			 * yy_get_previous_state() go ahead and do it
| 			 * for us because it doesn't know how to deal
| 			 * with the possibility of jamming (and we don't
| 			 * want to build jamming into it because then it
| 			 * will run more slowly).
| 			 */
| 
| 			yy_next_state = yy_try_NUL_trans( yy_current_state );
| 
| 			yy_bp = (yytext_ptr) + YY_MORE_ADJ;
| 
| 			if ( yy_next_state )
| 				{
| 				/* Consume the NUL. */
| 				yy_cp = ++(yy_c_buf_p);
| 				yy_current_state = yy_next_state;
| 				goto yy_match;
| 				}
| 
| 			else
| 				{
| 				yy_cp = (yy_c_buf_p);
| 				goto yy_find_action;
| 				}
| 			}
| 
| 		else switch ( yy_get_next_buffer(  ) )
| 			{
| 			case EOB_ACT_END_OF_FILE:
| 				{
| 				(yy_did_buffer_switch_on_eof) = 0;
| 
| 				if ( yywrap(  ) )
| 					{
| 					/* Note: because we've taken care in
| 					 * yy_get_next_buffer() to have set up
| 					 * yytext, we can now set up
| 					 * yy_c_buf_p so that if some total
| 					 * hoser (like flex itself) wants to
| 					 * call the scanner after we return the
| 					 * YY_NULL, it'll still work - another
| 					 * YY_NULL will get returned.
| 					 */
| 					(yy_c_buf_p) = (yytext_ptr) + YY_MORE_ADJ;
| 
| 					yy_act = YY_STATE_EOF(YY_START);
| 					goto do_action;
| 					}
| 
| 				else
| 					{
| 					if ( ! (yy_did_buffer_switch_on_eof) )
| 						YY_NEW_FILE;
| 					}
| 				break;
| 				}
| 
| 			case EOB_ACT_CONTINUE_SCAN:
| 				(yy_c_buf_p) =
| 					(yytext_ptr) + yy_amount_of_matched_text;
| 
| 				yy_current_state = yy_get_previous_state(  );
| 
| 				yy_cp = (yy_c_buf_p);
| 				yy_bp = (yytext_ptr) + YY_MORE_ADJ;
| 				goto yy_match;
| 
| 			case EOB_ACT_LAST_MATCH:
| 				(yy_c_buf_p) =
| 				&YY_CURRENT_BUFFER_LVALUE->yy_ch_buf[(yy_n_chars)];
| 
| 				yy_current_state = yy_get_previous_state(  );
| 
| 				yy_cp = (yy_c_buf_p);
| 				yy_bp = (yytext_ptr) + YY_MORE_ADJ;
| 				goto yy_find_action;
| 			}
| 		break;
| 		}
| 
| 	default:
| 		YY_FATAL_ERROR(
| 			"fatal flex scanner internal error--no action found" );
| 	} /* end of action switch */
| 		} /* end of scanning one token */
| 	} /* end of user's declarations */
| } /* end of yylex */
| 
| /* yy_get_next_buffer - try to read in a new buffer
|  *
|  * Returns a code representing an action:
|  *	EOB_ACT_LAST_MATCH -
|  *	EOB_ACT_CONTINUE_SCAN - continue scanning from current position
|  *	EOB_ACT_END_OF_FILE - end of file
|  */
| static int yy_get_next_buffer (void)
| {
|     	char *dest = YY_CURRENT_BUFFER_LVALUE->yy_ch_buf;
| 	char *source = (yytext_ptr);
| 	int number_to_move, i;
| 	int ret_val;
| 
| 	if ( (yy_c_buf_p) > &YY_CURRENT_BUFFER_LVALUE->yy_ch_buf[(yy_n_chars) + 1] )
| 		YY_FATAL_ERROR(
| 		"fatal flex scanner internal error--end of buffer missed" );
| 
| 	if ( YY_CURRENT_BUFFER_LVALUE->yy_fill_buffer == 0 )
| 		{ /* Don't try to fill the buffer, so this is an EOF. */
| 		if ( (yy_c_buf_p) - (yytext_ptr) - YY_MORE_ADJ == 1 )
| 			{
| 			/* We matched a single character, the EOB, so
| 			 * treat this as a final EOF.
| 			 */
| 			return EOB_ACT_END_OF_FILE;
| 			}
| 
| 		else
| 			{
| 			/* We matched some text prior to the EOB, first
| 			 * process it.
| 			 */
| 			return EOB_ACT_LAST_MATCH;
| 			}
| 		}
| 
| 	/* Try to read more data. */
| 
| 	/* First move last chars to start of buffer. */
| 	number_to_move = (int) ((yy_c_buf_p) - (yytext_ptr) - 1);
| 
| 	for ( i = 0; i < number_to_move; ++i )
| 		*(dest++) = *(source++);
| 
| 	if ( YY_CURRENT_BUFFER_LVALUE->yy_buffer_status == YY_BUFFER_EOF_PENDING )
| 		/* don't do the read, it's not guaranteed to return an EOF,
| 		 * just force an EOF
| 		 */
| 		YY_CURRENT_BUFFER_LVALUE->yy_n_chars = (yy_n_chars) = 0;
| 
| 	else
| 		{
| 			int num_to_read =
| 			YY_CURRENT_BUFFER_LVALUE->yy_buf_size - number_to_move - 1;
| 
| 		while ( num_to_read <= 0 )
| 			{ /* Not enough room in the buffer - grow it. */
| 
| 			YY_FATAL_ERROR(
| "input buffer overflow, can't enlarge buffer because scanner uses REJECT" );
| 
| 			}
| 
| 		if ( num_to_read > YY_READ_BUF_SIZE )
| 			num_to_read = YY_READ_BUF_SIZE;
| 
| 		/* Read in more data. */
| 		YY_INPUT( (&YY_CURRENT_BUFFER_LVALUE->yy_ch_buf[number_to_move]),
| 			(yy_n_chars), num_to_read );
| 
| 		YY_CURRENT_BUFFER_LVALUE->yy_n_chars = (yy_n_chars);
| 		}
| 
| 	if ( (yy_n_chars) == 0 )
| 		{
| 		if ( number_to_move == YY_MORE_ADJ )
| 			{
| 			ret_val = EOB_ACT_END_OF_FILE;
| 			yyrestart( yyin  );
| 			}
| 
| 		else
| 			{
| 			ret_val = EOB_ACT_LAST_MATCH;
| 			YY_CURRENT_BUFFER_LVALUE->yy_buffer_status =
| 				YY_BUFFER_EOF_PENDING;
| 			}
| 		}
| 
| 	else
| 		ret_val = EOB_ACT_CONTINUE_SCAN;
| 
| 	if (((yy_n_chars) + number_to_move) > YY_CURRENT_BUFFER_LVALUE->yy_buf_size) {
| 		/* Extend the array by 50%, plus the number we really need. */
| 		int new_size = (yy_n_chars) + number_to_move + ((yy_n_chars) >> 1);
| 		YY_CURRENT_BUFFER_LVALUE->yy_ch_buf = (char *) yyrealloc(
| 			(void *) YY_CURRENT_BUFFER_LVALUE->yy_ch_buf, (yy_size_t) new_size  );
| 		if ( ! YY_CURRENT_BUFFER_LVALUE->yy_ch_buf )
| 			YY_FATAL_ERROR( "out of dynamic memory in yy_get_next_buffer()" );
| 		/* "- 2" to take care of EOB's */
| 		YY_CURRENT_BUFFER_LVALUE->yy_buf_size = (int) (new_size - 2);
| 	}
| 
| 	(yy_n_chars) += number_to_move;
| 	YY_CURRENT_BUFFER_LVALUE->yy_ch_buf[(yy_n_chars)] = YY_END_OF_BUFFER_CHAR;
| 	YY_CURRENT_BUFFER_LVALUE->yy_ch_buf[(yy_n_chars) + 1] = YY_END_OF_BUFFER_CHAR;
| 
| 	(yytext_ptr) = &YY_CURRENT_BUFFER_LVALUE->yy_ch_buf[0];
| 
| 	return ret_val;
| }
| 
| /* yy_get_previous_state - get the state just before the EOB char was reached */
| 
|     static yy_state_type yy_get_previous_state (void)
| {
| 	yy_state_type yy_current_state;
| 	char *yy_cp;
|     
| 	yy_current_state = (yy_start);
| 
| 	(yy_state_ptr) = (yy_state_buf);
| 	*(yy_state_ptr)++ = yy_current_state;
| 
| 	for ( yy_cp = (yytext_ptr) + YY_MORE_ADJ; yy_cp < (yy_c_buf_p); ++yy_cp )
| 		{
| 		YY_CHAR yy_c = (*yy_cp ? yy_ec[YY_SC_TO_UI(*yy_cp)] : 1);
| 		while ( yy_chk[yy_base[yy_current_state] + yy_c] != yy_current_state )
| 			{
| 			yy_current_state = (int) yy_def[yy_current_state];
| 			if ( yy_current_state >= 13 )
| 				yy_c = yy_meta[yy_c];
| 			}
| 		yy_current_state = yy_nxt[yy_base[yy_current_state] + yy_c];
| 		*(yy_state_ptr)++ = yy_current_state;
| 		}
| 
| 	return yy_current_state;
| }
| 
| /* yy_try_NUL_trans - try to make a transition on the NUL character
|  *
|  * synopsis
|  *	next_state = yy_try_NUL_trans( current_state );
|  */
|     static yy_state_type yy_try_NUL_trans  (yy_state_type yy_current_state )
| {
| 	int yy_is_jam;
|     
| 	YY_CHAR yy_c = 1;
| 	while ( yy_chk[yy_base[yy_current_state] + yy_c] != yy_current_state )
| 		{
| 		yy_current_state = (int) yy_def[yy_current_state];
| 		if ( yy_current_state >= 13 )
| 			yy_c = yy_meta[yy_c];
| 		}
| 	yy_current_state = yy_nxt[yy_base[yy_current_state] + yy_c];
| 	yy_is_jam = (yy_current_state == 12);
| 	if ( ! yy_is_jam )
| 		*(yy_state_ptr)++ = yy_current_state;
| 
| 		return yy_is_jam ? 0 : yy_current_state;
| }
| 
| #ifndef YY_NO_UNPUT
| 
|     static void yyunput (int c, char * yy_bp )
| {
| 	char *yy_cp;
|     
|     yy_cp = (yy_c_buf_p);
| 
| 	/* undo effects of setting up yytext */
| 	*yy_cp = (yy_hold_char);
| 
| 	if ( yy_cp < YY_CURRENT_BUFFER_LVALUE->yy_ch_buf + 2 )
| 		{ /* need to shift things up to make room */
| 		/* +2 for EOB chars. */
| 		int number_to_move = (yy_n_chars) + 2;
| 		char *dest = &YY_CURRENT_BUFFER_LVALUE->yy_ch_buf[
| 					YY_CURRENT_BUFFER_LVALUE->yy_buf_size + 2];
| 		char *source =
| 				&YY_CURRENT_BUFFER_LVALUE->yy_ch_buf[number_to_move];
| 
| 		while ( source > YY_CURRENT_BUFFER_LVALUE->yy_ch_buf )
| 			*--dest = *--source;
| 
| 		yy_cp += (int) (dest - source);
| 		yy_bp += (int) (dest - source);
| 		YY_CURRENT_BUFFER_LVALUE->yy_n_chars =
| 			(yy_n_chars) = (int) YY_CURRENT_BUFFER_LVALUE->yy_buf_size;
| 
| 		if ( yy_cp < YY_CURRENT_BUFFER_LVALUE->yy_ch_buf + 2 )
| 			YY_FATAL_ERROR( "flex scanner push-back overflow" );
| 		}
| 
| 	*--yy_cp = (char) c;
| 
| 	(yytext_ptr) = yy_bp;
| 	(yy_hold_char) = *yy_cp;
| 	(yy_c_buf_p) = yy_cp;
| }
| 
| #endif
| 
| #ifndef YY_NO_INPUT
| #ifdef __cplusplus
|     static int yyinput (void)
| #else
|     static int input  (void)
| #endif
| 
| {
| 	int c;
|     
| 	*(yy_c_buf_p) = (yy_hold_char);
| 
| 	if ( *(yy_c_buf_p) == YY_END_OF_BUFFER_CHAR )
| 		{
| 		/* yy_c_buf_p now points to the character we want to return.
| 		 * If this occurs *before* the EOB characters, then it's a
| 		 * valid NUL; if not, then we've hit the end of the buffer.
| 		 */
| 		if ( (yy_c_buf_p) < &YY_CURRENT_BUFFER_LVALUE->yy_ch_buf[(yy_n_chars)] )
| 			/* This was really a NUL. */
| 			*(yy_c_buf_p) = '\0';
| 
| 		else
| 			{ /* need more input */
| 			int offset = (int) ((yy_c_buf_p) - (yytext_ptr));
| 			++(yy_c_buf_p);
| 
| 			switch ( yy_get_next_buffer(  ) )
| 				{
| 				case EOB_ACT_LAST_MATCH:
| 					/* This happens because yy_g_n_b()
| 					 * sees that we've accumulated a
| 					 * token and flags that we need to
| 					 * try matching the token before
| 					 * proceeding.  But for input(),
| 					 * there's no matching to consider.
| 					 * So convert the EOB_ACT_LAST_MATCH
| 					 * to EOB_ACT_END_OF_FILE.
| 					 */
| 
| 					/* Reset buffer status. */
| 					yyrestart( yyin );
| 
| 					/*FALLTHROUGH*/
| 
| 				case EOB_ACT_END_OF_FILE:
| 					{
| 					if ( yywrap(  ) )
| 						return 0;
| 
| 					if ( ! (yy_did_buffer_switch_on_eof) )
| 						YY_NEW_FILE;
| #ifdef __cplusplus
| 					return yyinput();
| #else
| 					return input();
| #endif
| 					}
| 
| 				case EOB_ACT_CONTINUE_SCAN:
| 					(yy_c_buf_p) = (yytext_ptr) + offset;
| 					break;
| 				}
| 			}
| 		}
| 
| 	c = *(unsigned char *) (yy_c_buf_p);	/* cast for 8-bit char's */
| 	*(yy_c_buf_p) = '\0';	/* preserve yytext */
| 	(yy_hold_char) = *++(yy_c_buf_p);
| 
| 	return c;
| }
| #endif	/* ifndef YY_NO_INPUT */
| 
| /** Immediately switch to a different input stream.
|  * @param input_file A readable stream.
|  * 
|  * @note This function does not reset the start condition to @c INITIAL .
|  */
|     void yyrestart  (FILE * input_file )
| {
|     
| 	if ( ! YY_CURRENT_BUFFER ){
|         yyensure_buffer_stack ();
| 		YY_CURRENT_BUFFER_LVALUE =
|             yy_create_buffer( yyin, YY_BUF_SIZE );
| 	}
| 
| 	yy_init_buffer( YY_CURRENT_BUFFER, input_file );
| 	yy_load_buffer_state(  );
| }
| 
| /** Switch to a different input buffer.
|  * @param new_buffer The new input buffer.
|  * 
|  */
|     void yy_switch_to_buffer  (YY_BUFFER_STATE  new_buffer )
| {
|     
| 	/* TODO. We should be able to replace this entire function body
| 	 * with
| 	 *		yypop_buffer_state();
| 	 *		yypush_buffer_state(new_buffer);
|      */
| 	yyensure_buffer_stack ();
| 	if ( YY_CURRENT_BUFFER == new_buffer )
| 		return;
| 
| 	if ( YY_CURRENT_BUFFER )
| 		{
| 		/* Flush out information for old buffer. */
| 		*(yy_c_buf_p) = (yy_hold_char);
| 		YY_CURRENT_BUFFER_LVALUE->yy_buf_pos = (yy_c_buf_p);
| 		YY_CURRENT_BUFFER_LVALUE->yy_n_chars = (yy_n_chars);
| 		}
| 
| 	YY_CURRENT_BUFFER_LVALUE = new_buffer;
| 	yy_load_buffer_state(  );
| 
| 	/* We don't actually know whether we did this switch during
| 	 * EOF (yywrap()) processing, but the only time this flag
| 	 * is looked at is after yywrap() is called, so it's safe
| 	 * to go ahead and always set it.
| 	 */
| 	(yy_did_buffer_switch_on_eof) = 1;
| }
| 
| static void yy_load_buffer_state  (void)
| {
|     	(yy_n_chars) = YY_CURRENT_BUFFER_LVALUE->yy_n_chars;
| 	(yytext_ptr) = (yy_c_buf_p) = YY_CURRENT_BUFFER_LVALUE->yy_buf_pos;
| 	yyin = YY_CURRENT_BUFFER_LVALUE->yy_input_file;
| 	(yy_hold_char) = *(yy_c_buf_p);
| }
| 
| /** Allocate and initialize an input buffer state.
|  * @param file A readable stream.
|  * @param size The character buffer size in bytes. When in doubt, use @c YY_BUF_SIZE.
|  * 
|  * @return the allocated buffer state.
|  */
|     YY_BUFFER_STATE yy_create_buffer  (FILE * file, int  size )
| {
| 	YY_BUFFER_STATE b;
|     
| 	b = (YY_BUFFER_STATE) yyalloc( sizeof( struct yy_buffer_state )  );
| 	if ( ! b )
| 		YY_FATAL_ERROR( "out of dynamic memory in yy_create_buffer()" );
| 
| 	b->yy_buf_size = size;
| 
| 	/* yy_ch_buf has to be 2 characters longer than the size given because
| 	 * we need to put in 2 end-of-buffer characters.
| 	 */
| 	b->yy_ch_buf = (char *) yyalloc( (yy_size_t) (b->yy_buf_size + 2)  );
| 	if ( ! b->yy_ch_buf )
| 		YY_FATAL_ERROR( "out of dynamic memory in yy_create_buffer()" );
| 
| 	b->yy_is_our_buffer = 1;
| 
| 	yy_init_buffer( b, file );
| 
| 	return b;
| }
| 
| /** Destroy the buffer.
|  * @param b a buffer created with yy_create_buffer()
|  * 
|  */
|     void yy_delete_buffer (YY_BUFFER_STATE  b )
| {
|     
| 	if ( ! b )
| 		return;
| 
| 	if ( b == YY_CURRENT_BUFFER ) /* Not sure if we should pop here. */
| 		YY_CURRENT_BUFFER_LVALUE = (YY_BUFFER_STATE) 0;
| 
| 	if ( b->yy_is_our_buffer )
| 		yyfree( (void *) b->yy_ch_buf  );
| 
| 	yyfree( (void *) b  );
| }
| 
| /* Initializes or reinitializes a buffer.
|  * This function is sometimes called more than once on the same buffer,
|  * such as during a yyrestart() or at EOF.
|  */
|     static void yy_init_buffer  (YY_BUFFER_STATE  b, FILE * file )
| 
| {
| 	int oerrno = errno;
|     
| 	yy_flush_buffer( b );
| 
| 	b->yy_input_file = file;
| 	b->yy_fill_buffer = 1;
| 
|     /* If b is the current buffer, then yy_init_buffer was _probably_
|      * called from yyrestart() or through yy_get_next_buffer.
|      * In that case, we don't want to reset the lineno or column.
|      */
|     if (b != YY_CURRENT_BUFFER){
|         b->yy_bs_lineno = 1;
|         b->yy_bs_column = 0;
|     }
| 
|         b->yy_is_interactive = file ? (isatty( fileno(file) ) > 0) : 0;
|     
| 	errno = oerrno;
| }
| 
| /** Discard all buffered characters. On the next scan, YY_INPUT will be called.
|  * @param b the buffer state to be flushed, usually @c YY_CURRENT_BUFFER.
|  * 
|  */
|     void yy_flush_buffer (YY_BUFFER_STATE  b )
| {
|     	if ( ! b )
| 		return;
| 
| 	b->yy_n_chars = 0;
| 
| 	/* We always need two end-of-buffer characters.  The first causes
| 	 * a transition to the end-of-buffer state.  The second causes
| 	 * a jam in that state.
| 	 */
| 	b->yy_ch_buf[0] = YY_END_OF_BUFFER_CHAR;
| 	b->yy_ch_buf[1] = YY_END_OF_BUFFER_CHAR;
| 
| 	b->yy_buf_pos = &b->yy_ch_buf[0];
| 
| 	b->yy_at_bol = 1;
| 	b->yy_buffer_status = YY_BUFFER_NEW;
| 
| 	if ( b == YY_CURRENT_BUFFER )
| 		yy_load_buffer_state(  );
| }
| 
| /** Pushes the new state onto the stack. The new state becomes
|  *  the current state. This function will allocate the stack
|  *  if necessary.
|  *  @param new_buffer The new state.
|  *  
|  */
| void yypush_buffer_state (YY_BUFFER_STATE new_buffer )
| {
|     	if (new_buffer == NULL)
| 		return;
| 
| 	yyensure_buffer_stack();
| 
| 	/* This block is copied from yy_switch_to_buffer. */
| 	if ( YY_CURRENT_BUFFER )
| 		{
| 		/* Flush out information for old buffer. */
| 		*(yy_c_buf_p) = (yy_hold_char);
| 		YY_CURRENT_BUFFER_LVALUE->yy_buf_pos = (yy_c_buf_p);
| 		YY_CURRENT_BUFFER_LVALUE->yy_n_chars = (yy_n_chars);
| 		}
| 
| 	/* Only push if top exists. Otherwise, replace top. */
| 	if (YY_CURRENT_BUFFER)
| 		(yy_buffer_stack_top)++;
| 	YY_CURRENT_BUFFER_LVALUE = new_buffer;
| 
| 	/* copied from yy_switch_to_buffer. */
| 	yy_load_buffer_state(  );
| 	(yy_did_buffer_switch_on_eof) = 1;
| }
| 
| /** Removes and deletes the top of the stack, if present.
|  *  The next element becomes the new top.
|  *  
|  */
| void yypop_buffer_state (void)
| {
|     	if (!YY_CURRENT_BUFFER)
| 		return;
| 
| 	yy_delete_buffer(YY_CURRENT_BUFFER );
| 	YY_CURRENT_BUFFER_LVALUE = NULL;
| 	if ((yy_buffer_stack_top) > 0)
| 		--(yy_buffer_stack_top);
| 
| 	if (YY_CURRENT_BUFFER) {
| 		yy_load_buffer_state(  );
| 		(yy_did_buffer_switch_on_eof) = 1;
| 	}
| }
| 
| /* Allocates the stack if it does not exist.
|  *  Guarantees space for at least one push.
|  */
| static void yyensure_buffer_stack (void)
| {
| 	yy_size_t num_to_alloc;
|     
| 	if (!(yy_buffer_stack)) {
| 
| 		/* First allocation is just for 2 elements, since we don't know if this
| 		 * scanner will even need a stack. We use 2 instead of 1 to avoid an
| 		 * immediate realloc on the next call.
|          */
|       num_to_alloc = 1; /* After all that talk, this was set to 1 anyways... */
| 		(yy_buffer_stack) = (struct yy_buffer_state**)yyalloc
| 								(num_to_alloc * sizeof(struct yy_buffer_state*)
| 								);
| 		if ( ! (yy_buffer_stack) )
| 			YY_FATAL_ERROR( "out of dynamic memory in yyensure_buffer_stack()" );
| 
| 		memset((yy_buffer_stack), 0, num_to_alloc * sizeof(struct yy_buffer_state*));
| 
| 		(yy_buffer_stack_max) = num_to_alloc;
| 		(yy_buffer_stack_top) = 0;
| 		return;
| 	}
| 
| 	if ((yy_buffer_stack_top) >= ((yy_buffer_stack_max)) - 1){
| 
| 		/* Increase the buffer to prepare for a possible push. */
| 		yy_size_t grow_size = 8 /* arbitrary grow size */;
| 
| 		num_to_alloc = (yy_buffer_stack_max) + grow_size;
| 		(yy_buffer_stack) = (struct yy_buffer_state**)yyrealloc
| 								((yy_buffer_stack),
| 								num_to_alloc * sizeof(struct yy_buffer_state*)
| 								);
| 		if ( ! (yy_buffer_stack) )
| 			YY_FATAL_ERROR( "out of dynamic memory in yyensure_buffer_stack()" );
| 
| 		/* zero only the new slots.*/
| 		memset((yy_buffer_stack) + (yy_buffer_stack_max), 0, grow_size * sizeof(struct yy_buffer_state*));
| 		(yy_buffer_stack_max) = num_to_alloc;
| 	}
| }
| 
| /** Setup the input buffer state to scan directly from a user-specified character buffer.
|  * @param base the character buffer
|  * @param size the size in bytes of the character buffer
|  * 
|  * @return the newly allocated buffer state object.
|  */
| YY_BUFFER_STATE yy_scan_buffer  (char * base, yy_size_t  size )
| {
| 	YY_BUFFER_STATE b;
|     
| 	if ( size < 2 ||
| 	     base[size-2] != YY_END_OF_BUFFER_CHAR ||
| 	     base[size-1] != YY_END_OF_BUFFER_CHAR )
| 		/* They forgot to leave room for the EOB's. */
| 		return NULL;
| 
| 	b = (YY_BUFFER_STATE) yyalloc( sizeof( struct yy_buffer_state )  );
| 	if ( ! b )
| 		YY_FATAL_ERROR( "out of dynamic memory in yy_scan_buffer()" );
| 
| 	b->yy_buf_size = (int) (size - 2);	/* "- 2" to take care of EOB's */
| 	b->yy_buf_pos = b->yy_ch_buf = base;
| 	b->yy_is_our_buffer = 0;
| 	b->yy_input_file = NULL;
| 	b->yy_n_chars = b->yy_buf_size;
| 	b->yy_is_interactive = 0;
| 	b->yy_at_bol = 1;
| 	b->yy_fill_buffer = 0;
| 	b->yy_buffer_status = YY_BUFFER_NEW;
| 
| 	yy_switch_to_buffer( b  );
| 
| 	return b;
| }
| 
| /** Setup the input buffer state to scan a string. The next call to yylex() will
|  * scan from a @e copy of @a str.
|  * @param yystr a NUL-terminated string to scan
|  * 
|  * @return the newly allocated buffer state object.
|  * @note If you want to scan bytes that may contain NUL values, then use
|  *       yy_scan_bytes() instead.
|  */
| YY_BUFFER_STATE yy_scan_string (const char * yystr )
| {
|     
| 	return yy_scan_bytes( yystr, (int) strlen(yystr) );
| }
| 
| /** Setup the input buffer state to scan the given bytes. The next call to yylex() will
|  * scan from a @e copy of @a bytes.
|  * @param yybytes the byte buffer to scan
|  * @param _yybytes_len the number of bytes in the buffer pointed to by @a bytes.
|  * 
|  * @return the newly allocated buffer state object.
|  */
| YY_BUFFER_STATE yy_scan_bytes  (const char * yybytes, int  _yybytes_len )
| {
| 	YY_BUFFER_STATE b;
| 	char *buf;
| 	yy_size_t n;
| 	int i;
|     
| 	/* Get memory for full buffer, including space for trailing EOB's. */
| 	n = (yy_size_t) (_yybytes_len + 2);
| 	buf = (char *) yyalloc( n  );
| 	if ( ! buf )
| 		YY_FATAL_ERROR( "out of dynamic memory in yy_scan_bytes()" );
| 
| 	for ( i = 0; i < _yybytes_len; ++i )
| 		buf[i] = yybytes[i];
| 
| 	buf[_yybytes_len] = buf[_yybytes_len+1] = YY_END_OF_BUFFER_CHAR;
| 
| 	b = yy_scan_buffer( buf, n );
| 	if ( ! b )
| 		YY_FATAL_ERROR( "bad buffer in yy_scan_bytes()" );
| 
| 	/* It's okay to grow etc. this buffer, and we should throw it
| 	 * away when we're done.
| 	 */
| 	b->yy_is_our_buffer = 1;
| 
| 	return b;
| }
| 
| #ifndef YY_EXIT_FAILURE
| #define YY_EXIT_FAILURE 2
| #endif
| 
| static void yynoreturn yy_fatal_error (const char* msg )
| {
| 			fprintf( stderr, "%s\n", msg );
| 	exit( YY_EXIT_FAILURE );
| }
| 
| /* Redefine yyless() so it works in section 3 code. */
| 
| #undef yyless
| #define yyless(n) \
| 	do \
| 		{ \
| 		/* Undo effects of setting up yytext. */ \
|         int yyless_macro_arg = (n); \
|         YY_LESS_LINENO(yyless_macro_arg);\
| 		yytext[yyleng] = (yy_hold_char); \
| 		(yy_c_buf_p) = yytext + yyless_macro_arg; \
| 		(yy_hold_char) = *(yy_c_buf_p); \
| 		*(yy_c_buf_p) = '\0'; \
| 		yyleng = yyless_macro_arg; \
| 		} \
| 	while ( 0 )
| 
| /* Accessor  methods (get/set functions) to struct members. */
| 
| /** Get the current line number.
|  * 
|  */
| int yyget_lineno  (void)
| {
|     
|     return yylineno;
| }
| 
| /** Get the input stream.
|  * 
|  */
| FILE *yyget_in  (void)
| {
|         return yyin;
| }
| 
| /** Get the output stream.
|  * 
|  */
| FILE *yyget_out  (void)
| {
|         return yyout;
| }
| 
| /** Get the length of the current token.
|  * 
|  */
| int yyget_leng  (void)
| {
|         return yyleng;
| }
| 
| /** Get the current token.
|  * 
|  */
| 
| char *yyget_text  (void)
| {
|         return yytext;
| }
| 
| /** Set the current line number.
|  * @param _line_number line number
|  * 
|  */
| void yyset_lineno (int  _line_number )
| {
|     
|     yylineno = _line_number;
| }
| 
| /** Set the input stream. This does not discard the current
|  * input buffer.
|  * @param _in_str A readable stream.
|  * 
|  * @see yy_switch_to_buffer
|  */
| void yyset_in (FILE *  _in_str )
| {
|         yyin = _in_str ;
| }
| 
| void yyset_out (FILE *  _out_str )
| {
|         yyout = _out_str ;
| }
| 
| int yyget_debug  (void)
| {
|         return yy_flex_debug;
| }
| 
| void yyset_debug (int  _bdebug )
| {
|         yy_flex_debug = _bdebug ;
| }
| 
| static int yy_init_globals (void)
| {
|         /* Initialization is the same as for the non-reentrant scanner.
|      * This function is called from yylex_destroy(), so don't allocate here.
|      */
| 
|     (yy_buffer_stack) = NULL;
|     (yy_buffer_stack_top) = 0;
|     (yy_buffer_stack_max) = 0;
|     (yy_c_buf_p) = NULL;
|     (yy_init) = 0;
|     (yy_start) = 0;
| 
|     (yy_state_buf) = 0;
|     (yy_state_ptr) = 0;
|     (yy_full_match) = 0;
|     (yy_lp) = 0;
| 
| /* Defined in main.c */
| #ifdef YY_STDINIT
|     yyin = stdin;
|     yyout = stdout;
| #else
|     yyin = NULL;
|     yyout = NULL;
| #endif
| 
|     /* For future reference: Set errno on error, since we are called by
|      * yylex_init()
|      */
|     return 0;
| }
| 
| /* yylex_destroy is for both reentrant and non-reentrant scanners. */
| int yylex_destroy  (void)
| {
|     
|     /* Pop the buffer stack, destroying each element. */
| 	while(YY_CURRENT_BUFFER){
| 		yy_delete_buffer( YY_CURRENT_BUFFER  );
| 		YY_CURRENT_BUFFER_LVALUE = NULL;
| 		yypop_buffer_state();
| 	}
| 
| 	/* Destroy the stack itself. */
| 	yyfree((yy_buffer_stack) );
| 	(yy_buffer_stack) = NULL;
| 
|     yyfree ( (yy_state_buf) );
|     (yy_state_buf)  = NULL;
| 
|     /* Reset the globals. This is important in a non-reentrant scanner so the next time
|      * yylex() is called, initialization will occur. */
|     yy_init_globals( );
| 
|     return 0;
| }
| 
| /*
|  * Internal utility routines.
|  */
| 
| #ifndef yytext_ptr
| static void yy_flex_strncpy (char* s1, const char * s2, int n )
| {
| 		
| 	int i;
| 	for ( i = 0; i < n; ++i )
| 		s1[i] = s2[i];
| }
| #endif
| 
| #ifdef YY_NEED_STRLEN
| static int yy_flex_strlen (const char * s )
| {
| 	int n;
| 	for ( n = 0; s[n]; ++n )
| 		;
| 
| 	return n;
| }
| #endif
| 
| void *yyalloc (yy_size_t  size )
| {
| 			return malloc(size);
| }
| 
| void *yyrealloc  (void * ptr, yy_size_t  size )
| {
| 		
| 	/* The cast to (char *) in the following accommodates both
| 	 * implementations that use char* generic pointers, and those
| 	 * that use void* generic pointers.  It works with the latter
| 	 * because both ANSI C and C++ allow castless assignment from
| 	 * any pointer type to void*, and deal with argument conversions
| 	 * as though doing an assignment.
| 	 */
| 	return realloc(ptr, size);
| }
| 
| void yyfree (void * ptr )
| {
| 			free( (char *) ptr );	/* see yyrealloc() for (char *) cast */
| }
| 
| #define YYTABLES_NAME "yytables"
| 
| #line 10 "conftest.l"
| 
| #ifdef YYTEXT_POINTER
| extern char *yytext;
| #endif
| int
| main (void)
| {
|   return ! yylex () + ! yywrap ();
| }
configure:5564: gcc -o conftest.exe -g -O2   conftest.c -ll -liconv -lssl -lcrypto >&5
C:/msys64/mingw64/bin/../lib/gcc/x86_64-w64-mingw32/16.1.0/../../../../x86_64-w64-mingw32/bin/ld.exe: cannot find -ll: No such file or directory
collect2.exe: error: ld returned 1 exit status
configure:5564: $? = 1
configure: failed program was:
| /* confdefs.h */
| #define PACKAGE_NAME ""
| #define PACKAGE_TARNAME ""
| #define PACKAGE_VERSION ""
| #define PACKAGE_STRING ""
| #define PACKAGE_BUGREPORT ""
| #define PACKAGE_URL ""
| #define DEVEL_VERSION 1
| /* end confdefs.h.  */
| 
| #line 2 "lex.yy.c"
| 
| #define  YY_INT_ALIGNED short int
| 
| /* A lexical scanner generated by flex */
| 
| #define FLEX_SCANNER
| #define YY_FLEX_MAJOR_VERSION 2
| #define YY_FLEX_MINOR_VERSION 6
| #define YY_FLEX_SUBMINOR_VERSION 4
| #if YY_FLEX_SUBMINOR_VERSION > 0
| #define FLEX_BETA
| #endif
| 
| /* First, we deal with  platform-specific or compiler-specific issues. */
| 
| /* begin standard C headers. */
| #include <stdio.h>
| #include <string.h>
| #include <errno.h>
| #include <stdlib.h>
| 
| /* end standard C headers. */
| 
| /* flex integer type definitions */
| 
| #ifndef FLEXINT_H
| #define FLEXINT_H
| 
| /* C99 systems have <inttypes.h>. Non-C99 systems may or may not. */
| 
| #if defined (__STDC_VERSION__) && __STDC_VERSION__ >= 199901L
| 
| /* C99 says to define __STDC_LIMIT_MACROS before including stdint.h,
|  * if you want the limit (max/min) macros for int types. 
|  */
| #ifndef __STDC_LIMIT_MACROS
| #define __STDC_LIMIT_MACROS 1
| #endif
| 
| #include <inttypes.h>
| typedef int8_t flex_int8_t;
| typedef uint8_t flex_uint8_t;
| typedef int16_t flex_int16_t;
| typedef uint16_t flex_uint16_t;
| typedef int32_t flex_int32_t;
| typedef uint32_t flex_uint32_t;
| #else
| typedef signed char flex_int8_t;
| typedef short int flex_int16_t;
| typedef int flex_int32_t;
| typedef unsigned char flex_uint8_t; 
| typedef unsigned short int flex_uint16_t;
| typedef unsigned int flex_uint32_t;
| 
| /* Limits of integral types. */
| #ifndef INT8_MIN
| #define INT8_MIN               (-128)
| #endif
| #ifndef INT16_MIN
| #define INT16_MIN              (-32767-1)
| #endif
| #ifndef INT32_MIN
| #define INT32_MIN              (-2147483647-1)
| #endif
| #ifndef INT8_MAX
| #define INT8_MAX               (127)
| #endif
| #ifndef INT16_MAX
| #define INT16_MAX              (32767)
| #endif
| #ifndef INT32_MAX
| #define INT32_MAX              (2147483647)
| #endif
| #ifndef UINT8_MAX
| #define UINT8_MAX              (255U)
| #endif
| #ifndef UINT16_MAX
| #define UINT16_MAX             (65535U)
| #endif
| #ifndef UINT32_MAX
| #define UINT32_MAX             (4294967295U)
| #endif
| 
| #ifndef SIZE_MAX
| #define SIZE_MAX               (~(size_t)0)
| #endif
| 
| #endif /* ! C99 */
| 
| #endif /* ! FLEXINT_H */
| 
| /* begin standard C++ headers. */
| 
| /* TODO: this is always defined, so inline it */
| #define yyconst const
| 
| #if defined(__GNUC__) && __GNUC__ >= 3
| #define yynoreturn __attribute__((__noreturn__))
| #else
| #define yynoreturn
| #endif
| 
| /* Returned upon end-of-file. */
| #define YY_NULL 0
| 
| /* Promotes a possibly negative, possibly signed char to an
|  *   integer in range [0..255] for use as an array index.
|  */
| #define YY_SC_TO_UI(c) ((YY_CHAR) (c))
| 
| /* Enter a start condition.  This macro really ought to take a parameter,
|  * but we do it the disgusting crufty way forced on us by the ()-less
|  * definition of BEGIN.
|  */
| #define BEGIN (yy_start) = 1 + 2 *
| /* Translate the current start state into a value that can be later handed
|  * to BEGIN to return to the state.  The YYSTATE alias is for lex
|  * compatibility.
|  */
| #define YY_START (((yy_start) - 1) / 2)
| #define YYSTATE YY_START
| /* Action number for EOF rule of a given start state. */
| #define YY_STATE_EOF(state) (YY_END_OF_BUFFER + state + 1)
| /* Special action meaning "start processing a new file". */
| #define YY_NEW_FILE yyrestart( yyin  )
| #define YY_END_OF_BUFFER_CHAR 0
| 
| /* Size of default input buffer. */
| #ifndef YY_BUF_SIZE
| #ifdef __ia64__
| /* On IA-64, the buffer size is 16k, not 8k.
|  * Moreover, YY_BUF_SIZE is 2*YY_READ_BUF_SIZE in the general case.
|  * Ditto for the __ia64__ case accordingly.
|  */
| #define YY_BUF_SIZE 32768
| #else
| #define YY_BUF_SIZE 16384
| #endif /* __ia64__ */
| #endif
| 
| /* The state buf must be large enough to hold one state per character in the main buffer.
|  */
| #define YY_STATE_BUF_SIZE   ((YY_BUF_SIZE + 2) * sizeof(yy_state_type))
| 
| #ifndef YY_TYPEDEF_YY_BUFFER_STATE
| #define YY_TYPEDEF_YY_BUFFER_STATE
| typedef struct yy_buffer_state *YY_BUFFER_STATE;
| #endif
| 
| #ifndef YY_TYPEDEF_YY_SIZE_T
| #define YY_TYPEDEF_YY_SIZE_T
| typedef size_t yy_size_t;
| #endif
| 
| extern int yyleng;
| 
| extern FILE *yyin, *yyout;
| 
| #define EOB_ACT_CONTINUE_SCAN 0
| #define EOB_ACT_END_OF_FILE 1
| #define EOB_ACT_LAST_MATCH 2
|     
|     #define YY_LESS_LINENO(n)
|     #define YY_LINENO_REWIND_TO(ptr)
|     
| /* Return all but the first "n" matched characters back to the input stream. */
| #define yyless(n) \
| 	do \
| 		{ \
| 		/* Undo effects of setting up yytext. */ \
|         int yyless_macro_arg = (n); \
|         YY_LESS_LINENO(yyless_macro_arg);\
| 		*yy_cp = (yy_hold_char); \
| 		YY_RESTORE_YY_MORE_OFFSET \
| 		(yy_c_buf_p) = yy_cp = yy_bp + yyless_macro_arg - YY_MORE_ADJ; \
| 		YY_DO_BEFORE_ACTION; /* set up yytext again */ \
| 		} \
| 	while ( 0 )
| #define unput(c) yyunput( c, (yytext_ptr)  )
| 
| #ifndef YY_STRUCT_YY_BUFFER_STATE
| #define YY_STRUCT_YY_BUFFER_STATE
| struct yy_buffer_state
| 	{
| 	FILE *yy_input_file;
| 
| 	char *yy_ch_buf;		/* input buffer */
| 	char *yy_buf_pos;		/* current position in input buffer */
| 
| 	/* Size of input buffer in bytes, not including room for EOB
| 	 * characters.
| 	 */
| 	int yy_buf_size;
| 
| 	/* Number of characters read into yy_ch_buf, not including EOB
| 	 * characters.
| 	 */
| 	int yy_n_chars;
| 
| 	/* Whether we "own" the buffer - i.e., we know we created it,
| 	 * and can realloc() it to grow it, and should free() it to
| 	 * delete it.
| 	 */
| 	int yy_is_our_buffer;
| 
| 	/* Whether this is an "interactive" input source; if so, and
| 	 * if we're using stdio for input, then we want to use getc()
| 	 * instead of fread(), to make sure we stop fetching input after
| 	 * each newline.
| 	 */
| 	int yy_is_interactive;
| 
| 	/* Whether we're considered to be at the beginning of a line.
| 	 * If so, '^' rules will be active on the next match, otherwise
| 	 * not.
| 	 */
| 	int yy_at_bol;
| 
|     int yy_bs_lineno; /**< The line count. */
|     int yy_bs_column; /**< The column count. */
| 
| 	/* Whether to try to fill the input buffer when we reach the
| 	 * end of it.
| 	 */
| 	int yy_fill_buffer;
| 
| 	int yy_buffer_status;
| 
| #define YY_BUFFER_NEW 0
| #define YY_BUFFER_NORMAL 1
| 	/* When an EOF's been seen but there's still some text to process
| 	 * then we mark the buffer as YY_EOF_PENDING, to indicate that we
| 	 * shouldn't try reading from the input source any more.  We might
| 	 * still have a bunch of tokens to match, though, because of
| 	 * possible backing-up.
| 	 *
| 	 * When we actually see the EOF, we change the status to "new"
| 	 * (via yyrestart()), so that the user can continue scanning by
| 	 * just pointing yyin at a new input file.
| 	 */
| #define YY_BUFFER_EOF_PENDING 2
| 
| 	};
| #endif /* !YY_STRUCT_YY_BUFFER_STATE */
| 
| /* Stack of input buffers. */
| static size_t yy_buffer_stack_top = 0; /**< index of top of stack. */
| static size_t yy_buffer_stack_max = 0; /**< capacity of stack. */
| static YY_BUFFER_STATE * yy_buffer_stack = NULL; /**< Stack as an array. */
| 
| /* We provide macros for accessing buffer states in case in the
|  * future we want to put the buffer states in a more general
|  * "scanner state".
|  *
|  * Returns the top of the stack, or NULL.
|  */
| #define YY_CURRENT_BUFFER ( (yy_buffer_stack) \
|                           ? (yy_buffer_stack)[(yy_buffer_stack_top)] \
|                           : NULL)
| /* Same as previous macro, but useful when we know that the buffer stack is not
|  * NULL or when we need an lvalue. For internal use only.
|  */
| #define YY_CURRENT_BUFFER_LVALUE (yy_buffer_stack)[(yy_buffer_stack_top)]
| 
| /* yy_hold_char holds the character lost when yytext is formed. */
| static char yy_hold_char;
| static int yy_n_chars;		/* number of characters read into yy_ch_buf */
| int yyleng;
| 
| /* Points to current character in buffer. */
| static char *yy_c_buf_p = NULL;
| static int yy_init = 0;		/* whether we need to initialize */
| static int yy_start = 0;	/* start state number */
| 
| /* Flag which is used to allow yywrap()'s to do buffer switches
|  * instead of setting up a fresh yyin.  A bit of a hack ...
|  */
| static int yy_did_buffer_switch_on_eof;
| 
| void yyrestart ( FILE *input_file  );
| void yy_switch_to_buffer ( YY_BUFFER_STATE new_buffer  );
| YY_BUFFER_STATE yy_create_buffer ( FILE *file, int size  );
| void yy_delete_buffer ( YY_BUFFER_STATE b  );
| void yy_flush_buffer ( YY_BUFFER_STATE b  );
| void yypush_buffer_state ( YY_BUFFER_STATE new_buffer  );
| void yypop_buffer_state ( void );
| 
| static void yyensure_buffer_stack ( void );
| static void yy_load_buffer_state ( void );
| static void yy_init_buffer ( YY_BUFFER_STATE b, FILE *file  );
| #define YY_FLUSH_BUFFER yy_flush_buffer( YY_CURRENT_BUFFER )
| 
| YY_BUFFER_STATE yy_scan_buffer ( char *base, yy_size_t size  );
| YY_BUFFER_STATE yy_scan_string ( const char *yy_str  );
| YY_BUFFER_STATE yy_scan_bytes ( const char *bytes, int len  );
| 
| void *yyalloc ( yy_size_t  );
| void *yyrealloc ( void *, yy_size_t  );
| void yyfree ( void *  );
| 
| #define yy_new_buffer yy_create_buffer
| #define yy_set_interactive(is_interactive) \
| 	{ \
| 	if ( ! YY_CURRENT_BUFFER ){ \
|         yyensure_buffer_stack (); \
| 		YY_CURRENT_BUFFER_LVALUE =    \
|             yy_create_buffer( yyin, YY_BUF_SIZE ); \
| 	} \
| 	YY_CURRENT_BUFFER_LVALUE->yy_is_interactive = is_interactive; \
| 	}
| #define yy_set_bol(at_bol) \
| 	{ \
| 	if ( ! YY_CURRENT_BUFFER ){\
|         yyensure_buffer_stack (); \
| 		YY_CURRENT_BUFFER_LVALUE =    \
|             yy_create_buffer( yyin, YY_BUF_SIZE ); \
| 	} \
| 	YY_CURRENT_BUFFER_LVALUE->yy_at_bol = at_bol; \
| 	}
| #define YY_AT_BOL() (YY_CURRENT_BUFFER_LVALUE->yy_at_bol)
| 
| /* Begin user sect3 */
| typedef flex_uint8_t YY_CHAR;
| 
| FILE *yyin = NULL, *yyout = NULL;
| 
| typedef int yy_state_type;
| 
| extern int yylineno;
| int yylineno = 1;
| 
| extern char *yytext;
| #ifdef yytext_ptr
| #undef yytext_ptr
| #endif
| #define yytext_ptr yytext
| 
| static yy_state_type yy_get_previous_state ( void );
| static yy_state_type yy_try_NUL_trans ( yy_state_type current_state  );
| static int yy_get_next_buffer ( void );
| static void yynoreturn yy_fatal_error ( const char* msg  );
| 
| /* Done after the current pattern has been matched and before the
|  * corresponding action - sets up yytext.
|  */
| #define YY_DO_BEFORE_ACTION \
| 	(yytext_ptr) = yy_bp; \
| 	(yytext_ptr) -= (yy_more_len); \
| 	yyleng = (int) (yy_cp - (yytext_ptr)); \
| 	(yy_hold_char) = *yy_cp; \
| 	*yy_cp = '\0'; \
| 	(yy_c_buf_p) = yy_cp;
| #define YY_NUM_RULES 8
| #define YY_END_OF_BUFFER 9
| /* This struct is not used in this scanner,
|    but its presence is necessary. */
| struct yy_trans_info
| 	{
| 	flex_int32_t yy_verify;
| 	flex_int32_t yy_nxt;
| 	};
| static const flex_int16_t yy_acclist[23] =
|     {   0,
|         9,    7,    8,    8,    1,    7,    8,    2,    7,    8,
|         3,    7,    8,    4,    7,    8,    5,    7,    8,    6,
|         7,    8
|     } ;
| 
| static const flex_int16_t yy_accept[14] =
|     {   0,
|         1,    1,    1,    2,    4,    5,    8,   11,   14,   17,
|        20,   23,   23
|     } ;
| 
| static const YY_CHAR yy_ec[256] =
|     {   0,
|         1,    1,    1,    1,    1,    1,    1,    1,    1,    2,
|         1,    1,    1,    1,    1,    1,    1,    1,    1,    1,
|         1,    1,    1,    1,    1,    1,    1,    1,    1,    1,
|         1,    1,    1,    1,    1,    1,    1,    1,    1,    1,
|         1,    1,    1,    1,    1,    1,    1,    1,    1,    1,
|         1,    1,    1,    1,    1,    1,    1,    1,    1,    1,
|         1,    1,    1,    1,    1,    1,    1,    1,    1,    1,
|         1,    1,    1,    1,    1,    1,    1,    1,    1,    1,
|         1,    1,    1,    1,    1,    1,    1,    1,    1,    1,
|         1,    1,    1,    1,    1,    1,    3,    4,    5,    6,
| 
|         7,    8,    1,    1,    1,    1,    1,    1,    1,    1,
|         1,    1,    1,    1,    1,    1,    1,    1,    1,    1,
|         1,    1,    1,    1,    1,    1,    1,    1,    1,    1,
|         1,    1,    1,    1,    1,    1,    1,    1,    1,    1,
|         1,    1,    1,    1,    1,    1,    1,    1,    1,    1,
|         1,    1,    1,    1,    1,    1,    1,    1,    1,    1,
|         1,    1,    1,    1,    1,    1,    1,    1,    1,    1,
|         1,    1,    1,    1,    1,    1,    1,    1,    1,    1,
|         1,    1,    1,    1,    1,    1,    1,    1,    1,    1,
|         1,    1,    1,    1,    1,    1,    1,    1,    1,    1,
| 
|         1,    1,    1,    1,    1,    1,    1,    1,    1,    1,
|         1,    1,    1,    1,    1,    1,    1,    1,    1,    1,
|         1,    1,    1,    1,    1,    1,    1,    1,    1,    1,
|         1,    1,    1,    1,    1,    1,    1,    1,    1,    1,
|         1,    1,    1,    1,    1,    1,    1,    1,    1,    1,
|         1,    1,    1,    1,    1
|     } ;
| 
| static const YY_CHAR yy_meta[9] =
|     {   0,
|         1,    1,    1,    1,    1,    1,    1,    1
|     } ;
| 
| static const flex_int16_t yy_base[13] =
|     {   0,
|         0,    0,    9,   10,   10,   10,   10,   10,   10,   10,
|        10,   10
|     } ;
| 
| static const flex_int16_t yy_def[13] =
|     {   0,
|        12,    1,   12,   12,   12,   12,   12,   12,   12,   12,
|        12,    0
|     } ;
| 
| static const flex_int16_t yy_nxt[19] =
|     {   0,
|         4,    5,    6,    7,    8,    9,   10,   11,   12,    3,
|        12,   12,   12,   12,   12,   12,   12,   12
|     } ;
| 
| static const flex_int16_t yy_chk[19] =
|     {   0,
|         1,    1,    1,    1,    1,    1,    1,    1,    3,   12,
|        12,   12,   12,   12,   12,   12,   12,   12
|     } ;
| 
| extern int yy_flex_debug;
| int yy_flex_debug = 0;
| 
| static yy_state_type *yy_state_buf=0, *yy_state_ptr=0;
| static char *yy_full_match;
| static int yy_lp;
| #define REJECT \
| { \
| *yy_cp = (yy_hold_char); /* undo effects of setting up yytext */ \
| yy_cp = (yy_full_match); /* restore poss. backed-over text */ \
| ++(yy_lp); \
| goto find_rule; \
| }
| 
| static int yy_more_flag = 0;
| static int yy_more_len = 0;
| #define yymore() ((yy_more_flag) = 1)
| #define YY_MORE_ADJ (yy_more_len)
| #define YY_RESTORE_YY_MORE_OFFSET
| char *yytext;
| #line 1 "conftest.l"
| #line 459 "lex.yy.c"
| 
| #define INITIAL 0
| 
| #ifndef YY_NO_UNISTD_H
| /* Special case for "unistd.h", since it is non-ANSI. We include it way
|  * down here because we want the user's section 1 to have been scanned first.
|  * The user has a chance to override it with an option.
|  */
| #include <unistd.h>
| #endif
| 
| #ifndef YY_EXTRA_TYPE
| #define YY_EXTRA_TYPE void *
| #endif
| 
| static int yy_init_globals ( void );
| 
| /* Accessor methods to globals.
|    These are made visible to non-reentrant scanners for convenience. */
| 
| int yylex_destroy ( void );
| 
| int yyget_debug ( void );
| 
| void yyset_debug ( int debug_flag  );
| 
| YY_EXTRA_TYPE yyget_extra ( void );
| 
| void yyset_extra ( YY_EXTRA_TYPE user_defined  );
| 
| FILE *yyget_in ( void );
| 
| void yyset_in  ( FILE * _in_str  );
| 
| FILE *yyget_out ( void );
| 
| void yyset_out  ( FILE * _out_str  );
| 
| 			int yyget_leng ( void );
| 
| char *yyget_text ( void );
| 
| int yyget_lineno ( void );
| 
| void yyset_lineno ( int _line_number  );
| 
| /* Macros after this point can all be overridden by user definitions in
|  * section 1.
|  */
| 
| #ifndef YY_SKIP_YYWRAP
| #ifdef __cplusplus
| extern "C" int yywrap ( void );
| #else
| extern int yywrap ( void );
| #endif
| #endif
| 
| #ifndef YY_NO_UNPUT
|     
|     static void yyunput ( int c, char *buf_ptr  );
|     
| #endif
| 
| #ifndef yytext_ptr
| static void yy_flex_strncpy ( char *, const char *, int );
| #endif
| 
| #ifdef YY_NEED_STRLEN
| static int yy_flex_strlen ( const char * );
| #endif
| 
| #ifndef YY_NO_INPUT
| #ifdef __cplusplus
| static int yyinput ( void );
| #else
| static int input ( void );
| #endif
| 
| #endif
| 
| /* Amount of stuff to slurp up with each read. */
| #ifndef YY_READ_BUF_SIZE
| #ifdef __ia64__
| /* On IA-64, the buffer size is 16k, not 8k */
| #define YY_READ_BUF_SIZE 16384
| #else
| #define YY_READ_BUF_SIZE 8192
| #endif /* __ia64__ */
| #endif
| 
| /* Copy whatever the last rule matched to the standard output. */
| #ifndef ECHO
| /* This used to be an fputs(), but since the string might contain NUL's,
|  * we now use fwrite().
|  */
| #define ECHO do { if (fwrite( yytext, (size_t) yyleng, 1, yyout )) {} } while (0)
| #endif
| 
| /* Gets input and stuffs it into "buf".  number of characters read, or YY_NULL,
|  * is returned in "result".
|  */
| #ifndef YY_INPUT
| #define YY_INPUT(buf,result,max_size) \
| 	if ( YY_CURRENT_BUFFER_LVALUE->yy_is_interactive ) \
| 		{ \
| 		int c = '*'; \
| 		int n; \
| 		for ( n = 0; n < max_size && \
| 			     (c = getc( yyin )) != EOF && c != '\n'; ++n ) \
| 			buf[n] = (char) c; \
| 		if ( c == '\n' ) \
| 			buf[n++] = (char) c; \
| 		if ( c == EOF && ferror( yyin ) ) \
| 			YY_FATAL_ERROR( "input in flex scanner failed" ); \
| 		result = n; \
| 		} \
| 	else \
| 		{ \
| 		errno=0; \
| 		while ( (result = (int) fread(buf, 1, (yy_size_t) max_size, yyin)) == 0 && ferror(yyin)) \
| 			{ \
| 			if( errno != EINTR) \
| 				{ \
| 				YY_FATAL_ERROR( "input in flex scanner failed" ); \
| 				break; \
| 				} \
| 			errno=0; \
| 			clearerr(yyin); \
| 			} \
| 		}\
| \
| 
| #endif
| 
| /* No semi-colon after return; correct usage is to write "yyterminate();" -
|  * we don't want an extra ';' after the "return" because that will cause
|  * some compilers to complain about unreachable statements.
|  */
| #ifndef yyterminate
| #define yyterminate() return YY_NULL
| #endif
| 
| /* Number of entries by which start-condition stack grows. */
| #ifndef YY_START_STACK_INCR
| #define YY_START_STACK_INCR 25
| #endif
| 
| /* Report a fatal error. */
| #ifndef YY_FATAL_ERROR
| #define YY_FATAL_ERROR(msg) yy_fatal_error( msg )
| #endif
| 
| /* end tables serialization structures and prototypes */
| 
| /* Default declaration of generated scanner - a define so the user can
|  * easily add parameters.
|  */
| #ifndef YY_DECL
| #define YY_DECL_IS_OURS 1
| 
| extern int yylex (void);
| 
| #define YY_DECL int yylex (void)
| #endif /* !YY_DECL */
| 
| /* Code executed at the beginning of each rule, after yytext and yyleng
|  * have been set up.
|  */
| #ifndef YY_USER_ACTION
| #define YY_USER_ACTION
| #endif
| 
| /* Code executed at the end of each rule. */
| #ifndef YY_BREAK
| #define YY_BREAK /*LINTED*/break;
| #endif
| 
| #define YY_RULE_SETUP \
| 	YY_USER_ACTION
| 
| /** The main scanner function which does all the work.
|  */
| YY_DECL
| {
| 	yy_state_type yy_current_state;
| 	char *yy_cp, *yy_bp;
| 	int yy_act;
|     
| 	if ( !(yy_init) )
| 		{
| 		(yy_init) = 1;
| 
| #ifdef YY_USER_INIT
| 		YY_USER_INIT;
| #endif
| 
|         /* Create the reject buffer large enough to save one state per allowed character. */
|         if ( ! (yy_state_buf) )
|             (yy_state_buf) = (yy_state_type *)yyalloc(YY_STATE_BUF_SIZE  );
|             if ( ! (yy_state_buf) )
|                 YY_FATAL_ERROR( "out of dynamic memory in yylex()" );
| 
| 		if ( ! (yy_start) )
| 			(yy_start) = 1;	/* first start state */
| 
| 		if ( ! yyin )
| 			yyin = stdin;
| 
| 		if ( ! yyout )
| 			yyout = stdout;
| 
| 		if ( ! YY_CURRENT_BUFFER ) {
| 			yyensure_buffer_stack ();
| 			YY_CURRENT_BUFFER_LVALUE =
| 				yy_create_buffer( yyin, YY_BUF_SIZE );
| 		}
| 
| 		yy_load_buffer_state(  );
| 		}
| 
| 	{
| #line 1 "conftest.l"
| 
| #line 684 "lex.yy.c"
| 
| 	while ( /*CONSTCOND*/1 )		/* loops until end-of-file is reached */
| 		{
| 		(yy_more_len) = 0;
| 		if ( (yy_more_flag) )
| 			{
| 			(yy_more_len) = (int) ((yy_c_buf_p) - (yytext_ptr));
| 			(yy_more_flag) = 0;
| 			}
| 		yy_cp = (yy_c_buf_p);
| 
| 		/* Support of yytext. */
| 		*yy_cp = (yy_hold_char);
| 
| 		/* yy_bp points to the position in yy_ch_buf of the start of
| 		 * the current run.
| 		 */
| 		yy_bp = yy_cp;
| 
| 		yy_current_state = (yy_start);
| 
| 		(yy_state_ptr) = (yy_state_buf);
| 		*(yy_state_ptr)++ = yy_current_state;
| 
| yy_match:
| 		do
| 			{
| 			YY_CHAR yy_c = yy_ec[YY_SC_TO_UI(*yy_cp)] ;
| 			while ( yy_chk[yy_base[yy_current_state] + yy_c] != yy_current_state )
| 				{
| 				yy_current_state = (int) yy_def[yy_current_state];
| 				if ( yy_current_state >= 13 )
| 					yy_c = yy_meta[yy_c];
| 				}
| 			yy_current_state = yy_nxt[yy_base[yy_current_state] + yy_c];
| 			*(yy_state_ptr)++ = yy_current_state;
| 			++yy_cp;
| 			}
| 		while ( yy_base[yy_current_state] != 10 );
| 
| yy_find_action:
| 		yy_current_state = *--(yy_state_ptr);
| 		(yy_lp) = yy_accept[yy_current_state];
| 
| find_rule: /* we branch to this label when backing up */
| 
| 		for ( ; ; ) /* until we find what rule we matched */
| 			{
| 			if ( (yy_lp) && (yy_lp) < yy_accept[yy_current_state + 1] )
| 				{
| 				yy_act = yy_acclist[(yy_lp)];
| 					{
| 					(yy_full_match) = yy_cp;
| 					break;
| 					}
| 				}
| 			--yy_cp;
| 			yy_current_state = *--(yy_state_ptr);
| 			(yy_lp) = yy_accept[yy_current_state];
| 			}
| 
| 		YY_DO_BEFORE_ACTION;
| 
| do_action:	/* This label is used only to access EOF actions. */
| 
| 		switch ( yy_act )
| 	{ /* beginning of action switch */
| case 1:
| YY_RULE_SETUP
| #line 2 "conftest.l"
| { ECHO; }
| 	YY_BREAK
| case 2:
| YY_RULE_SETUP
| #line 3 "conftest.l"
| { REJECT; }
| 	YY_BREAK
| case 3:
| YY_RULE_SETUP
| #line 4 "conftest.l"
| { yymore (); }
| 	YY_BREAK
| case 4:
| YY_RULE_SETUP
| #line 5 "conftest.l"
| { yyless (1); }
| 	YY_BREAK
| case 5:
| YY_RULE_SETUP
| #line 6 "conftest.l"
| { /* IRIX 6.5 flex 2.5.4 underquotes its yyless argument.  */
|     yyless ((input () != 0)); }
| 	YY_BREAK
| case 6:
| YY_RULE_SETUP
| #line 8 "conftest.l"
| { unput (yytext[0]); }
| 	YY_BREAK
| case 7:
| YY_RULE_SETUP
| #line 9 "conftest.l"
| { BEGIN INITIAL; }
| 	YY_BREAK
| case 8:
| YY_RULE_SETUP
| #line 10 "conftest.l"
| ECHO;
| 	YY_BREAK
| #line 793 "lex.yy.c"
| 			case YY_STATE_EOF(INITIAL):
| 				yyterminate();
| 
| 	case YY_END_OF_BUFFER:
| 		{
| 		/* Amount of text matched not including the EOB char. */
| 		int yy_amount_of_matched_text = (int) (yy_cp - (yytext_ptr)) - 1;
| 
| 		/* Undo the effects of YY_DO_BEFORE_ACTION. */
| 		*yy_cp = (yy_hold_char);
| 		YY_RESTORE_YY_MORE_OFFSET
| 
| 		if ( YY_CURRENT_BUFFER_LVALUE->yy_buffer_status == YY_BUFFER_NEW )
| 			{
| 			/* We're scanning a new file or input source.  It's
| 			 * possible that this happened because the user
| 			 * just pointed yyin at a new source and called
| 			 * yylex().  If so, then we have to assure
| 			 * consistency between YY_CURRENT_BUFFER and our
| 			 * globals.  Here is the right place to do so, because
| 			 * this is the first action (other than possibly a
| 			 * back-up) that will match for the new input source.
| 			 */
| 			(yy_n_chars) = YY_CURRENT_BUFFER_LVALUE->yy_n_chars;
| 			YY_CURRENT_BUFFER_LVALUE->yy_input_file = yyin;
| 			YY_CURRENT_BUFFER_LVALUE->yy_buffer_status = YY_BUFFER_NORMAL;
| 			}
| 
| 		/* Note that here we test for yy_c_buf_p "<=" to the position
| 		 * of the first EOB in the buffer, since yy_c_buf_p will
| 		 * already have been incremented past the NUL character
| 		 * (since all states make transitions on EOB to the
| 		 * end-of-buffer state).  Contrast this with the test
| 		 * in input().
| 		 */
| 		if ( (yy_c_buf_p) <= &YY_CURRENT_BUFFER_LVALUE->yy_ch_buf[(yy_n_chars)] )
| 			{ /* This was really a NUL. */
| 			yy_state_type yy_next_state;
| 
| 			(yy_c_buf_p) = (yytext_ptr) + yy_amount_of_matched_text;
| 
| 			yy_current_state = yy_get_previous_state(  );
| 
| 			/* Okay, we're now positioned to make the NUL
| 			 * transition.  We couldn't have
| 			 * yy_get_previous_state() go ahead and do it
| 			 * for us because it doesn't know how to deal
| 			 * with the possibility of jamming (and we don't
| 			 * want to build jamming into it because then it
| 			 * will run more slowly).
| 			 */
| 
| 			yy_next_state = yy_try_NUL_trans( yy_current_state );
| 
| 			yy_bp = (yytext_ptr) + YY_MORE_ADJ;
| 
| 			if ( yy_next_state )
| 				{
| 				/* Consume the NUL. */
| 				yy_cp = ++(yy_c_buf_p);
| 				yy_current_state = yy_next_state;
| 				goto yy_match;
| 				}
| 
| 			else
| 				{
| 				yy_cp = (yy_c_buf_p);
| 				goto yy_find_action;
| 				}
| 			}
| 
| 		else switch ( yy_get_next_buffer(  ) )
| 			{
| 			case EOB_ACT_END_OF_FILE:
| 				{
| 				(yy_did_buffer_switch_on_eof) = 0;
| 
| 				if ( yywrap(  ) )
| 					{
| 					/* Note: because we've taken care in
| 					 * yy_get_next_buffer() to have set up
| 					 * yytext, we can now set up
| 					 * yy_c_buf_p so that if some total
| 					 * hoser (like flex itself) wants to
| 					 * call the scanner after we return the
| 					 * YY_NULL, it'll still work - another
| 					 * YY_NULL will get returned.
| 					 */
| 					(yy_c_buf_p) = (yytext_ptr) + YY_MORE_ADJ;
| 
| 					yy_act = YY_STATE_EOF(YY_START);
| 					goto do_action;
| 					}
| 
| 				else
| 					{
| 					if ( ! (yy_did_buffer_switch_on_eof) )
| 						YY_NEW_FILE;
| 					}
| 				break;
| 				}
| 
| 			case EOB_ACT_CONTINUE_SCAN:
| 				(yy_c_buf_p) =
| 					(yytext_ptr) + yy_amount_of_matched_text;
| 
| 				yy_current_state = yy_get_previous_state(  );
| 
| 				yy_cp = (yy_c_buf_p);
| 				yy_bp = (yytext_ptr) + YY_MORE_ADJ;
| 				goto yy_match;
| 
| 			case EOB_ACT_LAST_MATCH:
| 				(yy_c_buf_p) =
| 				&YY_CURRENT_BUFFER_LVALUE->yy_ch_buf[(yy_n_chars)];
| 
| 				yy_current_state = yy_get_previous_state(  );
| 
| 				yy_cp = (yy_c_buf_p);
| 				yy_bp = (yytext_ptr) + YY_MORE_ADJ;
| 				goto yy_find_action;
| 			}
| 		break;
| 		}
| 
| 	default:
| 		YY_FATAL_ERROR(
| 			"fatal flex scanner internal error--no action found" );
| 	} /* end of action switch */
| 		} /* end of scanning one token */
| 	} /* end of user's declarations */
| } /* end of yylex */
| 
| /* yy_get_next_buffer - try to read in a new buffer
|  *
|  * Returns a code representing an action:
|  *	EOB_ACT_LAST_MATCH -
|  *	EOB_ACT_CONTINUE_SCAN - continue scanning from current position
|  *	EOB_ACT_END_OF_FILE - end of file
|  */
| static int yy_get_next_buffer (void)
| {
|     	char *dest = YY_CURRENT_BUFFER_LVALUE->yy_ch_buf;
| 	char *source = (yytext_ptr);
| 	int number_to_move, i;
| 	int ret_val;
| 
| 	if ( (yy_c_buf_p) > &YY_CURRENT_BUFFER_LVALUE->yy_ch_buf[(yy_n_chars) + 1] )
| 		YY_FATAL_ERROR(
| 		"fatal flex scanner internal error--end of buffer missed" );
| 
| 	if ( YY_CURRENT_BUFFER_LVALUE->yy_fill_buffer == 0 )
| 		{ /* Don't try to fill the buffer, so this is an EOF. */
| 		if ( (yy_c_buf_p) - (yytext_ptr) - YY_MORE_ADJ == 1 )
| 			{
| 			/* We matched a single character, the EOB, so
| 			 * treat this as a final EOF.
| 			 */
| 			return EOB_ACT_END_OF_FILE;
| 			}
| 
| 		else
| 			{
| 			/* We matched some text prior to the EOB, first
| 			 * process it.
| 			 */
| 			return EOB_ACT_LAST_MATCH;
| 			}
| 		}
| 
| 	/* Try to read more data. */
| 
| 	/* First move last chars to start of buffer. */
| 	number_to_move = (int) ((yy_c_buf_p) - (yytext_ptr) - 1);
| 
| 	for ( i = 0; i < number_to_move; ++i )
| 		*(dest++) = *(source++);
| 
| 	if ( YY_CURRENT_BUFFER_LVALUE->yy_buffer_status == YY_BUFFER_EOF_PENDING )
| 		/* don't do the read, it's not guaranteed to return an EOF,
| 		 * just force an EOF
| 		 */
| 		YY_CURRENT_BUFFER_LVALUE->yy_n_chars = (yy_n_chars) = 0;
| 
| 	else
| 		{
| 			int num_to_read =
| 			YY_CURRENT_BUFFER_LVALUE->yy_buf_size - number_to_move - 1;
| 
| 		while ( num_to_read <= 0 )
| 			{ /* Not enough room in the buffer - grow it. */
| 
| 			YY_FATAL_ERROR(
| "input buffer overflow, can't enlarge buffer because scanner uses REJECT" );
| 
| 			}
| 
| 		if ( num_to_read > YY_READ_BUF_SIZE )
| 			num_to_read = YY_READ_BUF_SIZE;
| 
| 		/* Read in more data. */
| 		YY_INPUT( (&YY_CURRENT_BUFFER_LVALUE->yy_ch_buf[number_to_move]),
| 			(yy_n_chars), num_to_read );
| 
| 		YY_CURRENT_BUFFER_LVALUE->yy_n_chars = (yy_n_chars);
| 		}
| 
| 	if ( (yy_n_chars) == 0 )
| 		{
| 		if ( number_to_move == YY_MORE_ADJ )
| 			{
| 			ret_val = EOB_ACT_END_OF_FILE;
| 			yyrestart( yyin  );
| 			}
| 
| 		else
| 			{
| 			ret_val = EOB_ACT_LAST_MATCH;
| 			YY_CURRENT_BUFFER_LVALUE->yy_buffer_status =
| 				YY_BUFFER_EOF_PENDING;
| 			}
| 		}
| 
| 	else
| 		ret_val = EOB_ACT_CONTINUE_SCAN;
| 
| 	if (((yy_n_chars) + number_to_move) > YY_CURRENT_BUFFER_LVALUE->yy_buf_size) {
| 		/* Extend the array by 50%, plus the number we really need. */
| 		int new_size = (yy_n_chars) + number_to_move + ((yy_n_chars) >> 1);
| 		YY_CURRENT_BUFFER_LVALUE->yy_ch_buf = (char *) yyrealloc(
| 			(void *) YY_CURRENT_BUFFER_LVALUE->yy_ch_buf, (yy_size_t) new_size  );
| 		if ( ! YY_CURRENT_BUFFER_LVALUE->yy_ch_buf )
| 			YY_FATAL_ERROR( "out of dynamic memory in yy_get_next_buffer()" );
| 		/* "- 2" to take care of EOB's */
| 		YY_CURRENT_BUFFER_LVALUE->yy_buf_size = (int) (new_size - 2);
| 	}
| 
| 	(yy_n_chars) += number_to_move;
| 	YY_CURRENT_BUFFER_LVALUE->yy_ch_buf[(yy_n_chars)] = YY_END_OF_BUFFER_CHAR;
| 	YY_CURRENT_BUFFER_LVALUE->yy_ch_buf[(yy_n_chars) + 1] = YY_END_OF_BUFFER_CHAR;
| 
| 	(yytext_ptr) = &YY_CURRENT_BUFFER_LVALUE->yy_ch_buf[0];
| 
| 	return ret_val;
| }
| 
| /* yy_get_previous_state - get the state just before the EOB char was reached */
| 
|     static yy_state_type yy_get_previous_state (void)
| {
| 	yy_state_type yy_current_state;
| 	char *yy_cp;
|     
| 	yy_current_state = (yy_start);
| 
| 	(yy_state_ptr) = (yy_state_buf);
| 	*(yy_state_ptr)++ = yy_current_state;
| 
| 	for ( yy_cp = (yytext_ptr) + YY_MORE_ADJ; yy_cp < (yy_c_buf_p); ++yy_cp )
| 		{
| 		YY_CHAR yy_c = (*yy_cp ? yy_ec[YY_SC_TO_UI(*yy_cp)] : 1);
| 		while ( yy_chk[yy_base[yy_current_state] + yy_c] != yy_current_state )
| 			{
| 			yy_current_state = (int) yy_def[yy_current_state];
| 			if ( yy_current_state >= 13 )
| 				yy_c = yy_meta[yy_c];
| 			}
| 		yy_current_state = yy_nxt[yy_base[yy_current_state] + yy_c];
| 		*(yy_state_ptr)++ = yy_current_state;
| 		}
| 
| 	return yy_current_state;
| }
| 
| /* yy_try_NUL_trans - try to make a transition on the NUL character
|  *
|  * synopsis
|  *	next_state = yy_try_NUL_trans( current_state );
|  */
|     static yy_state_type yy_try_NUL_trans  (yy_state_type yy_current_state )
| {
| 	int yy_is_jam;
|     
| 	YY_CHAR yy_c = 1;
| 	while ( yy_chk[yy_base[yy_current_state] + yy_c] != yy_current_state )
| 		{
| 		yy_current_state = (int) yy_def[yy_current_state];
| 		if ( yy_current_state >= 13 )
| 			yy_c = yy_meta[yy_c];
| 		}
| 	yy_current_state = yy_nxt[yy_base[yy_current_state] + yy_c];
| 	yy_is_jam = (yy_current_state == 12);
| 	if ( ! yy_is_jam )
| 		*(yy_state_ptr)++ = yy_current_state;
| 
| 		return yy_is_jam ? 0 : yy_current_state;
| }
| 
| #ifndef YY_NO_UNPUT
| 
|     static void yyunput (int c, char * yy_bp )
| {
| 	char *yy_cp;
|     
|     yy_cp = (yy_c_buf_p);
| 
| 	/* undo effects of setting up yytext */
| 	*yy_cp = (yy_hold_char);
| 
| 	if ( yy_cp < YY_CURRENT_BUFFER_LVALUE->yy_ch_buf + 2 )
| 		{ /* need to shift things up to make room */
| 		/* +2 for EOB chars. */
| 		int number_to_move = (yy_n_chars) + 2;
| 		char *dest = &YY_CURRENT_BUFFER_LVALUE->yy_ch_buf[
| 					YY_CURRENT_BUFFER_LVALUE->yy_buf_size + 2];
| 		char *source =
| 				&YY_CURRENT_BUFFER_LVALUE->yy_ch_buf[number_to_move];
| 
| 		while ( source > YY_CURRENT_BUFFER_LVALUE->yy_ch_buf )
| 			*--dest = *--source;
| 
| 		yy_cp += (int) (dest - source);
| 		yy_bp += (int) (dest - source);
| 		YY_CURRENT_BUFFER_LVALUE->yy_n_chars =
| 			(yy_n_chars) = (int) YY_CURRENT_BUFFER_LVALUE->yy_buf_size;
| 
| 		if ( yy_cp < YY_CURRENT_BUFFER_LVALUE->yy_ch_buf + 2 )
| 			YY_FATAL_ERROR( "flex scanner push-back overflow" );
| 		}
| 
| 	*--yy_cp = (char) c;
| 
| 	(yytext_ptr) = yy_bp;
| 	(yy_hold_char) = *yy_cp;
| 	(yy_c_buf_p) = yy_cp;
| }
| 
| #endif
| 
| #ifndef YY_NO_INPUT
| #ifdef __cplusplus
|     static int yyinput (void)
| #else
|     static int input  (void)
| #endif
| 
| {
| 	int c;
|     
| 	*(yy_c_buf_p) = (yy_hold_char);
| 
| 	if ( *(yy_c_buf_p) == YY_END_OF_BUFFER_CHAR )
| 		{
| 		/* yy_c_buf_p now points to the character we want to return.
| 		 * If this occurs *before* the EOB characters, then it's a
| 		 * valid NUL; if not, then we've hit the end of the buffer.
| 		 */
| 		if ( (yy_c_buf_p) < &YY_CURRENT_BUFFER_LVALUE->yy_ch_buf[(yy_n_chars)] )
| 			/* This was really a NUL. */
| 			*(yy_c_buf_p) = '\0';
| 
| 		else
| 			{ /* need more input */
| 			int offset = (int) ((yy_c_buf_p) - (yytext_ptr));
| 			++(yy_c_buf_p);
| 
| 			switch ( yy_get_next_buffer(  ) )
| 				{
| 				case EOB_ACT_LAST_MATCH:
| 					/* This happens because yy_g_n_b()
| 					 * sees that we've accumulated a
| 					 * token and flags that we need to
| 					 * try matching the token before
| 					 * proceeding.  But for input(),
| 					 * there's no matching to consider.
| 					 * So convert the EOB_ACT_LAST_MATCH
| 					 * to EOB_ACT_END_OF_FILE.
| 					 */
| 
| 					/* Reset buffer status. */
| 					yyrestart( yyin );
| 
| 					/*FALLTHROUGH*/
| 
| 				case EOB_ACT_END_OF_FILE:
| 					{
| 					if ( yywrap(  ) )
| 						return 0;
| 
| 					if ( ! (yy_did_buffer_switch_on_eof) )
| 						YY_NEW_FILE;
| #ifdef __cplusplus
| 					return yyinput();
| #else
| 					return input();
| #endif
| 					}
| 
| 				case EOB_ACT_CONTINUE_SCAN:
| 					(yy_c_buf_p) = (yytext_ptr) + offset;
| 					break;
| 				}
| 			}
| 		}
| 
| 	c = *(unsigned char *) (yy_c_buf_p);	/* cast for 8-bit char's */
| 	*(yy_c_buf_p) = '\0';	/* preserve yytext */
| 	(yy_hold_char) = *++(yy_c_buf_p);
| 
| 	return c;
| }
| #endif	/* ifndef YY_NO_INPUT */
| 
| /** Immediately switch to a different input stream.
|  * @param input_file A readable stream.
|  * 
|  * @note This function does not reset the start condition to @c INITIAL .
|  */
|     void yyrestart  (FILE * input_file )
| {
|     
| 	if ( ! YY_CURRENT_BUFFER ){
|         yyensure_buffer_stack ();
| 		YY_CURRENT_BUFFER_LVALUE =
|             yy_create_buffer( yyin, YY_BUF_SIZE );
| 	}
| 
| 	yy_init_buffer( YY_CURRENT_BUFFER, input_file );
| 	yy_load_buffer_state(  );
| }
| 
| /** Switch to a different input buffer.
|  * @param new_buffer The new input buffer.
|  * 
|  */
|     void yy_switch_to_buffer  (YY_BUFFER_STATE  new_buffer )
| {
|     
| 	/* TODO. We should be able to replace this entire function body
| 	 * with
| 	 *		yypop_buffer_state();
| 	 *		yypush_buffer_state(new_buffer);
|      */
| 	yyensure_buffer_stack ();
| 	if ( YY_CURRENT_BUFFER == new_buffer )
| 		return;
| 
| 	if ( YY_CURRENT_BUFFER )
| 		{
| 		/* Flush out information for old buffer. */
| 		*(yy_c_buf_p) = (yy_hold_char);
| 		YY_CURRENT_BUFFER_LVALUE->yy_buf_pos = (yy_c_buf_p);
| 		YY_CURRENT_BUFFER_LVALUE->yy_n_chars = (yy_n_chars);
| 		}
| 
| 	YY_CURRENT_BUFFER_LVALUE = new_buffer;
| 	yy_load_buffer_state(  );
| 
| 	/* We don't actually know whether we did this switch during
| 	 * EOF (yywrap()) processing, but the only time this flag
| 	 * is looked at is after yywrap() is called, so it's safe
| 	 * to go ahead and always set it.
| 	 */
| 	(yy_did_buffer_switch_on_eof) = 1;
| }
| 
| static void yy_load_buffer_state  (void)
| {
|     	(yy_n_chars) = YY_CURRENT_BUFFER_LVALUE->yy_n_chars;
| 	(yytext_ptr) = (yy_c_buf_p) = YY_CURRENT_BUFFER_LVALUE->yy_buf_pos;
| 	yyin = YY_CURRENT_BUFFER_LVALUE->yy_input_file;
| 	(yy_hold_char) = *(yy_c_buf_p);
| }
| 
| /** Allocate and initialize an input buffer state.
|  * @param file A readable stream.
|  * @param size The character buffer size in bytes. When in doubt, use @c YY_BUF_SIZE.
|  * 
|  * @return the allocated buffer state.
|  */
|     YY_BUFFER_STATE yy_create_buffer  (FILE * file, int  size )
| {
| 	YY_BUFFER_STATE b;
|     
| 	b = (YY_BUFFER_STATE) yyalloc( sizeof( struct yy_buffer_state )  );
| 	if ( ! b )
| 		YY_FATAL_ERROR( "out of dynamic memory in yy_create_buffer()" );
| 
| 	b->yy_buf_size = size;
| 
| 	/* yy_ch_buf has to be 2 characters longer than the size given because
| 	 * we need to put in 2 end-of-buffer characters.
| 	 */
| 	b->yy_ch_buf = (char *) yyalloc( (yy_size_t) (b->yy_buf_size + 2)  );
| 	if ( ! b->yy_ch_buf )
| 		YY_FATAL_ERROR( "out of dynamic memory in yy_create_buffer()" );
| 
| 	b->yy_is_our_buffer = 1;
| 
| 	yy_init_buffer( b, file );
| 
| 	return b;
| }
| 
| /** Destroy the buffer.
|  * @param b a buffer created with yy_create_buffer()
|  * 
|  */
|     void yy_delete_buffer (YY_BUFFER_STATE  b )
| {
|     
| 	if ( ! b )
| 		return;
| 
| 	if ( b == YY_CURRENT_BUFFER ) /* Not sure if we should pop here. */
| 		YY_CURRENT_BUFFER_LVALUE = (YY_BUFFER_STATE) 0;
| 
| 	if ( b->yy_is_our_buffer )
| 		yyfree( (void *) b->yy_ch_buf  );
| 
| 	yyfree( (void *) b  );
| }
| 
| /* Initializes or reinitializes a buffer.
|  * This function is sometimes called more than once on the same buffer,
|  * such as during a yyrestart() or at EOF.
|  */
|     static void yy_init_buffer  (YY_BUFFER_STATE  b, FILE * file )
| 
| {
| 	int oerrno = errno;
|     
| 	yy_flush_buffer( b );
| 
| 	b->yy_input_file = file;
| 	b->yy_fill_buffer = 1;
| 
|     /* If b is the current buffer, then yy_init_buffer was _probably_
|      * called from yyrestart() or through yy_get_next_buffer.
|      * In that case, we don't want to reset the lineno or column.
|      */
|     if (b != YY_CURRENT_BUFFER){
|         b->yy_bs_lineno = 1;
|         b->yy_bs_column = 0;
|     }
| 
|         b->yy_is_interactive = file ? (isatty( fileno(file) ) > 0) : 0;
|     
| 	errno = oerrno;
| }
| 
| /** Discard all buffered characters. On the next scan, YY_INPUT will be called.
|  * @param b the buffer state to be flushed, usually @c YY_CURRENT_BUFFER.
|  * 
|  */
|     void yy_flush_buffer (YY_BUFFER_STATE  b )
| {
|     	if ( ! b )
| 		return;
| 
| 	b->yy_n_chars = 0;
| 
| 	/* We always need two end-of-buffer characters.  The first causes
| 	 * a transition to the end-of-buffer state.  The second causes
| 	 * a jam in that state.
| 	 */
| 	b->yy_ch_buf[0] = YY_END_OF_BUFFER_CHAR;
| 	b->yy_ch_buf[1] = YY_END_OF_BUFFER_CHAR;
| 
| 	b->yy_buf_pos = &b->yy_ch_buf[0];
| 
| 	b->yy_at_bol = 1;
| 	b->yy_buffer_status = YY_BUFFER_NEW;
| 
| 	if ( b == YY_CURRENT_BUFFER )
| 		yy_load_buffer_state(  );
| }
| 
| /** Pushes the new state onto the stack. The new state becomes
|  *  the current state. This function will allocate the stack
|  *  if necessary.
|  *  @param new_buffer The new state.
|  *  
|  */
| void yypush_buffer_state (YY_BUFFER_STATE new_buffer )
| {
|     	if (new_buffer == NULL)
| 		return;
| 
| 	yyensure_buffer_stack();
| 
| 	/* This block is copied from yy_switch_to_buffer. */
| 	if ( YY_CURRENT_BUFFER )
| 		{
| 		/* Flush out information for old buffer. */
| 		*(yy_c_buf_p) = (yy_hold_char);
| 		YY_CURRENT_BUFFER_LVALUE->yy_buf_pos = (yy_c_buf_p);
| 		YY_CURRENT_BUFFER_LVALUE->yy_n_chars = (yy_n_chars);
| 		}
| 
| 	/* Only push if top exists. Otherwise, replace top. */
| 	if (YY_CURRENT_BUFFER)
| 		(yy_buffer_stack_top)++;
| 	YY_CURRENT_BUFFER_LVALUE = new_buffer;
| 
| 	/* copied from yy_switch_to_buffer. */
| 	yy_load_buffer_state(  );
| 	(yy_did_buffer_switch_on_eof) = 1;
| }
| 
| /** Removes and deletes the top of the stack, if present.
|  *  The next element becomes the new top.
|  *  
|  */
| void yypop_buffer_state (void)
| {
|     	if (!YY_CURRENT_BUFFER)
| 		return;
| 
| 	yy_delete_buffer(YY_CURRENT_BUFFER );
| 	YY_CURRENT_BUFFER_LVALUE = NULL;
| 	if ((yy_buffer_stack_top) > 0)
| 		--(yy_buffer_stack_top);
| 
| 	if (YY_CURRENT_BUFFER) {
| 		yy_load_buffer_state(  );
| 		(yy_did_buffer_switch_on_eof) = 1;
| 	}
| }
| 
| /* Allocates the stack if it does not exist.
|  *  Guarantees space for at least one push.
|  */
| static void yyensure_buffer_stack (void)
| {
| 	yy_size_t num_to_alloc;
|     
| 	if (!(yy_buffer_stack)) {
| 
| 		/* First allocation is just for 2 elements, since we don't know if this
| 		 * scanner will even need a stack. We use 2 instead of 1 to avoid an
| 		 * immediate realloc on the next call.
|          */
|       num_to_alloc = 1; /* After all that talk, this was set to 1 anyways... */
| 		(yy_buffer_stack) = (struct yy_buffer_state**)yyalloc
| 								(num_to_alloc * sizeof(struct yy_buffer_state*)
| 								);
| 		if ( ! (yy_buffer_stack) )
| 			YY_FATAL_ERROR( "out of dynamic memory in yyensure_buffer_stack()" );
| 
| 		memset((yy_buffer_stack), 0, num_to_alloc * sizeof(struct yy_buffer_state*));
| 
| 		(yy_buffer_stack_max) = num_to_alloc;
| 		(yy_buffer_stack_top) = 0;
| 		return;
| 	}
| 
| 	if ((yy_buffer_stack_top) >= ((yy_buffer_stack_max)) - 1){
| 
| 		/* Increase the buffer to prepare for a possible push. */
| 		yy_size_t grow_size = 8 /* arbitrary grow size */;
| 
| 		num_to_alloc = (yy_buffer_stack_max) + grow_size;
| 		(yy_buffer_stack) = (struct yy_buffer_state**)yyrealloc
| 								((yy_buffer_stack),
| 								num_to_alloc * sizeof(struct yy_buffer_state*)
| 								);
| 		if ( ! (yy_buffer_stack) )
| 			YY_FATAL_ERROR( "out of dynamic memory in yyensure_buffer_stack()" );
| 
| 		/* zero only the new slots.*/
| 		memset((yy_buffer_stack) + (yy_buffer_stack_max), 0, grow_size * sizeof(struct yy_buffer_state*));
| 		(yy_buffer_stack_max) = num_to_alloc;
| 	}
| }
| 
| /** Setup the input buffer state to scan directly from a user-specified character buffer.
|  * @param base the character buffer
|  * @param size the size in bytes of the character buffer
|  * 
|  * @return the newly allocated buffer state object.
|  */
| YY_BUFFER_STATE yy_scan_buffer  (char * base, yy_size_t  size )
| {
| 	YY_BUFFER_STATE b;
|     
| 	if ( size < 2 ||
| 	     base[size-2] != YY_END_OF_BUFFER_CHAR ||
| 	     base[size-1] != YY_END_OF_BUFFER_CHAR )
| 		/* They forgot to leave room for the EOB's. */
| 		return NULL;
| 
| 	b = (YY_BUFFER_STATE) yyalloc( sizeof( struct yy_buffer_state )  );
| 	if ( ! b )
| 		YY_FATAL_ERROR( "out of dynamic memory in yy_scan_buffer()" );
| 
| 	b->yy_buf_size = (int) (size - 2);	/* "- 2" to take care of EOB's */
| 	b->yy_buf_pos = b->yy_ch_buf = base;
| 	b->yy_is_our_buffer = 0;
| 	b->yy_input_file = NULL;
| 	b->yy_n_chars = b->yy_buf_size;
| 	b->yy_is_interactive = 0;
| 	b->yy_at_bol = 1;
| 	b->yy_fill_buffer = 0;
| 	b->yy_buffer_status = YY_BUFFER_NEW;
| 
| 	yy_switch_to_buffer( b  );
| 
| 	return b;
| }
| 
| /** Setup the input buffer state to scan a string. The next call to yylex() will
|  * scan from a @e copy of @a str.
|  * @param yystr a NUL-terminated string to scan
|  * 
|  * @return the newly allocated buffer state object.
|  * @note If you want to scan bytes that may contain NUL values, then use
|  *       yy_scan_bytes() instead.
|  */
| YY_BUFFER_STATE yy_scan_string (const char * yystr )
| {
|     
| 	return yy_scan_bytes( yystr, (int) strlen(yystr) );
| }
| 
| /** Setup the input buffer state to scan the given bytes. The next call to yylex() will
|  * scan from a @e copy of @a bytes.
|  * @param yybytes the byte buffer to scan
|  * @param _yybytes_len the number of bytes in the buffer pointed to by @a bytes.
|  * 
|  * @return the newly allocated buffer state object.
|  */
| YY_BUFFER_STATE yy_scan_bytes  (const char * yybytes, int  _yybytes_len )
| {
| 	YY_BUFFER_STATE b;
| 	char *buf;
| 	yy_size_t n;
| 	int i;
|     
| 	/* Get memory for full buffer, including space for trailing EOB's. */
| 	n = (yy_size_t) (_yybytes_len + 2);
| 	buf = (char *) yyalloc( n  );
| 	if ( ! buf )
| 		YY_FATAL_ERROR( "out of dynamic memory in yy_scan_bytes()" );
| 
| 	for ( i = 0; i < _yybytes_len; ++i )
| 		buf[i] = yybytes[i];
| 
| 	buf[_yybytes_len] = buf[_yybytes_len+1] = YY_END_OF_BUFFER_CHAR;
| 
| 	b = yy_scan_buffer( buf, n );
| 	if ( ! b )
| 		YY_FATAL_ERROR( "bad buffer in yy_scan_bytes()" );
| 
| 	/* It's okay to grow etc. this buffer, and we should throw it
| 	 * away when we're done.
| 	 */
| 	b->yy_is_our_buffer = 1;
| 
| 	return b;
| }
| 
| #ifndef YY_EXIT_FAILURE
| #define YY_EXIT_FAILURE 2
| #endif
| 
| static void yynoreturn yy_fatal_error (const char* msg )
| {
| 			fprintf( stderr, "%s\n", msg );
| 	exit( YY_EXIT_FAILURE );
| }
| 
| /* Redefine yyless() so it works in section 3 code. */
| 
| #undef yyless
| #define yyless(n) \
| 	do \
| 		{ \
| 		/* Undo effects of setting up yytext. */ \
|         int yyless_macro_arg = (n); \
|         YY_LESS_LINENO(yyless_macro_arg);\
| 		yytext[yyleng] = (yy_hold_char); \
| 		(yy_c_buf_p) = yytext + yyless_macro_arg; \
| 		(yy_hold_char) = *(yy_c_buf_p); \
| 		*(yy_c_buf_p) = '\0'; \
| 		yyleng = yyless_macro_arg; \
| 		} \
| 	while ( 0 )
| 
| /* Accessor  methods (get/set functions) to struct members. */
| 
| /** Get the current line number.
|  * 
|  */
| int yyget_lineno  (void)
| {
|     
|     return yylineno;
| }
| 
| /** Get the input stream.
|  * 
|  */
| FILE *yyget_in  (void)
| {
|         return yyin;
| }
| 
| /** Get the output stream.
|  * 
|  */
| FILE *yyget_out  (void)
| {
|         return yyout;
| }
| 
| /** Get the length of the current token.
|  * 
|  */
| int yyget_leng  (void)
| {
|         return yyleng;
| }
| 
| /** Get the current token.
|  * 
|  */
| 
| char *yyget_text  (void)
| {
|         return yytext;
| }
| 
| /** Set the current line number.
|  * @param _line_number line number
|  * 
|  */
| void yyset_lineno (int  _line_number )
| {
|     
|     yylineno = _line_number;
| }
| 
| /** Set the input stream. This does not discard the current
|  * input buffer.
|  * @param _in_str A readable stream.
|  * 
|  * @see yy_switch_to_buffer
|  */
| void yyset_in (FILE *  _in_str )
| {
|         yyin = _in_str ;
| }
| 
| void yyset_out (FILE *  _out_str )
| {
|         yyout = _out_str ;
| }
| 
| int yyget_debug  (void)
| {
|         return yy_flex_debug;
| }
| 
| void yyset_debug (int  _bdebug )
| {
|         yy_flex_debug = _bdebug ;
| }
| 
| static int yy_init_globals (void)
| {
|         /* Initialization is the same as for the non-reentrant scanner.
|      * This function is called from yylex_destroy(), so don't allocate here.
|      */
| 
|     (yy_buffer_stack) = NULL;
|     (yy_buffer_stack_top) = 0;
|     (yy_buffer_stack_max) = 0;
|     (yy_c_buf_p) = NULL;
|     (yy_init) = 0;
|     (yy_start) = 0;
| 
|     (yy_state_buf) = 0;
|     (yy_state_ptr) = 0;
|     (yy_full_match) = 0;
|     (yy_lp) = 0;
| 
| /* Defined in main.c */
| #ifdef YY_STDINIT
|     yyin = stdin;
|     yyout = stdout;
| #else
|     yyin = NULL;
|     yyout = NULL;
| #endif
| 
|     /* For future reference: Set errno on error, since we are called by
|      * yylex_init()
|      */
|     return 0;
| }
| 
| /* yylex_destroy is for both reentrant and non-reentrant scanners. */
| int yylex_destroy  (void)
| {
|     
|     /* Pop the buffer stack, destroying each element. */
| 	while(YY_CURRENT_BUFFER){
| 		yy_delete_buffer( YY_CURRENT_BUFFER  );
| 		YY_CURRENT_BUFFER_LVALUE = NULL;
| 		yypop_buffer_state();
| 	}
| 
| 	/* Destroy the stack itself. */
| 	yyfree((yy_buffer_stack) );
| 	(yy_buffer_stack) = NULL;
| 
|     yyfree ( (yy_state_buf) );
|     (yy_state_buf)  = NULL;
| 
|     /* Reset the globals. This is important in a non-reentrant scanner so the next time
|      * yylex() is called, initialization will occur. */
|     yy_init_globals( );
| 
|     return 0;
| }
| 
| /*
|  * Internal utility routines.
|  */
| 
| #ifndef yytext_ptr
| static void yy_flex_strncpy (char* s1, const char * s2, int n )
| {
| 		
| 	int i;
| 	for ( i = 0; i < n; ++i )
| 		s1[i] = s2[i];
| }
| #endif
| 
| #ifdef YY_NEED_STRLEN
| static int yy_flex_strlen (const char * s )
| {
| 	int n;
| 	for ( n = 0; s[n]; ++n )
| 		;
| 
| 	return n;
| }
| #endif
| 
| void *yyalloc (yy_size_t  size )
| {
| 			return malloc(size);
| }
| 
| void *yyrealloc  (void * ptr, yy_size_t  size )
| {
| 		
| 	/* The cast to (char *) in the following accommodates both
| 	 * implementations that use char* generic pointers, and those
| 	 * that use void* generic pointers.  It works with the latter
| 	 * because both ANSI C and C++ allow castless assignment from
| 	 * any pointer type to void*, and deal with argument conversions
| 	 * as though doing an assignment.
| 	 */
| 	return realloc(ptr, size);
| }
| 
| void yyfree (void * ptr )
| {
| 			free( (char *) ptr );	/* see yyrealloc() for (char *) cast */
| }
| 
| #define YYTABLES_NAME "yytables"
| 
| #line 10 "conftest.l"
| 
| #ifdef YYTEXT_POINTER
| extern char *yytext;
| #endif
| int
| main (void)
| {
|   return ! yylex () + ! yywrap ();
| }
configure:5574: result: none needed
configure:5580: checking whether yytext is a pointer
configure:5597: gcc -o conftest.exe -g -O2   conftest.c  -liconv -lssl -lcrypto >&5
C:/msys64/mingw64/bin/../lib/gcc/x86_64-w64-mingw32/16.1.0/../../../../x86_64-w64-mingw32/bin/ld.exe: C:\msys64\tmp\ccuEGlnI.o: in function `input':
D:/git/sylpheed/lex.yy.c:1179:(.text+0xca9): undefined reference to `yywrap'
C:/msys64/mingw64/bin/../lib/gcc/x86_64-w64-mingw32/16.1.0/../../../../x86_64-w64-mingw32/bin/ld.exe: C:\msys64\tmp\ccuEGlnI.o: in function `yylex':
D:/git/sylpheed/lex.yy.c:870:(.text+0x101d): undefined reference to `yywrap'
C:/msys64/mingw64/bin/../lib/gcc/x86_64-w64-mingw32/16.1.0/../../../../x86_64-w64-mingw32/bin/ld.exe: C:\msys64\tmp\ccuEGlnI.o: in function `main':
D:/git/sylpheed/conftest.l:17:(.text.startup+0xf): undefined reference to `yywrap'
collect2.exe: error: ld returned 1 exit status
configure:5597: $? = 1
configure: failed program was:
| /* confdefs.h */
| #define PACKAGE_NAME ""
| #define PACKAGE_TARNAME ""
| #define PACKAGE_VERSION ""
| #define PACKAGE_STRING ""
| #define PACKAGE_BUGREPORT ""
| #define PACKAGE_URL ""
| #define DEVEL_VERSION 1
| /* end confdefs.h.  */
| 
|   #define YYTEXT_POINTER 1
| 
| #line 2 "lex.yy.c"
| 
| #define  YY_INT_ALIGNED short int
| 
| /* A lexical scanner generated by flex */
| 
| #define FLEX_SCANNER
| #define YY_FLEX_MAJOR_VERSION 2
| #define YY_FLEX_MINOR_VERSION 6
| #define YY_FLEX_SUBMINOR_VERSION 4
| #if YY_FLEX_SUBMINOR_VERSION > 0
| #define FLEX_BETA
| #endif
| 
| /* First, we deal with  platform-specific or compiler-specific issues. */
| 
| /* begin standard C headers. */
| #include <stdio.h>
| #include <string.h>
| #include <errno.h>
| #include <stdlib.h>
| 
| /* end standard C headers. */
| 
| /* flex integer type definitions */
| 
| #ifndef FLEXINT_H
| #define FLEXINT_H
| 
| /* C99 systems have <inttypes.h>. Non-C99 systems may or may not. */
| 
| #if defined (__STDC_VERSION__) && __STDC_VERSION__ >= 199901L
| 
| /* C99 says to define __STDC_LIMIT_MACROS before including stdint.h,
|  * if you want the limit (max/min) macros for int types. 
|  */
| #ifndef __STDC_LIMIT_MACROS
| #define __STDC_LIMIT_MACROS 1
| #endif
| 
| #include <inttypes.h>
| typedef int8_t flex_int8_t;
| typedef uint8_t flex_uint8_t;
| typedef int16_t flex_int16_t;
| typedef uint16_t flex_uint16_t;
| typedef int32_t flex_int32_t;
| typedef uint32_t flex_uint32_t;
| #else
| typedef signed char flex_int8_t;
| typedef short int flex_int16_t;
| typedef int flex_int32_t;
| typedef unsigned char flex_uint8_t; 
| typedef unsigned short int flex_uint16_t;
| typedef unsigned int flex_uint32_t;
| 
| /* Limits of integral types. */
| #ifndef INT8_MIN
| #define INT8_MIN               (-128)
| #endif
| #ifndef INT16_MIN
| #define INT16_MIN              (-32767-1)
| #endif
| #ifndef INT32_MIN
| #define INT32_MIN              (-2147483647-1)
| #endif
| #ifndef INT8_MAX
| #define INT8_MAX               (127)
| #endif
| #ifndef INT16_MAX
| #define INT16_MAX              (32767)
| #endif
| #ifndef INT32_MAX
| #define INT32_MAX              (2147483647)
| #endif
| #ifndef UINT8_MAX
| #define UINT8_MAX              (255U)
| #endif
| #ifndef UINT16_MAX
| #define UINT16_MAX             (65535U)
| #endif
| #ifndef UINT32_MAX
| #define UINT32_MAX             (4294967295U)
| #endif
| 
| #ifndef SIZE_MAX
| #define SIZE_MAX               (~(size_t)0)
| #endif
| 
| #endif /* ! C99 */
| 
| #endif /* ! FLEXINT_H */
| 
| /* begin standard C++ headers. */
| 
| /* TODO: this is always defined, so inline it */
| #define yyconst const
| 
| #if defined(__GNUC__) && __GNUC__ >= 3
| #define yynoreturn __attribute__((__noreturn__))
| #else
| #define yynoreturn
| #endif
| 
| /* Returned upon end-of-file. */
| #define YY_NULL 0
| 
| /* Promotes a possibly negative, possibly signed char to an
|  *   integer in range [0..255] for use as an array index.
|  */
| #define YY_SC_TO_UI(c) ((YY_CHAR) (c))
| 
| /* Enter a start condition.  This macro really ought to take a parameter,
|  * but we do it the disgusting crufty way forced on us by the ()-less
|  * definition of BEGIN.
|  */
| #define BEGIN (yy_start) = 1 + 2 *
| /* Translate the current start state into a value that can be later handed
|  * to BEGIN to return to the state.  The YYSTATE alias is for lex
|  * compatibility.
|  */
| #define YY_START (((yy_start) - 1) / 2)
| #define YYSTATE YY_START
| /* Action number for EOF rule of a given start state. */
| #define YY_STATE_EOF(state) (YY_END_OF_BUFFER + state + 1)
| /* Special action meaning "start processing a new file". */
| #define YY_NEW_FILE yyrestart( yyin  )
| #define YY_END_OF_BUFFER_CHAR 0
| 
| /* Size of default input buffer. */
| #ifndef YY_BUF_SIZE
| #ifdef __ia64__
| /* On IA-64, the buffer size is 16k, not 8k.
|  * Moreover, YY_BUF_SIZE is 2*YY_READ_BUF_SIZE in the general case.
|  * Ditto for the __ia64__ case accordingly.
|  */
| #define YY_BUF_SIZE 32768
| #else
| #define YY_BUF_SIZE 16384
| #endif /* __ia64__ */
| #endif
| 
| /* The state buf must be large enough to hold one state per character in the main buffer.
|  */
| #define YY_STATE_BUF_SIZE   ((YY_BUF_SIZE + 2) * sizeof(yy_state_type))
| 
| #ifndef YY_TYPEDEF_YY_BUFFER_STATE
| #define YY_TYPEDEF_YY_BUFFER_STATE
| typedef struct yy_buffer_state *YY_BUFFER_STATE;
| #endif
| 
| #ifndef YY_TYPEDEF_YY_SIZE_T
| #define YY_TYPEDEF_YY_SIZE_T
| typedef size_t yy_size_t;
| #endif
| 
| extern int yyleng;
| 
| extern FILE *yyin, *yyout;
| 
| #define EOB_ACT_CONTINUE_SCAN 0
| #define EOB_ACT_END_OF_FILE 1
| #define EOB_ACT_LAST_MATCH 2
|     
|     #define YY_LESS_LINENO(n)
|     #define YY_LINENO_REWIND_TO(ptr)
|     
| /* Return all but the first "n" matched characters back to the input stream. */
| #define yyless(n) \
| 	do \
| 		{ \
| 		/* Undo effects of setting up yytext. */ \
|         int yyless_macro_arg = (n); \
|         YY_LESS_LINENO(yyless_macro_arg);\
| 		*yy_cp = (yy_hold_char); \
| 		YY_RESTORE_YY_MORE_OFFSET \
| 		(yy_c_buf_p) = yy_cp = yy_bp + yyless_macro_arg - YY_MORE_ADJ; \
| 		YY_DO_BEFORE_ACTION; /* set up yytext again */ \
| 		} \
| 	while ( 0 )
| #define unput(c) yyunput( c, (yytext_ptr)  )
| 
| #ifndef YY_STRUCT_YY_BUFFER_STATE
| #define YY_STRUCT_YY_BUFFER_STATE
| struct yy_buffer_state
| 	{
| 	FILE *yy_input_file;
| 
| 	char *yy_ch_buf;		/* input buffer */
| 	char *yy_buf_pos;		/* current position in input buffer */
| 
| 	/* Size of input buffer in bytes, not including room for EOB
| 	 * characters.
| 	 */
| 	int yy_buf_size;
| 
| 	/* Number of characters read into yy_ch_buf, not including EOB
| 	 * characters.
| 	 */
| 	int yy_n_chars;
| 
| 	/* Whether we "own" the buffer - i.e., we know we created it,
| 	 * and can realloc() it to grow it, and should free() it to
| 	 * delete it.
| 	 */
| 	int yy_is_our_buffer;
| 
| 	/* Whether this is an "interactive" input source; if so, and
| 	 * if we're using stdio for input, then we want to use getc()
| 	 * instead of fread(), to make sure we stop fetching input after
| 	 * each newline.
| 	 */
| 	int yy_is_interactive;
| 
| 	/* Whether we're considered to be at the beginning of a line.
| 	 * If so, '^' rules will be active on the next match, otherwise
| 	 * not.
| 	 */
| 	int yy_at_bol;
| 
|     int yy_bs_lineno; /**< The line count. */
|     int yy_bs_column; /**< The column count. */
| 
| 	/* Whether to try to fill the input buffer when we reach the
| 	 * end of it.
| 	 */
| 	int yy_fill_buffer;
| 
| 	int yy_buffer_status;
| 
| #define YY_BUFFER_NEW 0
| #define YY_BUFFER_NORMAL 1
| 	/* When an EOF's been seen but there's still some text to process
| 	 * then we mark the buffer as YY_EOF_PENDING, to indicate that we
| 	 * shouldn't try reading from the input source any more.  We might
| 	 * still have a bunch of tokens to match, though, because of
| 	 * possible backing-up.
| 	 *
| 	 * When we actually see the EOF, we change the status to "new"
| 	 * (via yyrestart()), so that the user can continue scanning by
| 	 * just pointing yyin at a new input file.
| 	 */
| #define YY_BUFFER_EOF_PENDING 2
| 
| 	};
| #endif /* !YY_STRUCT_YY_BUFFER_STATE */
| 
| /* Stack of input buffers. */
| static size_t yy_buffer_stack_top = 0; /**< index of top of stack. */
| static size_t yy_buffer_stack_max = 0; /**< capacity of stack. */
| static YY_BUFFER_STATE * yy_buffer_stack = NULL; /**< Stack as an array. */
| 
| /* We provide macros for accessing buffer states in case in the
|  * future we want to put the buffer states in a more general
|  * "scanner state".
|  *
|  * Returns the top of the stack, or NULL.
|  */
| #define YY_CURRENT_BUFFER ( (yy_buffer_stack) \
|                           ? (yy_buffer_stack)[(yy_buffer_stack_top)] \
|                           : NULL)
| /* Same as previous macro, but useful when we know that the buffer stack is not
|  * NULL or when we need an lvalue. For internal use only.
|  */
| #define YY_CURRENT_BUFFER_LVALUE (yy_buffer_stack)[(yy_buffer_stack_top)]
| 
| /* yy_hold_char holds the character lost when yytext is formed. */
| static char yy_hold_char;
| static int yy_n_chars;		/* number of characters read into yy_ch_buf */
| int yyleng;
| 
| /* Points to current character in buffer. */
| static char *yy_c_buf_p = NULL;
| static int yy_init = 0;		/* whether we need to initialize */
| static int yy_start = 0;	/* start state number */
| 
| /* Flag which is used to allow yywrap()'s to do buffer switches
|  * instead of setting up a fresh yyin.  A bit of a hack ...
|  */
| static int yy_did_buffer_switch_on_eof;
| 
| void yyrestart ( FILE *input_file  );
| void yy_switch_to_buffer ( YY_BUFFER_STATE new_buffer  );
| YY_BUFFER_STATE yy_create_buffer ( FILE *file, int size  );
| void yy_delete_buffer ( YY_BUFFER_STATE b  );
| void yy_flush_buffer ( YY_BUFFER_STATE b  );
| void yypush_buffer_state ( YY_BUFFER_STATE new_buffer  );
| void yypop_buffer_state ( void );
| 
| static void yyensure_buffer_stack ( void );
| static void yy_load_buffer_state ( void );
| static void yy_init_buffer ( YY_BUFFER_STATE b, FILE *file  );
| #define YY_FLUSH_BUFFER yy_flush_buffer( YY_CURRENT_BUFFER )
| 
| YY_BUFFER_STATE yy_scan_buffer ( char *base, yy_size_t size  );
| YY_BUFFER_STATE yy_scan_string ( const char *yy_str  );
| YY_BUFFER_STATE yy_scan_bytes ( const char *bytes, int len  );
| 
| void *yyalloc ( yy_size_t  );
| void *yyrealloc ( void *, yy_size_t  );
| void yyfree ( void *  );
| 
| #define yy_new_buffer yy_create_buffer
| #define yy_set_interactive(is_interactive) \
| 	{ \
| 	if ( ! YY_CURRENT_BUFFER ){ \
|         yyensure_buffer_stack (); \
| 		YY_CURRENT_BUFFER_LVALUE =    \
|             yy_create_buffer( yyin, YY_BUF_SIZE ); \
| 	} \
| 	YY_CURRENT_BUFFER_LVALUE->yy_is_interactive = is_interactive; \
| 	}
| #define yy_set_bol(at_bol) \
| 	{ \
| 	if ( ! YY_CURRENT_BUFFER ){\
|         yyensure_buffer_stack (); \
| 		YY_CURRENT_BUFFER_LVALUE =    \
|             yy_create_buffer( yyin, YY_BUF_SIZE ); \
| 	} \
| 	YY_CURRENT_BUFFER_LVALUE->yy_at_bol = at_bol; \
| 	}
| #define YY_AT_BOL() (YY_CURRENT_BUFFER_LVALUE->yy_at_bol)
| 
| /* Begin user sect3 */
| typedef flex_uint8_t YY_CHAR;
| 
| FILE *yyin = NULL, *yyout = NULL;
| 
| typedef int yy_state_type;
| 
| extern int yylineno;
| int yylineno = 1;
| 
| extern char *yytext;
| #ifdef yytext_ptr
| #undef yytext_ptr
| #endif
| #define yytext_ptr yytext
| 
| static yy_state_type yy_get_previous_state ( void );
| static yy_state_type yy_try_NUL_trans ( yy_state_type current_state  );
| static int yy_get_next_buffer ( void );
| static void yynoreturn yy_fatal_error ( const char* msg  );
| 
| /* Done after the current pattern has been matched and before the
|  * corresponding action - sets up yytext.
|  */
| #define YY_DO_BEFORE_ACTION \
| 	(yytext_ptr) = yy_bp; \
| 	(yytext_ptr) -= (yy_more_len); \
| 	yyleng = (int) (yy_cp - (yytext_ptr)); \
| 	(yy_hold_char) = *yy_cp; \
| 	*yy_cp = '\0'; \
| 	(yy_c_buf_p) = yy_cp;
| #define YY_NUM_RULES 8
| #define YY_END_OF_BUFFER 9
| /* This struct is not used in this scanner,
|    but its presence is necessary. */
| struct yy_trans_info
| 	{
| 	flex_int32_t yy_verify;
| 	flex_int32_t yy_nxt;
| 	};
| static const flex_int16_t yy_acclist[23] =
|     {   0,
|         9,    7,    8,    8,    1,    7,    8,    2,    7,    8,
|         3,    7,    8,    4,    7,    8,    5,    7,    8,    6,
|         7,    8
|     } ;
| 
| static const flex_int16_t yy_accept[14] =
|     {   0,
|         1,    1,    1,    2,    4,    5,    8,   11,   14,   17,
|        20,   23,   23
|     } ;
| 
| static const YY_CHAR yy_ec[256] =
|     {   0,
|         1,    1,    1,    1,    1,    1,    1,    1,    1,    2,
|         1,    1,    1,    1,    1,    1,    1,    1,    1,    1,
|         1,    1,    1,    1,    1,    1,    1,    1,    1,    1,
|         1,    1,    1,    1,    1,    1,    1,    1,    1,    1,
|         1,    1,    1,    1,    1,    1,    1,    1,    1,    1,
|         1,    1,    1,    1,    1,    1,    1,    1,    1,    1,
|         1,    1,    1,    1,    1,    1,    1,    1,    1,    1,
|         1,    1,    1,    1,    1,    1,    1,    1,    1,    1,
|         1,    1,    1,    1,    1,    1,    1,    1,    1,    1,
|         1,    1,    1,    1,    1,    1,    3,    4,    5,    6,
| 
|         7,    8,    1,    1,    1,    1,    1,    1,    1,    1,
|         1,    1,    1,    1,    1,    1,    1,    1,    1,    1,
|         1,    1,    1,    1,    1,    1,    1,    1,    1,    1,
|         1,    1,    1,    1,    1,    1,    1,    1,    1,    1,
|         1,    1,    1,    1,    1,    1,    1,    1,    1,    1,
|         1,    1,    1,    1,    1,    1,    1,    1,    1,    1,
|         1,    1,    1,    1,    1,    1,    1,    1,    1,    1,
|         1,    1,    1,    1,    1,    1,    1,    1,    1,    1,
|         1,    1,    1,    1,    1,    1,    1,    1,    1,    1,
|         1,    1,    1,    1,    1,    1,    1,    1,    1,    1,
| 
|         1,    1,    1,    1,    1,    1,    1,    1,    1,    1,
|         1,    1,    1,    1,    1,    1,    1,    1,    1,    1,
|         1,    1,    1,    1,    1,    1,    1,    1,    1,    1,
|         1,    1,    1,    1,    1,    1,    1,    1,    1,    1,
|         1,    1,    1,    1,    1,    1,    1,    1,    1,    1,
|         1,    1,    1,    1,    1
|     } ;
| 
| static const YY_CHAR yy_meta[9] =
|     {   0,
|         1,    1,    1,    1,    1,    1,    1,    1
|     } ;
| 
| static const flex_int16_t yy_base[13] =
|     {   0,
|         0,    0,    9,   10,   10,   10,   10,   10,   10,   10,
|        10,   10
|     } ;
| 
| static const flex_int16_t yy_def[13] =
|     {   0,
|        12,    1,   12,   12,   12,   12,   12,   12,   12,   12,
|        12,    0
|     } ;
| 
| static const flex_int16_t yy_nxt[19] =
|     {   0,
|         4,    5,    6,    7,    8,    9,   10,   11,   12,    3,
|        12,   12,   12,   12,   12,   12,   12,   12
|     } ;
| 
| static const flex_int16_t yy_chk[19] =
|     {   0,
|         1,    1,    1,    1,    1,    1,    1,    1,    3,   12,
|        12,   12,   12,   12,   12,   12,   12,   12
|     } ;
| 
| extern int yy_flex_debug;
| int yy_flex_debug = 0;
| 
| static yy_state_type *yy_state_buf=0, *yy_state_ptr=0;
| static char *yy_full_match;
| static int yy_lp;
| #define REJECT \
| { \
| *yy_cp = (yy_hold_char); /* undo effects of setting up yytext */ \
| yy_cp = (yy_full_match); /* restore poss. backed-over text */ \
| ++(yy_lp); \
| goto find_rule; \
| }
| 
| static int yy_more_flag = 0;
| static int yy_more_len = 0;
| #define yymore() ((yy_more_flag) = 1)
| #define YY_MORE_ADJ (yy_more_len)
| #define YY_RESTORE_YY_MORE_OFFSET
| char *yytext;
| #line 1 "conftest.l"
| #line 459 "lex.yy.c"
| 
| #define INITIAL 0
| 
| #ifndef YY_NO_UNISTD_H
| /* Special case for "unistd.h", since it is non-ANSI. We include it way
|  * down here because we want the user's section 1 to have been scanned first.
|  * The user has a chance to override it with an option.
|  */
| #include <unistd.h>
| #endif
| 
| #ifndef YY_EXTRA_TYPE
| #define YY_EXTRA_TYPE void *
| #endif
| 
| static int yy_init_globals ( void );
| 
| /* Accessor methods to globals.
|    These are made visible to non-reentrant scanners for convenience. */
| 
| int yylex_destroy ( void );
| 
| int yyget_debug ( void );
| 
| void yyset_debug ( int debug_flag  );
| 
| YY_EXTRA_TYPE yyget_extra ( void );
| 
| void yyset_extra ( YY_EXTRA_TYPE user_defined  );
| 
| FILE *yyget_in ( void );
| 
| void yyset_in  ( FILE * _in_str  );
| 
| FILE *yyget_out ( void );
| 
| void yyset_out  ( FILE * _out_str  );
| 
| 			int yyget_leng ( void );
| 
| char *yyget_text ( void );
| 
| int yyget_lineno ( void );
| 
| void yyset_lineno ( int _line_number  );
| 
| /* Macros after this point can all be overridden by user definitions in
|  * section 1.
|  */
| 
| #ifndef YY_SKIP_YYWRAP
| #ifdef __cplusplus
| extern "C" int yywrap ( void );
| #else
| extern int yywrap ( void );
| #endif
| #endif
| 
| #ifndef YY_NO_UNPUT
|     
|     static void yyunput ( int c, char *buf_ptr  );
|     
| #endif
| 
| #ifndef yytext_ptr
| static void yy_flex_strncpy ( char *, const char *, int );
| #endif
| 
| #ifdef YY_NEED_STRLEN
| static int yy_flex_strlen ( const char * );
| #endif
| 
| #ifndef YY_NO_INPUT
| #ifdef __cplusplus
| static int yyinput ( void );
| #else
| static int input ( void );
| #endif
| 
| #endif
| 
| /* Amount of stuff to slurp up with each read. */
| #ifndef YY_READ_BUF_SIZE
| #ifdef __ia64__
| /* On IA-64, the buffer size is 16k, not 8k */
| #define YY_READ_BUF_SIZE 16384
| #else
| #define YY_READ_BUF_SIZE 8192
| #endif /* __ia64__ */
| #endif
| 
| /* Copy whatever the last rule matched to the standard output. */
| #ifndef ECHO
| /* This used to be an fputs(), but since the string might contain NUL's,
|  * we now use fwrite().
|  */
| #define ECHO do { if (fwrite( yytext, (size_t) yyleng, 1, yyout )) {} } while (0)
| #endif
| 
| /* Gets input and stuffs it into "buf".  number of characters read, or YY_NULL,
|  * is returned in "result".
|  */
| #ifndef YY_INPUT
| #define YY_INPUT(buf,result,max_size) \
| 	if ( YY_CURRENT_BUFFER_LVALUE->yy_is_interactive ) \
| 		{ \
| 		int c = '*'; \
| 		int n; \
| 		for ( n = 0; n < max_size && \
| 			     (c = getc( yyin )) != EOF && c != '\n'; ++n ) \
| 			buf[n] = (char) c; \
| 		if ( c == '\n' ) \
| 			buf[n++] = (char) c; \
| 		if ( c == EOF && ferror( yyin ) ) \
| 			YY_FATAL_ERROR( "input in flex scanner failed" ); \
| 		result = n; \
| 		} \
| 	else \
| 		{ \
| 		errno=0; \
| 		while ( (result = (int) fread(buf, 1, (yy_size_t) max_size, yyin)) == 0 && ferror(yyin)) \
| 			{ \
| 			if( errno != EINTR) \
| 				{ \
| 				YY_FATAL_ERROR( "input in flex scanner failed" ); \
| 				break; \
| 				} \
| 			errno=0; \
| 			clearerr(yyin); \
| 			} \
| 		}\
| \
| 
| #endif
| 
| /* No semi-colon after return; correct usage is to write "yyterminate();" -
|  * we don't want an extra ';' after the "return" because that will cause
|  * some compilers to complain about unreachable statements.
|  */
| #ifndef yyterminate
| #define yyterminate() return YY_NULL
| #endif
| 
| /* Number of entries by which start-condition stack grows. */
| #ifndef YY_START_STACK_INCR
| #define YY_START_STACK_INCR 25
| #endif
| 
| /* Report a fatal error. */
| #ifndef YY_FATAL_ERROR
| #define YY_FATAL_ERROR(msg) yy_fatal_error( msg )
| #endif
| 
| /* end tables serialization structures and prototypes */
| 
| /* Default declaration of generated scanner - a define so the user can
|  * easily add parameters.
|  */
| #ifndef YY_DECL
| #define YY_DECL_IS_OURS 1
| 
| extern int yylex (void);
| 
| #define YY_DECL int yylex (void)
| #endif /* !YY_DECL */
| 
| /* Code executed at the beginning of each rule, after yytext and yyleng
|  * have been set up.
|  */
| #ifndef YY_USER_ACTION
| #define YY_USER_ACTION
| #endif
| 
| /* Code executed at the end of each rule. */
| #ifndef YY_BREAK
| #define YY_BREAK /*LINTED*/break;
| #endif
| 
| #define YY_RULE_SETUP \
| 	YY_USER_ACTION
| 
| /** The main scanner function which does all the work.
|  */
| YY_DECL
| {
| 	yy_state_type yy_current_state;
| 	char *yy_cp, *yy_bp;
| 	int yy_act;
|     
| 	if ( !(yy_init) )
| 		{
| 		(yy_init) = 1;
| 
| #ifdef YY_USER_INIT
| 		YY_USER_INIT;
| #endif
| 
|         /* Create the reject buffer large enough to save one state per allowed character. */
|         if ( ! (yy_state_buf) )
|             (yy_state_buf) = (yy_state_type *)yyalloc(YY_STATE_BUF_SIZE  );
|             if ( ! (yy_state_buf) )
|                 YY_FATAL_ERROR( "out of dynamic memory in yylex()" );
| 
| 		if ( ! (yy_start) )
| 			(yy_start) = 1;	/* first start state */
| 
| 		if ( ! yyin )
| 			yyin = stdin;
| 
| 		if ( ! yyout )
| 			yyout = stdout;
| 
| 		if ( ! YY_CURRENT_BUFFER ) {
| 			yyensure_buffer_stack ();
| 			YY_CURRENT_BUFFER_LVALUE =
| 				yy_create_buffer( yyin, YY_BUF_SIZE );
| 		}
| 
| 		yy_load_buffer_state(  );
| 		}
| 
| 	{
| #line 1 "conftest.l"
| 
| #line 684 "lex.yy.c"
| 
| 	while ( /*CONSTCOND*/1 )		/* loops until end-of-file is reached */
| 		{
| 		(yy_more_len) = 0;
| 		if ( (yy_more_flag) )
| 			{
| 			(yy_more_len) = (int) ((yy_c_buf_p) - (yytext_ptr));
| 			(yy_more_flag) = 0;
| 			}
| 		yy_cp = (yy_c_buf_p);
| 
| 		/* Support of yytext. */
| 		*yy_cp = (yy_hold_char);
| 
| 		/* yy_bp points to the position in yy_ch_buf of the start of
| 		 * the current run.
| 		 */
| 		yy_bp = yy_cp;
| 
| 		yy_current_state = (yy_start);
| 
| 		(yy_state_ptr) = (yy_state_buf);
| 		*(yy_state_ptr)++ = yy_current_state;
| 
| yy_match:
| 		do
| 			{
| 			YY_CHAR yy_c = yy_ec[YY_SC_TO_UI(*yy_cp)] ;
| 			while ( yy_chk[yy_base[yy_current_state] + yy_c] != yy_current_state )
| 				{
| 				yy_current_state = (int) yy_def[yy_current_state];
| 				if ( yy_current_state >= 13 )
| 					yy_c = yy_meta[yy_c];
| 				}
| 			yy_current_state = yy_nxt[yy_base[yy_current_state] + yy_c];
| 			*(yy_state_ptr)++ = yy_current_state;
| 			++yy_cp;
| 			}
| 		while ( yy_base[yy_current_state] != 10 );
| 
| yy_find_action:
| 		yy_current_state = *--(yy_state_ptr);
| 		(yy_lp) = yy_accept[yy_current_state];
| 
| find_rule: /* we branch to this label when backing up */
| 
| 		for ( ; ; ) /* until we find what rule we matched */
| 			{
| 			if ( (yy_lp) && (yy_lp) < yy_accept[yy_current_state + 1] )
| 				{
| 				yy_act = yy_acclist[(yy_lp)];
| 					{
| 					(yy_full_match) = yy_cp;
| 					break;
| 					}
| 				}
| 			--yy_cp;
| 			yy_current_state = *--(yy_state_ptr);
| 			(yy_lp) = yy_accept[yy_current_state];
| 			}
| 
| 		YY_DO_BEFORE_ACTION;
| 
| do_action:	/* This label is used only to access EOF actions. */
| 
| 		switch ( yy_act )
| 	{ /* beginning of action switch */
| case 1:
| YY_RULE_SETUP
| #line 2 "conftest.l"
| { ECHO; }
| 	YY_BREAK
| case 2:
| YY_RULE_SETUP
| #line 3 "conftest.l"
| { REJECT; }
| 	YY_BREAK
| case 3:
| YY_RULE_SETUP
| #line 4 "conftest.l"
| { yymore (); }
| 	YY_BREAK
| case 4:
| YY_RULE_SETUP
| #line 5 "conftest.l"
| { yyless (1); }
| 	YY_BREAK
| case 5:
| YY_RULE_SETUP
| #line 6 "conftest.l"
| { /* IRIX 6.5 flex 2.5.4 underquotes its yyless argument.  */
|     yyless ((input () != 0)); }
| 	YY_BREAK
| case 6:
| YY_RULE_SETUP
| #line 8 "conftest.l"
| { unput (yytext[0]); }
| 	YY_BREAK
| case 7:
| YY_RULE_SETUP
| #line 9 "conftest.l"
| { BEGIN INITIAL; }
| 	YY_BREAK
| case 8:
| YY_RULE_SETUP
| #line 10 "conftest.l"
| ECHO;
| 	YY_BREAK
| #line 793 "lex.yy.c"
| 			case YY_STATE_EOF(INITIAL):
| 				yyterminate();
| 
| 	case YY_END_OF_BUFFER:
| 		{
| 		/* Amount of text matched not including the EOB char. */
| 		int yy_amount_of_matched_text = (int) (yy_cp - (yytext_ptr)) - 1;
| 
| 		/* Undo the effects of YY_DO_BEFORE_ACTION. */
| 		*yy_cp = (yy_hold_char);
| 		YY_RESTORE_YY_MORE_OFFSET
| 
| 		if ( YY_CURRENT_BUFFER_LVALUE->yy_buffer_status == YY_BUFFER_NEW )
| 			{
| 			/* We're scanning a new file or input source.  It's
| 			 * possible that this happened because the user
| 			 * just pointed yyin at a new source and called
| 			 * yylex().  If so, then we have to assure
| 			 * consistency between YY_CURRENT_BUFFER and our
| 			 * globals.  Here is the right place to do so, because
| 			 * this is the first action (other than possibly a
| 			 * back-up) that will match for the new input source.
| 			 */
| 			(yy_n_chars) = YY_CURRENT_BUFFER_LVALUE->yy_n_chars;
| 			YY_CURRENT_BUFFER_LVALUE->yy_input_file = yyin;
| 			YY_CURRENT_BUFFER_LVALUE->yy_buffer_status = YY_BUFFER_NORMAL;
| 			}
| 
| 		/* Note that here we test for yy_c_buf_p "<=" to the position
| 		 * of the first EOB in the buffer, since yy_c_buf_p will
| 		 * already have been incremented past the NUL character
| 		 * (since all states make transitions on EOB to the
| 		 * end-of-buffer state).  Contrast this with the test
| 		 * in input().
| 		 */
| 		if ( (yy_c_buf_p) <= &YY_CURRENT_BUFFER_LVALUE->yy_ch_buf[(yy_n_chars)] )
| 			{ /* This was really a NUL. */
| 			yy_state_type yy_next_state;
| 
| 			(yy_c_buf_p) = (yytext_ptr) + yy_amount_of_matched_text;
| 
| 			yy_current_state = yy_get_previous_state(  );
| 
| 			/* Okay, we're now positioned to make the NUL
| 			 * transition.  We couldn't have
| 			 * yy_get_previous_state() go ahead and do it
| 			 * for us because it doesn't know how to deal
| 			 * with the possibility of jamming (and we don't
| 			 * want to build jamming into it because then it
| 			 * will run more slowly).
| 			 */
| 
| 			yy_next_state = yy_try_NUL_trans( yy_current_state );
| 
| 			yy_bp = (yytext_ptr) + YY_MORE_ADJ;
| 
| 			if ( yy_next_state )
| 				{
| 				/* Consume the NUL. */
| 				yy_cp = ++(yy_c_buf_p);
| 				yy_current_state = yy_next_state;
| 				goto yy_match;
| 				}
| 
| 			else
| 				{
| 				yy_cp = (yy_c_buf_p);
| 				goto yy_find_action;
| 				}
| 			}
| 
| 		else switch ( yy_get_next_buffer(  ) )
| 			{
| 			case EOB_ACT_END_OF_FILE:
| 				{
| 				(yy_did_buffer_switch_on_eof) = 0;
| 
| 				if ( yywrap(  ) )
| 					{
| 					/* Note: because we've taken care in
| 					 * yy_get_next_buffer() to have set up
| 					 * yytext, we can now set up
| 					 * yy_c_buf_p so that if some total
| 					 * hoser (like flex itself) wants to
| 					 * call the scanner after we return the
| 					 * YY_NULL, it'll still work - another
| 					 * YY_NULL will get returned.
| 					 */
| 					(yy_c_buf_p) = (yytext_ptr) + YY_MORE_ADJ;
| 
| 					yy_act = YY_STATE_EOF(YY_START);
| 					goto do_action;
| 					}
| 
| 				else
| 					{
| 					if ( ! (yy_did_buffer_switch_on_eof) )
| 						YY_NEW_FILE;
| 					}
| 				break;
| 				}
| 
| 			case EOB_ACT_CONTINUE_SCAN:
| 				(yy_c_buf_p) =
| 					(yytext_ptr) + yy_amount_of_matched_text;
| 
| 				yy_current_state = yy_get_previous_state(  );
| 
| 				yy_cp = (yy_c_buf_p);
| 				yy_bp = (yytext_ptr) + YY_MORE_ADJ;
| 				goto yy_match;
| 
| 			case EOB_ACT_LAST_MATCH:
| 				(yy_c_buf_p) =
| 				&YY_CURRENT_BUFFER_LVALUE->yy_ch_buf[(yy_n_chars)];
| 
| 				yy_current_state = yy_get_previous_state(  );
| 
| 				yy_cp = (yy_c_buf_p);
| 				yy_bp = (yytext_ptr) + YY_MORE_ADJ;
| 				goto yy_find_action;
| 			}
| 		break;
| 		}
| 
| 	default:
| 		YY_FATAL_ERROR(
| 			"fatal flex scanner internal error--no action found" );
| 	} /* end of action switch */
| 		} /* end of scanning one token */
| 	} /* end of user's declarations */
| } /* end of yylex */
| 
| /* yy_get_next_buffer - try to read in a new buffer
|  *
|  * Returns a code representing an action:
|  *	EOB_ACT_LAST_MATCH -
|  *	EOB_ACT_CONTINUE_SCAN - continue scanning from current position
|  *	EOB_ACT_END_OF_FILE - end of file
|  */
| static int yy_get_next_buffer (void)
| {
|     	char *dest = YY_CURRENT_BUFFER_LVALUE->yy_ch_buf;
| 	char *source = (yytext_ptr);
| 	int number_to_move, i;
| 	int ret_val;
| 
| 	if ( (yy_c_buf_p) > &YY_CURRENT_BUFFER_LVALUE->yy_ch_buf[(yy_n_chars) + 1] )
| 		YY_FATAL_ERROR(
| 		"fatal flex scanner internal error--end of buffer missed" );
| 
| 	if ( YY_CURRENT_BUFFER_LVALUE->yy_fill_buffer == 0 )
| 		{ /* Don't try to fill the buffer, so this is an EOF. */
| 		if ( (yy_c_buf_p) - (yytext_ptr) - YY_MORE_ADJ == 1 )
| 			{
| 			/* We matched a single character, the EOB, so
| 			 * treat this as a final EOF.
| 			 */
| 			return EOB_ACT_END_OF_FILE;
| 			}
| 
| 		else
| 			{
| 			/* We matched some text prior to the EOB, first
| 			 * process it.
| 			 */
| 			return EOB_ACT_LAST_MATCH;
| 			}
| 		}
| 
| 	/* Try to read more data. */
| 
| 	/* First move last chars to start of buffer. */
| 	number_to_move = (int) ((yy_c_buf_p) - (yytext_ptr) - 1);
| 
| 	for ( i = 0; i < number_to_move; ++i )
| 		*(dest++) = *(source++);
| 
| 	if ( YY_CURRENT_BUFFER_LVALUE->yy_buffer_status == YY_BUFFER_EOF_PENDING )
| 		/* don't do the read, it's not guaranteed to return an EOF,
| 		 * just force an EOF
| 		 */
| 		YY_CURRENT_BUFFER_LVALUE->yy_n_chars = (yy_n_chars) = 0;
| 
| 	else
| 		{
| 			int num_to_read =
| 			YY_CURRENT_BUFFER_LVALUE->yy_buf_size - number_to_move - 1;
| 
| 		while ( num_to_read <= 0 )
| 			{ /* Not enough room in the buffer - grow it. */
| 
| 			YY_FATAL_ERROR(
| "input buffer overflow, can't enlarge buffer because scanner uses REJECT" );
| 
| 			}
| 
| 		if ( num_to_read > YY_READ_BUF_SIZE )
| 			num_to_read = YY_READ_BUF_SIZE;
| 
| 		/* Read in more data. */
| 		YY_INPUT( (&YY_CURRENT_BUFFER_LVALUE->yy_ch_buf[number_to_move]),
| 			(yy_n_chars), num_to_read );
| 
| 		YY_CURRENT_BUFFER_LVALUE->yy_n_chars = (yy_n_chars);
| 		}
| 
| 	if ( (yy_n_chars) == 0 )
| 		{
| 		if ( number_to_move == YY_MORE_ADJ )
| 			{
| 			ret_val = EOB_ACT_END_OF_FILE;
| 			yyrestart( yyin  );
| 			}
| 
| 		else
| 			{
| 			ret_val = EOB_ACT_LAST_MATCH;
| 			YY_CURRENT_BUFFER_LVALUE->yy_buffer_status =
| 				YY_BUFFER_EOF_PENDING;
| 			}
| 		}
| 
| 	else
| 		ret_val = EOB_ACT_CONTINUE_SCAN;
| 
| 	if (((yy_n_chars) + number_to_move) > YY_CURRENT_BUFFER_LVALUE->yy_buf_size) {
| 		/* Extend the array by 50%, plus the number we really need. */
| 		int new_size = (yy_n_chars) + number_to_move + ((yy_n_chars) >> 1);
| 		YY_CURRENT_BUFFER_LVALUE->yy_ch_buf = (char *) yyrealloc(
| 			(void *) YY_CURRENT_BUFFER_LVALUE->yy_ch_buf, (yy_size_t) new_size  );
| 		if ( ! YY_CURRENT_BUFFER_LVALUE->yy_ch_buf )
| 			YY_FATAL_ERROR( "out of dynamic memory in yy_get_next_buffer()" );
| 		/* "- 2" to take care of EOB's */
| 		YY_CURRENT_BUFFER_LVALUE->yy_buf_size = (int) (new_size - 2);
| 	}
| 
| 	(yy_n_chars) += number_to_move;
| 	YY_CURRENT_BUFFER_LVALUE->yy_ch_buf[(yy_n_chars)] = YY_END_OF_BUFFER_CHAR;
| 	YY_CURRENT_BUFFER_LVALUE->yy_ch_buf[(yy_n_chars) + 1] = YY_END_OF_BUFFER_CHAR;
| 
| 	(yytext_ptr) = &YY_CURRENT_BUFFER_LVALUE->yy_ch_buf[0];
| 
| 	return ret_val;
| }
| 
| /* yy_get_previous_state - get the state just before the EOB char was reached */
| 
|     static yy_state_type yy_get_previous_state (void)
| {
| 	yy_state_type yy_current_state;
| 	char *yy_cp;
|     
| 	yy_current_state = (yy_start);
| 
| 	(yy_state_ptr) = (yy_state_buf);
| 	*(yy_state_ptr)++ = yy_current_state;
| 
| 	for ( yy_cp = (yytext_ptr) + YY_MORE_ADJ; yy_cp < (yy_c_buf_p); ++yy_cp )
| 		{
| 		YY_CHAR yy_c = (*yy_cp ? yy_ec[YY_SC_TO_UI(*yy_cp)] : 1);
| 		while ( yy_chk[yy_base[yy_current_state] + yy_c] != yy_current_state )
| 			{
| 			yy_current_state = (int) yy_def[yy_current_state];
| 			if ( yy_current_state >= 13 )
| 				yy_c = yy_meta[yy_c];
| 			}
| 		yy_current_state = yy_nxt[yy_base[yy_current_state] + yy_c];
| 		*(yy_state_ptr)++ = yy_current_state;
| 		}
| 
| 	return yy_current_state;
| }
| 
| /* yy_try_NUL_trans - try to make a transition on the NUL character
|  *
|  * synopsis
|  *	next_state = yy_try_NUL_trans( current_state );
|  */
|     static yy_state_type yy_try_NUL_trans  (yy_state_type yy_current_state )
| {
| 	int yy_is_jam;
|     
| 	YY_CHAR yy_c = 1;
| 	while ( yy_chk[yy_base[yy_current_state] + yy_c] != yy_current_state )
| 		{
| 		yy_current_state = (int) yy_def[yy_current_state];
| 		if ( yy_current_state >= 13 )
| 			yy_c = yy_meta[yy_c];
| 		}
| 	yy_current_state = yy_nxt[yy_base[yy_current_state] + yy_c];
| 	yy_is_jam = (yy_current_state == 12);
| 	if ( ! yy_is_jam )
| 		*(yy_state_ptr)++ = yy_current_state;
| 
| 		return yy_is_jam ? 0 : yy_current_state;
| }
| 
| #ifndef YY_NO_UNPUT
| 
|     static void yyunput (int c, char * yy_bp )
| {
| 	char *yy_cp;
|     
|     yy_cp = (yy_c_buf_p);
| 
| 	/* undo effects of setting up yytext */
| 	*yy_cp = (yy_hold_char);
| 
| 	if ( yy_cp < YY_CURRENT_BUFFER_LVALUE->yy_ch_buf + 2 )
| 		{ /* need to shift things up to make room */
| 		/* +2 for EOB chars. */
| 		int number_to_move = (yy_n_chars) + 2;
| 		char *dest = &YY_CURRENT_BUFFER_LVALUE->yy_ch_buf[
| 					YY_CURRENT_BUFFER_LVALUE->yy_buf_size + 2];
| 		char *source =
| 				&YY_CURRENT_BUFFER_LVALUE->yy_ch_buf[number_to_move];
| 
| 		while ( source > YY_CURRENT_BUFFER_LVALUE->yy_ch_buf )
| 			*--dest = *--source;
| 
| 		yy_cp += (int) (dest - source);
| 		yy_bp += (int) (dest - source);
| 		YY_CURRENT_BUFFER_LVALUE->yy_n_chars =
| 			(yy_n_chars) = (int) YY_CURRENT_BUFFER_LVALUE->yy_buf_size;
| 
| 		if ( yy_cp < YY_CURRENT_BUFFER_LVALUE->yy_ch_buf + 2 )
| 			YY_FATAL_ERROR( "flex scanner push-back overflow" );
| 		}
| 
| 	*--yy_cp = (char) c;
| 
| 	(yytext_ptr) = yy_bp;
| 	(yy_hold_char) = *yy_cp;
| 	(yy_c_buf_p) = yy_cp;
| }
| 
| #endif
| 
| #ifndef YY_NO_INPUT
| #ifdef __cplusplus
|     static int yyinput (void)
| #else
|     static int input  (void)
| #endif
| 
| {
| 	int c;
|     
| 	*(yy_c_buf_p) = (yy_hold_char);
| 
| 	if ( *(yy_c_buf_p) == YY_END_OF_BUFFER_CHAR )
| 		{
| 		/* yy_c_buf_p now points to the character we want to return.
| 		 * If this occurs *before* the EOB characters, then it's a
| 		 * valid NUL; if not, then we've hit the end of the buffer.
| 		 */
| 		if ( (yy_c_buf_p) < &YY_CURRENT_BUFFER_LVALUE->yy_ch_buf[(yy_n_chars)] )
| 			/* This was really a NUL. */
| 			*(yy_c_buf_p) = '\0';
| 
| 		else
| 			{ /* need more input */
| 			int offset = (int) ((yy_c_buf_p) - (yytext_ptr));
| 			++(yy_c_buf_p);
| 
| 			switch ( yy_get_next_buffer(  ) )
| 				{
| 				case EOB_ACT_LAST_MATCH:
| 					/* This happens because yy_g_n_b()
| 					 * sees that we've accumulated a
| 					 * token and flags that we need to
| 					 * try matching the token before
| 					 * proceeding.  But for input(),
| 					 * there's no matching to consider.
| 					 * So convert the EOB_ACT_LAST_MATCH
| 					 * to EOB_ACT_END_OF_FILE.
| 					 */
| 
| 					/* Reset buffer status. */
| 					yyrestart( yyin );
| 
| 					/*FALLTHROUGH*/
| 
| 				case EOB_ACT_END_OF_FILE:
| 					{
| 					if ( yywrap(  ) )
| 						return 0;
| 
| 					if ( ! (yy_did_buffer_switch_on_eof) )
| 						YY_NEW_FILE;
| #ifdef __cplusplus
| 					return yyinput();
| #else
| 					return input();
| #endif
| 					}
| 
| 				case EOB_ACT_CONTINUE_SCAN:
| 					(yy_c_buf_p) = (yytext_ptr) + offset;
| 					break;
| 				}
| 			}
| 		}
| 
| 	c = *(unsigned char *) (yy_c_buf_p);	/* cast for 8-bit char's */
| 	*(yy_c_buf_p) = '\0';	/* preserve yytext */
| 	(yy_hold_char) = *++(yy_c_buf_p);
| 
| 	return c;
| }
| #endif	/* ifndef YY_NO_INPUT */
| 
| /** Immediately switch to a different input stream.
|  * @param input_file A readable stream.
|  * 
|  * @note This function does not reset the start condition to @c INITIAL .
|  */
|     void yyrestart  (FILE * input_file )
| {
|     
| 	if ( ! YY_CURRENT_BUFFER ){
|         yyensure_buffer_stack ();
| 		YY_CURRENT_BUFFER_LVALUE =
|             yy_create_buffer( yyin, YY_BUF_SIZE );
| 	}
| 
| 	yy_init_buffer( YY_CURRENT_BUFFER, input_file );
| 	yy_load_buffer_state(  );
| }
| 
| /** Switch to a different input buffer.
|  * @param new_buffer The new input buffer.
|  * 
|  */
|     void yy_switch_to_buffer  (YY_BUFFER_STATE  new_buffer )
| {
|     
| 	/* TODO. We should be able to replace this entire function body
| 	 * with
| 	 *		yypop_buffer_state();
| 	 *		yypush_buffer_state(new_buffer);
|      */
| 	yyensure_buffer_stack ();
| 	if ( YY_CURRENT_BUFFER == new_buffer )
| 		return;
| 
| 	if ( YY_CURRENT_BUFFER )
| 		{
| 		/* Flush out information for old buffer. */
| 		*(yy_c_buf_p) = (yy_hold_char);
| 		YY_CURRENT_BUFFER_LVALUE->yy_buf_pos = (yy_c_buf_p);
| 		YY_CURRENT_BUFFER_LVALUE->yy_n_chars = (yy_n_chars);
| 		}
| 
| 	YY_CURRENT_BUFFER_LVALUE = new_buffer;
| 	yy_load_buffer_state(  );
| 
| 	/* We don't actually know whether we did this switch during
| 	 * EOF (yywrap()) processing, but the only time this flag
| 	 * is looked at is after yywrap() is called, so it's safe
| 	 * to go ahead and always set it.
| 	 */
| 	(yy_did_buffer_switch_on_eof) = 1;
| }
| 
| static void yy_load_buffer_state  (void)
| {
|     	(yy_n_chars) = YY_CURRENT_BUFFER_LVALUE->yy_n_chars;
| 	(yytext_ptr) = (yy_c_buf_p) = YY_CURRENT_BUFFER_LVALUE->yy_buf_pos;
| 	yyin = YY_CURRENT_BUFFER_LVALUE->yy_input_file;
| 	(yy_hold_char) = *(yy_c_buf_p);
| }
| 
| /** Allocate and initialize an input buffer state.
|  * @param file A readable stream.
|  * @param size The character buffer size in bytes. When in doubt, use @c YY_BUF_SIZE.
|  * 
|  * @return the allocated buffer state.
|  */
|     YY_BUFFER_STATE yy_create_buffer  (FILE * file, int  size )
| {
| 	YY_BUFFER_STATE b;
|     
| 	b = (YY_BUFFER_STATE) yyalloc( sizeof( struct yy_buffer_state )  );
| 	if ( ! b )
| 		YY_FATAL_ERROR( "out of dynamic memory in yy_create_buffer()" );
| 
| 	b->yy_buf_size = size;
| 
| 	/* yy_ch_buf has to be 2 characters longer than the size given because
| 	 * we need to put in 2 end-of-buffer characters.
| 	 */
| 	b->yy_ch_buf = (char *) yyalloc( (yy_size_t) (b->yy_buf_size + 2)  );
| 	if ( ! b->yy_ch_buf )
| 		YY_FATAL_ERROR( "out of dynamic memory in yy_create_buffer()" );
| 
| 	b->yy_is_our_buffer = 1;
| 
| 	yy_init_buffer( b, file );
| 
| 	return b;
| }
| 
| /** Destroy the buffer.
|  * @param b a buffer created with yy_create_buffer()
|  * 
|  */
|     void yy_delete_buffer (YY_BUFFER_STATE  b )
| {
|     
| 	if ( ! b )
| 		return;
| 
| 	if ( b == YY_CURRENT_BUFFER ) /* Not sure if we should pop here. */
| 		YY_CURRENT_BUFFER_LVALUE = (YY_BUFFER_STATE) 0;
| 
| 	if ( b->yy_is_our_buffer )
| 		yyfree( (void *) b->yy_ch_buf  );
| 
| 	yyfree( (void *) b  );
| }
| 
| /* Initializes or reinitializes a buffer.
|  * This function is sometimes called more than once on the same buffer,
|  * such as during a yyrestart() or at EOF.
|  */
|     static void yy_init_buffer  (YY_BUFFER_STATE  b, FILE * file )
| 
| {
| 	int oerrno = errno;
|     
| 	yy_flush_buffer( b );
| 
| 	b->yy_input_file = file;
| 	b->yy_fill_buffer = 1;
| 
|     /* If b is the current buffer, then yy_init_buffer was _probably_
|      * called from yyrestart() or through yy_get_next_buffer.
|      * In that case, we don't want to reset the lineno or column.
|      */
|     if (b != YY_CURRENT_BUFFER){
|         b->yy_bs_lineno = 1;
|         b->yy_bs_column = 0;
|     }
| 
|         b->yy_is_interactive = file ? (isatty( fileno(file) ) > 0) : 0;
|     
| 	errno = oerrno;
| }
| 
| /** Discard all buffered characters. On the next scan, YY_INPUT will be called.
|  * @param b the buffer state to be flushed, usually @c YY_CURRENT_BUFFER.
|  * 
|  */
|     void yy_flush_buffer (YY_BUFFER_STATE  b )
| {
|     	if ( ! b )
| 		return;
| 
| 	b->yy_n_chars = 0;
| 
| 	/* We always need two end-of-buffer characters.  The first causes
| 	 * a transition to the end-of-buffer state.  The second causes
| 	 * a jam in that state.
| 	 */
| 	b->yy_ch_buf[0] = YY_END_OF_BUFFER_CHAR;
| 	b->yy_ch_buf[1] = YY_END_OF_BUFFER_CHAR;
| 
| 	b->yy_buf_pos = &b->yy_ch_buf[0];
| 
| 	b->yy_at_bol = 1;
| 	b->yy_buffer_status = YY_BUFFER_NEW;
| 
| 	if ( b == YY_CURRENT_BUFFER )
| 		yy_load_buffer_state(  );
| }
| 
| /** Pushes the new state onto the stack. The new state becomes
|  *  the current state. This function will allocate the stack
|  *  if necessary.
|  *  @param new_buffer The new state.
|  *  
|  */
| void yypush_buffer_state (YY_BUFFER_STATE new_buffer )
| {
|     	if (new_buffer == NULL)
| 		return;
| 
| 	yyensure_buffer_stack();
| 
| 	/* This block is copied from yy_switch_to_buffer. */
| 	if ( YY_CURRENT_BUFFER )
| 		{
| 		/* Flush out information for old buffer. */
| 		*(yy_c_buf_p) = (yy_hold_char);
| 		YY_CURRENT_BUFFER_LVALUE->yy_buf_pos = (yy_c_buf_p);
| 		YY_CURRENT_BUFFER_LVALUE->yy_n_chars = (yy_n_chars);
| 		}
| 
| 	/* Only push if top exists. Otherwise, replace top. */
| 	if (YY_CURRENT_BUFFER)
| 		(yy_buffer_stack_top)++;
| 	YY_CURRENT_BUFFER_LVALUE = new_buffer;
| 
| 	/* copied from yy_switch_to_buffer. */
| 	yy_load_buffer_state(  );
| 	(yy_did_buffer_switch_on_eof) = 1;
| }
| 
| /** Removes and deletes the top of the stack, if present.
|  *  The next element becomes the new top.
|  *  
|  */
| void yypop_buffer_state (void)
| {
|     	if (!YY_CURRENT_BUFFER)
| 		return;
| 
| 	yy_delete_buffer(YY_CURRENT_BUFFER );
| 	YY_CURRENT_BUFFER_LVALUE = NULL;
| 	if ((yy_buffer_stack_top) > 0)
| 		--(yy_buffer_stack_top);
| 
| 	if (YY_CURRENT_BUFFER) {
| 		yy_load_buffer_state(  );
| 		(yy_did_buffer_switch_on_eof) = 1;
| 	}
| }
| 
| /* Allocates the stack if it does not exist.
|  *  Guarantees space for at least one push.
|  */
| static void yyensure_buffer_stack (void)
| {
| 	yy_size_t num_to_alloc;
|     
| 	if (!(yy_buffer_stack)) {
| 
| 		/* First allocation is just for 2 elements, since we don't know if this
| 		 * scanner will even need a stack. We use 2 instead of 1 to avoid an
| 		 * immediate realloc on the next call.
|          */
|       num_to_alloc = 1; /* After all that talk, this was set to 1 anyways... */
| 		(yy_buffer_stack) = (struct yy_buffer_state**)yyalloc
| 								(num_to_alloc * sizeof(struct yy_buffer_state*)
| 								);
| 		if ( ! (yy_buffer_stack) )
| 			YY_FATAL_ERROR( "out of dynamic memory in yyensure_buffer_stack()" );
| 
| 		memset((yy_buffer_stack), 0, num_to_alloc * sizeof(struct yy_buffer_state*));
| 
| 		(yy_buffer_stack_max) = num_to_alloc;
| 		(yy_buffer_stack_top) = 0;
| 		return;
| 	}
| 
| 	if ((yy_buffer_stack_top) >= ((yy_buffer_stack_max)) - 1){
| 
| 		/* Increase the buffer to prepare for a possible push. */
| 		yy_size_t grow_size = 8 /* arbitrary grow size */;
| 
| 		num_to_alloc = (yy_buffer_stack_max) + grow_size;
| 		(yy_buffer_stack) = (struct yy_buffer_state**)yyrealloc
| 								((yy_buffer_stack),
| 								num_to_alloc * sizeof(struct yy_buffer_state*)
| 								);
| 		if ( ! (yy_buffer_stack) )
| 			YY_FATAL_ERROR( "out of dynamic memory in yyensure_buffer_stack()" );
| 
| 		/* zero only the new slots.*/
| 		memset((yy_buffer_stack) + (yy_buffer_stack_max), 0, grow_size * sizeof(struct yy_buffer_state*));
| 		(yy_buffer_stack_max) = num_to_alloc;
| 	}
| }
| 
| /** Setup the input buffer state to scan directly from a user-specified character buffer.
|  * @param base the character buffer
|  * @param size the size in bytes of the character buffer
|  * 
|  * @return the newly allocated buffer state object.
|  */
| YY_BUFFER_STATE yy_scan_buffer  (char * base, yy_size_t  size )
| {
| 	YY_BUFFER_STATE b;
|     
| 	if ( size < 2 ||
| 	     base[size-2] != YY_END_OF_BUFFER_CHAR ||
| 	     base[size-1] != YY_END_OF_BUFFER_CHAR )
| 		/* They forgot to leave room for the EOB's. */
| 		return NULL;
| 
| 	b = (YY_BUFFER_STATE) yyalloc( sizeof( struct yy_buffer_state )  );
| 	if ( ! b )
| 		YY_FATAL_ERROR( "out of dynamic memory in yy_scan_buffer()" );
| 
| 	b->yy_buf_size = (int) (size - 2);	/* "- 2" to take care of EOB's */
| 	b->yy_buf_pos = b->yy_ch_buf = base;
| 	b->yy_is_our_buffer = 0;
| 	b->yy_input_file = NULL;
| 	b->yy_n_chars = b->yy_buf_size;
| 	b->yy_is_interactive = 0;
| 	b->yy_at_bol = 1;
| 	b->yy_fill_buffer = 0;
| 	b->yy_buffer_status = YY_BUFFER_NEW;
| 
| 	yy_switch_to_buffer( b  );
| 
| 	return b;
| }
| 
| /** Setup the input buffer state to scan a string. The next call to yylex() will
|  * scan from a @e copy of @a str.
|  * @param yystr a NUL-terminated string to scan
|  * 
|  * @return the newly allocated buffer state object.
|  * @note If you want to scan bytes that may contain NUL values, then use
|  *       yy_scan_bytes() instead.
|  */
| YY_BUFFER_STATE yy_scan_string (const char * yystr )
| {
|     
| 	return yy_scan_bytes( yystr, (int) strlen(yystr) );
| }
| 
| /** Setup the input buffer state to scan the given bytes. The next call to yylex() will
|  * scan from a @e copy of @a bytes.
|  * @param yybytes the byte buffer to scan
|  * @param _yybytes_len the number of bytes in the buffer pointed to by @a bytes.
|  * 
|  * @return the newly allocated buffer state object.
|  */
| YY_BUFFER_STATE yy_scan_bytes  (const char * yybytes, int  _yybytes_len )
| {
| 	YY_BUFFER_STATE b;
| 	char *buf;
| 	yy_size_t n;
| 	int i;
|     
| 	/* Get memory for full buffer, including space for trailing EOB's. */
| 	n = (yy_size_t) (_yybytes_len + 2);
| 	buf = (char *) yyalloc( n  );
| 	if ( ! buf )
| 		YY_FATAL_ERROR( "out of dynamic memory in yy_scan_bytes()" );
| 
| 	for ( i = 0; i < _yybytes_len; ++i )
| 		buf[i] = yybytes[i];
| 
| 	buf[_yybytes_len] = buf[_yybytes_len+1] = YY_END_OF_BUFFER_CHAR;
| 
| 	b = yy_scan_buffer( buf, n );
| 	if ( ! b )
| 		YY_FATAL_ERROR( "bad buffer in yy_scan_bytes()" );
| 
| 	/* It's okay to grow etc. this buffer, and we should throw it
| 	 * away when we're done.
| 	 */
| 	b->yy_is_our_buffer = 1;
| 
| 	return b;
| }
| 
| #ifndef YY_EXIT_FAILURE
| #define YY_EXIT_FAILURE 2
| #endif
| 
| static void yynoreturn yy_fatal_error (const char* msg )
| {
| 			fprintf( stderr, "%s\n", msg );
| 	exit( YY_EXIT_FAILURE );
| }
| 
| /* Redefine yyless() so it works in section 3 code. */
| 
| #undef yyless
| #define yyless(n) \
| 	do \
| 		{ \
| 		/* Undo effects of setting up yytext. */ \
|         int yyless_macro_arg = (n); \
|         YY_LESS_LINENO(yyless_macro_arg);\
| 		yytext[yyleng] = (yy_hold_char); \
| 		(yy_c_buf_p) = yytext + yyless_macro_arg; \
| 		(yy_hold_char) = *(yy_c_buf_p); \
| 		*(yy_c_buf_p) = '\0'; \
| 		yyleng = yyless_macro_arg; \
| 		} \
| 	while ( 0 )
| 
| /* Accessor  methods (get/set functions) to struct members. */
| 
| /** Get the current line number.
|  * 
|  */
| int yyget_lineno  (void)
| {
|     
|     return yylineno;
| }
| 
| /** Get the input stream.
|  * 
|  */
| FILE *yyget_in  (void)
| {
|         return yyin;
| }
| 
| /** Get the output stream.
|  * 
|  */
| FILE *yyget_out  (void)
| {
|         return yyout;
| }
| 
| /** Get the length of the current token.
|  * 
|  */
| int yyget_leng  (void)
| {
|         return yyleng;
| }
| 
| /** Get the current token.
|  * 
|  */
| 
| char *yyget_text  (void)
| {
|         return yytext;
| }
| 
| /** Set the current line number.
|  * @param _line_number line number
|  * 
|  */
| void yyset_lineno (int  _line_number )
| {
|     
|     yylineno = _line_number;
| }
| 
| /** Set the input stream. This does not discard the current
|  * input buffer.
|  * @param _in_str A readable stream.
|  * 
|  * @see yy_switch_to_buffer
|  */
| void yyset_in (FILE *  _in_str )
| {
|         yyin = _in_str ;
| }
| 
| void yyset_out (FILE *  _out_str )
| {
|         yyout = _out_str ;
| }
| 
| int yyget_debug  (void)
| {
|         return yy_flex_debug;
| }
| 
| void yyset_debug (int  _bdebug )
| {
|         yy_flex_debug = _bdebug ;
| }
| 
| static int yy_init_globals (void)
| {
|         /* Initialization is the same as for the non-reentrant scanner.
|      * This function is called from yylex_destroy(), so don't allocate here.
|      */
| 
|     (yy_buffer_stack) = NULL;
|     (yy_buffer_stack_top) = 0;
|     (yy_buffer_stack_max) = 0;
|     (yy_c_buf_p) = NULL;
|     (yy_init) = 0;
|     (yy_start) = 0;
| 
|     (yy_state_buf) = 0;
|     (yy_state_ptr) = 0;
|     (yy_full_match) = 0;
|     (yy_lp) = 0;
| 
| /* Defined in main.c */
| #ifdef YY_STDINIT
|     yyin = stdin;
|     yyout = stdout;
| #else
|     yyin = NULL;
|     yyout = NULL;
| #endif
| 
|     /* For future reference: Set errno on error, since we are called by
|      * yylex_init()
|      */
|     return 0;
| }
| 
| /* yylex_destroy is for both reentrant and non-reentrant scanners. */
| int yylex_destroy  (void)
| {
|     
|     /* Pop the buffer stack, destroying each element. */
| 	while(YY_CURRENT_BUFFER){
| 		yy_delete_buffer( YY_CURRENT_BUFFER  );
| 		YY_CURRENT_BUFFER_LVALUE = NULL;
| 		yypop_buffer_state();
| 	}
| 
| 	/* Destroy the stack itself. */
| 	yyfree((yy_buffer_stack) );
| 	(yy_buffer_stack) = NULL;
| 
|     yyfree ( (yy_state_buf) );
|     (yy_state_buf)  = NULL;
| 
|     /* Reset the globals. This is important in a non-reentrant scanner so the next time
|      * yylex() is called, initialization will occur. */
|     yy_init_globals( );
| 
|     return 0;
| }
| 
| /*
|  * Internal utility routines.
|  */
| 
| #ifndef yytext_ptr
| static void yy_flex_strncpy (char* s1, const char * s2, int n )
| {
| 		
| 	int i;
| 	for ( i = 0; i < n; ++i )
| 		s1[i] = s2[i];
| }
| #endif
| 
| #ifdef YY_NEED_STRLEN
| static int yy_flex_strlen (const char * s )
| {
| 	int n;
| 	for ( n = 0; s[n]; ++n )
| 		;
| 
| 	return n;
| }
| #endif
| 
| void *yyalloc (yy_size_t  size )
| {
| 			return malloc(size);
| }
| 
| void *yyrealloc  (void * ptr, yy_size_t  size )
| {
| 		
| 	/* The cast to (char *) in the following accommodates both
| 	 * implementations that use char* generic pointers, and those
| 	 * that use void* generic pointers.  It works with the latter
| 	 * because both ANSI C and C++ allow castless assignment from
| 	 * any pointer type to void*, and deal with argument conversions
| 	 * as though doing an assignment.
| 	 */
| 	return realloc(ptr, size);
| }
| 
| void yyfree (void * ptr )
| {
| 			free( (char *) ptr );	/* see yyrealloc() for (char *) cast */
| }
| 
| #define YYTABLES_NAME "yytables"
| 
| #line 10 "conftest.l"
| 
| #ifdef YYTEXT_POINTER
| extern char *yytext;
| #endif
| int
| main (void)
| {
|   return ! yylex () + ! yywrap ();
| }
configure:5605: result: no
configure:5622: checking for bison
configure:5638: found /usr/bin/bison
configure:5649: result: bison -y
configure:5707: checking how to print strings
configure:5734: result: printf
configure:5755: checking for a sed that does not truncate output
configure:5819: result: /usr/bin/sed
configure:5837: checking for grep that handles long lines and -e
configure:5895: result: /usr/bin/grep
configure:5900: checking for egrep
configure:5962: result: /usr/bin/grep -E
configure:5967: checking for fgrep
configure:6029: result: /usr/bin/grep -F
configure:6064: checking for ld used by gcc
configure:6131: result: C:/msys64/mingw64/x86_64-w64-mingw32/bin/ld.exe
configure:6138: checking if the linker (C:/msys64/mingw64/x86_64-w64-mingw32/bin/ld.exe) is GNU ld
configure:6153: result: yes
configure:6165: checking for BSD- or MS-compatible name lister (nm)
configure:6219: result: /mingw64/bin/nm -B
configure:6349: checking the name lister (/mingw64/bin/nm -B) interface
configure:6356: gcc -c -g -O2  conftest.c >&5
configure:6359: /mingw64/bin/nm -B "conftest.o"
configure:6362: output
0000000000000000 b .bss
0000000000000000 d .data
0000000000000000 N .debug_abbrev
0000000000000000 N .debug_aranges
0000000000000000 N .debug_info
0000000000000000 N .debug_line
0000000000000000 N .debug_line_str
0000000000000000 r .rdata$zzz
0000000000000000 t .text
0000000000000000 B some_variable
configure:6369: result: BSD nm
configure:6373: checking the maximum length of command line arguments
configure:6504: result: 8192
configure:6552: checking how to convert x86_64-w64-mingw32 file names to x86_64-w64-mingw32 format
configure:6592: result: func_convert_file_msys_to_w32
configure:6599: checking how to convert x86_64-w64-mingw32 file names to toolchain format
configure:6619: result: func_convert_file_msys_to_w32
configure:6626: checking for C:/msys64/mingw64/x86_64-w64-mingw32/bin/ld.exe option to reload object files
configure:6633: result: -r
configure:6666: checking for file
configure:6682: found /usr/bin/file
configure:6694: result: file
configure:6751: checking for objdump
configure:6767: found /mingw64/bin/objdump
configure:6778: result: objdump
configure:6810: checking how to recognize dependent libraries
configure:7017: result: file_magic ^x86 archive import|^x86 DLL
configure:7102: checking for dlltool
configure:7118: found /mingw64/bin/dlltool
configure:7129: result: dlltool
configure:7162: checking how to associate runtime and link libraries
configure:7189: result: func_cygming_dll_for_implib
configure:7243: checking for ranlib
configure:7259: found /mingw64/bin/ranlib
configure:7270: result: ranlib
configure:7341: checking for ar
configure:7357: found /mingw64/bin/ar
configure:7368: result: ar
configure:7421: checking for archiver @FILE support
configure:7438: gcc -c -g -O2  conftest.c >&5
configure:7438: $? = 0
configure:7441: ar cr libconftest.a @conftest.lst >&5
configure:7444: $? = 0
configure:7449: ar cr libconftest.a @conftest.lst >&5
C:\msys64\mingw64\bin\ar.exe: conftest.o: No such file or directory
configure:7452: $? = 1
configure:7464: result: @
configure:7522: checking for strip
configure:7538: found /mingw64/bin/strip
configure:7549: result: strip
configure:7652: checking command to parse /mingw64/bin/nm -B output from gcc object
configure:7805: gcc -c -g -O2  conftest.c >&5
configure:7808: $? = 0
configure:7812: /mingw64/bin/nm -B conftest.o | /usr/bin/sed -n -e 's/^.*[	 ]\([ABCDGIRSTW][ABCDGIRSTW]*\)[	 ][	 ]*\([_A-Za-z][_A-Za-z0-9]*\)\{0,1\}$/\1 \2 \2/p' | /usr/bin/sed '/ __gnu_lto/d' > conftest.nm
configure:7878: gcc -o conftest.exe -g -O2   conftest.c conftstm.o >&5
configure:7881: $? = 0
configure:7919: result: ok
configure:7966: checking for sysroot
configure:7998: result: no
configure:8005: checking for a working dd
configure:8043: result: /usr/bin/dd
configure:8047: checking how to truncate binary pipes
configure:8062: result: /usr/bin/dd bs=4096 count=1
configure:8391: checking for mt
configure:8421: result: no
configure:8441: checking if : is a manifest tool
configure:8447: : '-?'
configure:8455: result: no
configure:9177: checking for ANSI C header files
configure:9197: gcc -c -g -O2  conftest.c >&5
configure:9197: $? = 0
configure:9270: gcc -o conftest.exe -g -O2   conftest.c -liconv -lssl -lcrypto >&5
configure:9270: $? = 0
configure:9270: ./conftest.exe
configure:9270: $? = 0
configure:9281: result: yes
configure:9294: checking for sys/types.h
configure:9294: gcc -c -g -O2  conftest.c >&5
configure:9294: $? = 0
configure:9294: result: yes
configure:9294: checking for sys/stat.h
configure:9294: gcc -c -g -O2  conftest.c >&5
configure:9294: $? = 0
configure:9294: result: yes
configure:9294: checking for stdlib.h
configure:9294: gcc -c -g -O2  conftest.c >&5
configure:9294: $? = 0
configure:9294: result: yes
configure:9294: checking for string.h
configure:9294: gcc -c -g -O2  conftest.c >&5
configure:9294: $? = 0
configure:9294: result: yes
configure:9294: checking for memory.h
configure:9294: gcc -c -g -O2  conftest.c >&5
configure:9294: $? = 0
configure:9294: result: yes
configure:9294: checking for strings.h
configure:9294: gcc -c -g -O2  conftest.c >&5
configure:9294: $? = 0
configure:9294: result: yes
configure:9294: checking for inttypes.h
configure:9294: gcc -c -g -O2  conftest.c >&5
configure:9294: $? = 0
configure:9294: result: yes
configure:9294: checking for stdint.h
configure:9294: gcc -c -g -O2  conftest.c >&5
configure:9294: $? = 0
configure:9294: result: yes
configure:9294: checking for unistd.h
configure:9294: gcc -c -g -O2  conftest.c >&5
configure:9294: $? = 0
configure:9294: result: yes
configure:9308: checking for dlfcn.h
configure:9308: gcc -c -g -O2  conftest.c >&5
conftest.c:54:10: fatal error: dlfcn.h: No such file or directory
   54 | #include <dlfcn.h>
      |          ^~~~~~~~~
compilation terminated.
configure:9308: $? = 1
configure: failed program was:
| /* confdefs.h */
| #define PACKAGE_NAME ""
| #define PACKAGE_TARNAME ""
| #define PACKAGE_VERSION ""
| #define PACKAGE_STRING ""
| #define PACKAGE_BUGREPORT ""
| #define PACKAGE_URL ""
| #define DEVEL_VERSION 1
| #define STDC_HEADERS 1
| #define HAVE_SYS_TYPES_H 1
| #define HAVE_SYS_STAT_H 1
| #define HAVE_STDLIB_H 1
| #define HAVE_STRING_H 1
| #define HAVE_MEMORY_H 1
| #define HAVE_STRINGS_H 1
| #define HAVE_INTTYPES_H 1
| #define HAVE_STDINT_H 1
| #define HAVE_UNISTD_H 1
| /* end confdefs.h.  */
| #include <stdio.h>
| #ifdef HAVE_SYS_TYPES_H
| # include <sys/types.h>
| #endif
| #ifdef HAVE_SYS_STAT_H
| # include <sys/stat.h>
| #endif
| #ifdef STDC_HEADERS
| # include <stdlib.h>
| # include <stddef.h>
| #else
| # ifdef HAVE_STDLIB_H
| #  include <stdlib.h>
| # endif
| #endif
| #ifdef HAVE_STRING_H
| # if !defined STDC_HEADERS && defined HAVE_MEMORY_H
| #  include <memory.h>
| # endif
| # include <string.h>
| #endif
| #ifdef HAVE_STRINGS_H
| # include <strings.h>
| #endif
| #ifdef HAVE_INTTYPES_H
| # include <inttypes.h>
| #endif
| #ifdef HAVE_STDINT_H
| # include <stdint.h>
| #endif
| #ifdef HAVE_UNISTD_H
| # include <unistd.h>
| #endif
| 
| #include <dlfcn.h>
configure:9308: result: no
configure:9568: checking for objdir
configure:9583: result: .libs
configure:9843: checking if gcc supports -fno-rtti -fno-exceptions
configure:9861: gcc -c -g -O2  -fno-rtti -fno-exceptions conftest.c >&5
cc1.exe: warning: command-line option '-fno-rtti' is valid for C++/D/ObjC++ but not for C
configure:9865: $? = 0
configure:9878: result: no
configure:10251: checking for gcc option to produce PIC
configure:10258: result: -DDLL_EXPORT -DPIC
configure:10266: checking if gcc PIC flag -DDLL_EXPORT -DPIC works
configure:10284: gcc -c -g -O2  -DDLL_EXPORT -DPIC -DPIC conftest.c >&5
configure:10288: $? = 0
configure:10301: result: yes
configure:10330: checking if gcc static flag -static works
configure:10358: result: yes
configure:10373: checking if gcc supports -c -o file.o
configure:10394: gcc -c -g -O2  -o out/conftest2.o conftest.c >&5
configure:10398: $? = 0
configure:10420: result: yes
configure:10428: checking if gcc supports -c -o file.o
configure:10475: result: yes
configure:10508: checking whether the gcc linker (C:/msys64/mingw64/x86_64-w64-mingw32/bin/ld.exe) supports shared libraries
configure:11780: result: yes
configure:11817: checking whether -lc should be explicitly linked in
configure:11825: gcc -c -g -O2  conftest.c >&5
configure:11828: $? = 0
configure:11843: gcc -shared conftest.o  -v -o ./conftest -Wl,--enable-auto-image-base -Xlinker --out-implib -Xlinker conftest 2\>\&1 \| /usr/bin/grep  -lc  \>/dev/null 2\>\&1
configure:11846: $? = 1
configure:11860: result: yes
configure:12020: checking dynamic linker characteristics
configure:13392: result: Win32 ld.exe
configure:13514: checking how to hardcode library paths into programs
configure:13539: result: immediate
configure:14087: checking whether stripping libraries is possible
configure:14096: result: yes
configure:14138: checking if libtool supports shared libraries
configure:14140: result: yes
configure:14143: checking whether to build shared libraries
configure:14168: result: yes
configure:14171: checking whether to build static libraries
configure:14175: result: no
configure:14236: checking for windres
configure:14252: found /mingw64/bin/windres
configure:14263: result: windres
configure:14374: checking for pkg-config
configure:14392: found /mingw64/bin/pkg-config
configure:14404: result: /mingw64/bin/pkg-config
configure:14429: checking pkg-config is at least version 0.16
configure:14432: result: yes
configure:14453: checking for glib-2.0 >= 2.8.0 gobject-2.0 gmodule-2.0
configure:14460: $PKG_CONFIG --exists --print-errors "$pkg_config_args"
configure:14463: $? = 0
configure:14477: $PKG_CONFIG --exists --print-errors "$pkg_config_args"
configure:14480: $? = 0
configure:14518: result: yes
configure:14528: $PKG_CONFIG --exists --print-errors "glib-2.0"
configure:14531: $? = 0
configure:14551: $PKG_CONFIG --exists --print-errors "glib-2.0"
configure:14554: $? = 0
configure:14574: $PKG_CONFIG --exists --print-errors "glib-2.0"
configure:14577: $? = 0
configure:14597: $PKG_CONFIG --exists --print-errors "gio-2.0"
configure:14600: $? = 0
configure:14616: checking for GLIB - version >= 2.8.0
configure:14721: gcc -o conftest.exe -g -O2 -mms-bitfields -mwindows -IC:/msys64/mingw64/include/glib-2.0 -IC:/msys64/mingw64/lib/glib-2.0/include   conftest.c -lgobject-2.0 -lgmodule-2.0 -lglib-2.0 -lintl -liconv -lssl -lcrypto >&5
configure:14721: $? = 0
configure:14721: ./conftest.exe
configure:14721: $? = 0
configure:14735: result: yes (version 2.88.1)
configure:14800: checking for glib-genmarshal
configure:14830: result: C:/msys64/mingw64/bin/glib-genmarshal.exe
configure:14914: checking for pkg-config
configure:14944: result: /mingw64/bin/pkg-config
configure:14969: checking pkg-config is at least version 0.7
configure:14972: result: yes
configure:14985: checking for GTK+ - version >= 2.8.0
configure:15095: gcc -o conftest.exe -g -O2 -mms-bitfields -mwindows -IC:/msys64/mingw64/include/gtk-2.0 -mms-bitfields -IC:/msys64/mingw64/lib/gtk-2.0/include -IC:/msys64/mingw64/include/pango-1.0 -IC:/msys64/mingw64/include/fribidi -IC:/msys64/mingw64/include/harfbuzz -IC:/msys64/mingw64/include/atk-1.0 -IC:/msys64/mingw64/include/cairo -IC:/msys64/mingw64/include/freetype2 -IC:/msys64/mingw64/include/pixman-1 -IC:/msys64/mingw64/include/gdk-pixbuf-2.0 -IC:/msys64/mingw64/include/libpng16 -IC:/msys64/mingw64/include/webp -DLIBDEFLATE_DLL -IC:/msys64/mingw64/include/glib-2.0 -IC:/msys64/mingw64/lib/glib-2.0/include   conftest.c -lgtk-win32-2.0 -lgdk-win32-2.0 -limm32 -lshell32 -lole32 -Wl,-luuid -lpangocairo-1.0 -lpangowin32-1.0 -lpango-1.0 -lgdi32 -lmsimg32 -latk-1.0 -lcairo -lharfbuzz -lgdk_pixbuf-2.0 -lgio-2.0 -lgobject-2.0 -lglib-2.0 -lintl -liconv -lssl -lcrypto >&5
In file included from C:/msys64/mingw64/include/gtk-2.0/gtk/gtkobject.h:37,
                 from C:/msys64/mingw64/include/gtk-2.0/gtk/gtkwidget.h:36,
                 from C:/msys64/mingw64/include/gtk-2.0/gtk/gtkcontainer.h:35,
                 from C:/msys64/mingw64/include/gtk-2.0/gtk/gtkbin.h:35,
                 from C:/msys64/mingw64/include/gtk-2.0/gtk/gtkwindow.h:36,
                 from C:/msys64/mingw64/include/gtk-2.0/gtk/gtkdialog.h:35,
                 from C:/msys64/mingw64/include/gtk-2.0/gtk/gtkaboutdialog.h:32,
                 from C:/msys64/mingw64/include/gtk-2.0/gtk/gtk.h:33,
                 from conftest.c:22:
C:/msys64/mingw64/include/gtk-2.0/gtk/gtktypeutils.h:236:1: warning: 'GTypeDebugFlags' is deprecated [-Wdeprecated-declarations]
  236 | void            gtk_type_init   (GTypeDebugFlags    debug_flags);
      | ^~~~
In file included from C:/msys64/mingw64/include/glib-2.0/gobject/gobject.h:26,
                 from C:/msys64/mingw64/include/glib-2.0/gobject/gbinding.h:31,
                 from C:/msys64/mingw64/include/glib-2.0/glib-object.h:24,
                 from C:/msys64/mingw64/include/glib-2.0/gio/gioenums.h:30,
                 from C:/msys64/mingw64/include/glib-2.0/gio/giotypes.h:30,
                 from C:/msys64/mingw64/include/glib-2.0/gio/gio.h:28,
                 from C:/msys64/mingw64/include/gtk-2.0/gdk/gdkapplaunchcontext.h:30,
                 from C:/msys64/mingw64/include/gtk-2.0/gdk/gdk.h:32,
                 from C:/msys64/mingw64/include/gtk-2.0/gtk/gtk.h:32:
C:/msys64/mingw64/include/glib-2.0/gobject/gtype.h:725:1: note: declared here
  725 | {
      | ^
In file included from C:/msys64/mingw64/include/gtk-2.0/gtk/gtktoolitem.h:31,
                 from C:/msys64/mingw64/include/gtk-2.0/gtk/gtktoolbutton.h:30,
                 from C:/msys64/mingw64/include/gtk-2.0/gtk/gtkmenutoolbutton.h:30,
                 from C:/msys64/mingw64/include/gtk-2.0/gtk/gtk.h:126:
C:/msys64/mingw64/include/gtk-2.0/gtk/gtktooltips.h:73:3: warning: 'GTimeVal' is deprecated: Use 'GDateTime' instead [-Wdeprecated-declarations]
   73 |   GTimeVal last_popdown;
      |   ^~~~~~~~
In file included from C:/msys64/mingw64/include/glib-2.0/glib/galloca.h:34,
                 from C:/msys64/mingw64/include/glib-2.0/glib.h:32,
                 from C:/msys64/mingw64/include/glib-2.0/gobject/gbinding.h:30:
C:/msys64/mingw64/include/glib-2.0/glib/gtypes.h:622:8: note: declared here
  622 | struct _GTimeVal
      |        ^~~~~~~~~
configure:15095: $? = 0
configure:15095: ./conftest.exe
configure:15095: $? = 0
configure:15109: result: yes (version 2.24.33)
configure:15275: checking for ld
configure:15403: result: C:/msys64/mingw64/x86_64-w64-mingw32/bin/ld.exe
configure:15410: checking if the linker (C:/msys64/mingw64/x86_64-w64-mingw32/bin/ld.exe) is GNU ld
configure:15425: result: yes
configure:15432: checking for shared library run path origin
configure:15445: result: done
configure:15466: checking 32-bit host C ABI
configure:15518: gcc -c -g -O2 -mms-bitfields -mwindows  conftest.c >&5
configure:15518: $? = 0
configure:15529: result: no
configure:15538: checking for ELF binary format
configure:15560: result: no
configure:15612: checking for the common suffixes of directories in the library search path
configure:15687: result: lib,lib,lib
configure:16218: checking for iconv
configure:16242: gcc -o conftest.exe -g -O2 -mms-bitfields -mwindows -I/mingw64/include  conftest.c -liconv -lssl -lcrypto >&5
configure:16242: $? = 0
configure:16276: result: yes
configure:16279: checking for working iconv
configure:16421: gcc -o conftest.exe -g -O2 -mms-bitfields -mwindows -I/mingw64/include  conftest.c -liconv -lssl -lcrypto >&5
configure:16421: $? = 0
configure:16421: ./conftest.exe
configure:16421: $? = 0
configure:16433: result: yes
configure:16461: checking whether iconv is compatible with its POSIX signature
configure:16485: gcc -c -g -O2 -mms-bitfields -mwindows  conftest.c >&5
configure:16485: $? = 0
configure:16493: result: yes
configure:16527: checking for bind_textdomain_codeset
configure:16527: gcc -o conftest.exe -g -O2 -mms-bitfields -mwindows   conftest.c -liconv -lssl -lcrypto >&5
C:/msys64/mingw64/bin/../lib/gcc/x86_64-w64-mingw32/16.1.0/../../../../x86_64-w64-mingw32/bin/ld.exe: C:\msys64\tmp\ccaos2h8.o: in function `main':
D:/git/sylpheed/conftest.c:57:(.text.startup+0xa): undefined reference to `bind_textdomain_codeset'
collect2.exe: error: ld returned 1 exit status
configure:16527: $? = 1
configure: failed program was:
| /* confdefs.h */
| #define PACKAGE_NAME ""
| #define PACKAGE_TARNAME ""
| #define PACKAGE_VERSION ""
| #define PACKAGE_STRING ""
| #define PACKAGE_BUGREPORT ""
| #define PACKAGE_URL ""
| #define DEVEL_VERSION 1
| #define STDC_HEADERS 1
| #define HAVE_SYS_TYPES_H 1
| #define HAVE_SYS_STAT_H 1
| #define HAVE_STDLIB_H 1
| #define HAVE_STRING_H 1
| #define HAVE_MEMORY_H 1
| #define HAVE_STRINGS_H 1
| #define HAVE_INTTYPES_H 1
| #define HAVE_STDINT_H 1
| #define HAVE_UNISTD_H 1
| #define LT_OBJDIR ".libs/"
| #define HAVE_ICONV 1
| #define ICONV_CONST 
| /* end confdefs.h.  */
| /* Define bind_textdomain_codeset to an innocuous variant, in case <limits.h> declares bind_textdomain_codeset.
|    For example, HP-UX 11i <limits.h> declares gettimeofday.  */
| #define bind_textdomain_codeset innocuous_bind_textdomain_codeset
| 
| /* System header to define __stub macros and hopefully few prototypes,
|     which can conflict with char bind_textdomain_codeset (void); below.
|     Prefer <limits.h> to <assert.h> if __STDC__ is defined, since
|     <limits.h> exists even on freestanding compilers.  */
| 
| #ifdef __STDC__
| # include <limits.h>
| #else
| # include <assert.h>
| #endif
| 
| #undef bind_textdomain_codeset
| 
| /* Override any GCC internal prototype to avoid an error.
|    Use char because int might match the return type of a GCC
|    builtin and then its argument prototype would still apply.  */
| #ifdef __cplusplus
| extern "C"
| #endif
| char bind_textdomain_codeset (void);
| /* The GNU C library defines this for functions which it implements
|     to always fail with ENOSYS.  Some functions are actually named
|     something starting with __ and the normal name is an alias.  */
| #if defined __stub_bind_textdomain_codeset || defined __stub___bind_textdomain_codeset
| choke me
| #endif
| 
| int
| main (void)
| {
| return bind_textdomain_codeset ();
|   ;
|   return 0;
| }
configure:16527: result: no
configure:16549: checking locale.h usability
configure:16549: gcc -c -g -O2 -mms-bitfields -mwindows  conftest.c >&5
configure:16549: $? = 0
configure:16549: result: yes
configure:16549: checking locale.h presence
configure:16549: gcc -E  conftest.c
configure:16549: $? = 0
configure:16549: result: yes
configure:16549: checking for locale.h
configure:16549: result: yes
configure:16560: checking for LC_MESSAGES
configure:16576: gcc -o conftest.exe -g -O2 -mms-bitfields -mwindows   conftest.c -liconv -lssl -lcrypto >&5
conftest.c: In function 'main':
conftest.c:29:8: error: 'LC_MESSAGES' undeclared (first use in this function)
   29 | return LC_MESSAGES
      |        ^~~~~~~~~~~
conftest.c:29:8: note: each undeclared identifier is reported only once for each function it appears in
configure:16576: $? = 1
configure: failed program was:
| /* confdefs.h */
| #define PACKAGE_NAME ""
| #define PACKAGE_TARNAME ""
| #define PACKAGE_VERSION ""
| #define PACKAGE_STRING ""
| #define PACKAGE_BUGREPORT ""
| #define PACKAGE_URL ""
| #define DEVEL_VERSION 1
| #define STDC_HEADERS 1
| #define HAVE_SYS_TYPES_H 1
| #define HAVE_SYS_STAT_H 1
| #define HAVE_STDLIB_H 1
| #define HAVE_STRING_H 1
| #define HAVE_MEMORY_H 1
| #define HAVE_STRINGS_H 1
| #define HAVE_INTTYPES_H 1
| #define HAVE_STDINT_H 1
| #define HAVE_UNISTD_H 1
| #define LT_OBJDIR ".libs/"
| #define HAVE_ICONV 1
| #define ICONV_CONST 
| #define GETTEXT_PACKAGE "sylpheed"
| #define HAVE_LOCALE_H 1
| /* end confdefs.h.  */
| #include <locale.h>
| int
| main (void)
| {
| return LC_MESSAGES
|   ;
|   return 0;
| }
configure:16584: result: no
configure:16602: checking for CFPreferencesCopyAppValue
configure:16620: gcc -o conftest.exe -g -O2 -mms-bitfields -mwindows   conftest.c -liconv -lssl -lcrypto -Wl,-framework -Wl,CoreFoundation >&5
conftest.c:25:10: fatal error: CoreFoundation/CFPreferences.h: No such file or directory
   25 | #include <CoreFoundation/CFPreferences.h>
      |          ^~~~~~~~~~~~~~~~~~~~~~~~~~~~~~~~
compilation terminated.
configure:16620: $? = 1
configure: failed program was:
| /* confdefs.h */
| #define PACKAGE_NAME ""
| #define PACKAGE_TARNAME ""
| #define PACKAGE_VERSION ""
| #define PACKAGE_STRING ""
| #define PACKAGE_BUGREPORT ""
| #define PACKAGE_URL ""
| #define DEVEL_VERSION 1
| #define STDC_HEADERS 1
| #define HAVE_SYS_TYPES_H 1
| #define HAVE_SYS_STAT_H 1
| #define HAVE_STDLIB_H 1
| #define HAVE_STRING_H 1
| #define HAVE_MEMORY_H 1
| #define HAVE_STRINGS_H 1
| #define HAVE_INTTYPES_H 1
| #define HAVE_STDINT_H 1
| #define HAVE_UNISTD_H 1
| #define LT_OBJDIR ".libs/"
| #define HAVE_ICONV 1
| #define ICONV_CONST 
| #define GETTEXT_PACKAGE "sylpheed"
| #define HAVE_LOCALE_H 1
| /* end confdefs.h.  */
| #include <CoreFoundation/CFPreferences.h>
| int
| main (void)
| {
| CFPreferencesCopyAppValue(NULL, NULL)
|   ;
|   return 0;
| }
configure:16629: result: no
configure:16636: checking for CFLocaleCopyCurrent
configure:16654: gcc -o conftest.exe -g -O2 -mms-bitfields -mwindows   conftest.c -liconv -lssl -lcrypto -Wl,-framework -Wl,CoreFoundation >&5
conftest.c:25:10: fatal error: CoreFoundation/CFLocale.h: No such file or directory
   25 | #include <CoreFoundation/CFLocale.h>
      |          ^~~~~~~~~~~~~~~~~~~~~~~~~~~
compilation terminated.
configure:16654: $? = 1
configure: failed program was:
| /* confdefs.h */
| #define PACKAGE_NAME ""
| #define PACKAGE_TARNAME ""
| #define PACKAGE_VERSION ""
| #define PACKAGE_STRING ""
| #define PACKAGE_BUGREPORT ""
| #define PACKAGE_URL ""
| #define DEVEL_VERSION 1
| #define STDC_HEADERS 1
| #define HAVE_SYS_TYPES_H 1
| #define HAVE_SYS_STAT_H 1
| #define HAVE_STDLIB_H 1
| #define HAVE_STRING_H 1
| #define HAVE_MEMORY_H 1
| #define HAVE_STRINGS_H 1
| #define HAVE_INTTYPES_H 1
| #define HAVE_STDINT_H 1
| #define HAVE_UNISTD_H 1
| #define LT_OBJDIR ".libs/"
| #define HAVE_ICONV 1
| #define ICONV_CONST 
| #define GETTEXT_PACKAGE "sylpheed"
| #define HAVE_LOCALE_H 1
| /* end confdefs.h.  */
| #include <CoreFoundation/CFLocale.h>
| int
| main (void)
| {
| CFLocaleCopyCurrent();
|   ;
|   return 0;
| }
configure:16663: result: no
configure:16677: checking libintl.h usability
configure:16677: gcc -c -g -O2 -mms-bitfields -mwindows  conftest.c >&5
configure:16677: $? = 0
configure:16677: result: yes
configure:16677: checking libintl.h presence
configure:16677: gcc -E  conftest.c
configure:16677: $? = 0
configure:16677: result: yes
configure:16677: checking for libintl.h
configure:16677: result: yes
configure:16685: checking for ngettext in libc
configure:16703: gcc -o conftest.exe -g -O2 -mms-bitfields -mwindows   conftest.c -liconv -lssl -lcrypto >&5
C:/msys64/mingw64/bin/../lib/gcc/x86_64-w64-mingw32/16.1.0/../../../../x86_64-w64-mingw32/bin/ld.exe: C:\msys64\tmp\ccoF6kZo.o: in function `main':
D:/git/sylpheed/conftest.c:31:(.text.startup+0x1a): undefined reference to `libintl_ngettext'
collect2.exe: error: ld returned 1 exit status
configure:16703: $? = 1
configure: failed program was:
| /* confdefs.h */
| #define PACKAGE_NAME ""
| #define PACKAGE_TARNAME ""
| #define PACKAGE_VERSION ""
| #define PACKAGE_STRING ""
| #define PACKAGE_BUGREPORT ""
| #define PACKAGE_URL ""
| #define DEVEL_VERSION 1
| #define STDC_HEADERS 1
| #define HAVE_SYS_TYPES_H 1
| #define HAVE_SYS_STAT_H 1
| #define HAVE_STDLIB_H 1
| #define HAVE_STRING_H 1
| #define HAVE_MEMORY_H 1
| #define HAVE_STRINGS_H 1
| #define HAVE_INTTYPES_H 1
| #define HAVE_STDINT_H 1
| #define HAVE_UNISTD_H 1
| #define LT_OBJDIR ".libs/"
| #define HAVE_ICONV 1
| #define ICONV_CONST 
| #define GETTEXT_PACKAGE "sylpheed"
| #define HAVE_LOCALE_H 1
| /* end confdefs.h.  */
| 
| #include <libintl.h>
| 
| int
| main (void)
| {
| return !ngettext ("","", 1)
|   ;
|   return 0;
| }
configure:16712: result: no
configure:16768: checking for bindtextdomain in -lintl
configure:16793: gcc -o conftest.exe -g -O2 -mms-bitfields -mwindows   conftest.c -lintl  -liconv -lssl -lcrypto >&5
configure:16793: $? = 0
configure:16802: result: yes
configure:16805: checking for ngettext in -lintl
configure:16830: gcc -o conftest.exe -g -O2 -mms-bitfields -mwindows   conftest.c -lintl  -liconv -lssl -lcrypto >&5
configure:16830: $? = 0
configure:16839: result: yes
configure:16842: checking for dgettext in -lintl
configure:16867: gcc -o conftest.exe -g -O2 -mms-bitfields -mwindows   conftest.c -lintl  -liconv -lssl -lcrypto >&5
conftest.c:32:6: warning: conflicting types for built-in function 'dgettext'; expected 'char *(const char *, const char *)' [-Wbuiltin-declaration-mismatch]
   32 | char dgettext (void);
      |      ^~~~~~~~
configure:16867: $? = 0
configure:16876: result: yes
configure:16989: checking for bind_textdomain_codeset
configure:16989: gcc -o conftest.exe -g -O2 -mms-bitfields -mwindows   conftest.c -liconv -lssl -lcrypto -lintl  >&5
configure:16989: $? = 0
configure:16989: result: yes
configure:17026: checking for msgfmt
configure:17053: result: /mingw64/bin/msgfmt
configure:17064: checking for dcgettext
configure:17064: gcc -o conftest.exe -g -O2 -mms-bitfields -mwindows   conftest.c -liconv -lssl -lcrypto -lintl   >&5
conftest.c:50:6: warning: conflicting types for built-in function 'dcgettext'; expected 'char *(const char *, const char *, int)' [-Wbuiltin-declaration-mismatch]
   50 | char dcgettext (void);
      |      ^~~~~~~~~
configure:17064: $? = 0
configure:17064: result: yes
configure:17074: checking if msgfmt accepts -c
configure:17089: $MSGFMT -c -o /dev/null conftest.foo
conftest.foo:3: warning: header field 'Language' missing in header
configure:17092: $? = 0
configure:17094: result: yes
configure:17104: checking for gmsgfmt
configure:17135: result: /mingw64/bin/msgfmt
configure:17145: checking for xgettext
configure:17172: result: /mingw64/bin/xgettext
configure:17191: gcc -o conftest.exe -g -O2 -mms-bitfields -mwindows   conftest.c -liconv -lssl -lcrypto -lintl   >&5
configure:17191: $? = 0
configure:17273: checking for catalogs to be installed
configure:17298: result:  be bg cs da de el es et eu fi fr gl he hr hu it ja ko lt nl pl pt_BR ro ru sk sl sr sv tr uk vi zh_CN zh_TW
configure:17387: checking whether to use GPGME
configure:17390: result: yes
configure:17394: checking for gpgrt-config
configure:17413: found /mingw64/bin/gpgrt-config
configure:17426: result: /mingw64/bin/gpgrt-config
configure:17543: Use gpgrt-config as gpgme-config
configure:17615: checking for GPGME - version >= 1.0.0
configure:17660: result: yes
configure:17705: checking for gpgme_io_writen in -lgpgme
configure:17730: gcc -o conftest.exe -g -O2 -mms-bitfields -mwindows   conftest.c -lgpgme  -liconv -lssl -lcrypto >&5
configure:17730: $? = 0
configure:17739: result: yes
configure:17760: checking whether to use JPilot
configure:17809: result: no
configure:17820: checking whether to use LDAP
configure:18106: result: no
configure:18117: checking whether to use OpenSSL
configure:18120: result: yes
configure:18124: checking for openssl
configure:18131: $PKG_CONFIG --exists --print-errors "openssl"
configure:18134: $? = 0
configure:18148: $PKG_CONFIG --exists --print-errors "openssl"
configure:18151: $? = 0
configure:18189: result: yes
configure:18196: checking if openssl is available
configure:18198: result: yes
configure:18253: checking for uncompface in -lcompface
configure:18278: gcc -o conftest.exe -g -O2 -mms-bitfields -mwindows    conftest.c -lcompface  -liconv -lssl -lcrypto -lssl -lcrypto >&5
C:/msys64/mingw64/bin/../lib/gcc/x86_64-w64-mingw32/16.1.0/../../../../x86_64-w64-mingw32/bin/ld.exe: cannot find -lcompface: No such file or directory
collect2.exe: error: ld returned 1 exit status
configure:18278: $? = 1
configure: failed program was:
| /* confdefs.h */
| #define PACKAGE_NAME ""
| #define PACKAGE_TARNAME ""
| #define PACKAGE_VERSION ""
| #define PACKAGE_STRING ""
| #define PACKAGE_BUGREPORT ""
| #define PACKAGE_URL ""
| #define DEVEL_VERSION 1
| #define STDC_HEADERS 1
| #define HAVE_SYS_TYPES_H 1
| #define HAVE_SYS_STAT_H 1
| #define HAVE_STDLIB_H 1
| #define HAVE_STRING_H 1
| #define HAVE_MEMORY_H 1
| #define HAVE_STRINGS_H 1
| #define HAVE_INTTYPES_H 1
| #define HAVE_STDINT_H 1
| #define HAVE_UNISTD_H 1
| #define LT_OBJDIR ".libs/"
| #define HAVE_ICONV 1
| #define ICONV_CONST 
| #define GETTEXT_PACKAGE "sylpheed"
| #define HAVE_LOCALE_H 1
| #define HAVE_BIND_TEXTDOMAIN_CODESET 1
| #define HAVE_GETTEXT 1
| #define HAVE_DCGETTEXT 1
| #define ENABLE_NLS 1
| #define USE_GPGME 1
| #define HAVE_GPGME_IO_WRITEN 1
| #define USE_SSL 1
| /* end confdefs.h.  */
| 
| /* Override any GCC internal prototype to avoid an error.
|    Use char because int might match the return type of a GCC
|    builtin and then its argument prototype would still apply.  */
| #ifdef __cplusplus
| extern "C"
| #endif
| char uncompface (void);
| int
| main (void)
| {
| return uncompface ();
|   ;
|   return 0;
| }
configure:18287: result: no
configure:18302: checking whether to use GtkSpell
configure:18312: result: yes
configure:18314: checking whether GtkSpell is available
configure:18338: result: no
configure:18354: checking whether to use Oniguruma
configure:18377: result: no
configure:18388: checking whether to use libcurl
configure:18391: result: yes
configure:18393: checking for curl_global_init in -lcurl
configure:18418: gcc -o conftest.exe -g -O2 -mms-bitfields -mwindows    conftest.c -lcurl  -liconv -lssl -lcrypto -lssl -lcrypto >&5
configure:18418: $? = 0
configure:18427: result: yes
configure:18438: checking for setlocale in -lxpg4
configure:18463: gcc -o conftest.exe -g -O2 -mms-bitfields -mwindows    conftest.c -lxpg4  -liconv -lssl -lcrypto -lssl -lcrypto >&5
C:/msys64/mingw64/bin/../lib/gcc/x86_64-w64-mingw32/16.1.0/../../../../x86_64-w64-mingw32/bin/ld.exe: cannot find -lxpg4: No such file or directory
collect2.exe: error: ld returned 1 exit status
configure:18463: $? = 1
configure: failed program was:
| /* confdefs.h */
| #define PACKAGE_NAME ""
| #define PACKAGE_TARNAME ""
| #define PACKAGE_VERSION ""
| #define PACKAGE_STRING ""
| #define PACKAGE_BUGREPORT ""
| #define PACKAGE_URL ""
| #define DEVEL_VERSION 1
| #define STDC_HEADERS 1
| #define HAVE_SYS_TYPES_H 1
| #define HAVE_SYS_STAT_H 1
| #define HAVE_STDLIB_H 1
| #define HAVE_STRING_H 1
| #define HAVE_MEMORY_H 1
| #define HAVE_STRINGS_H 1
| #define HAVE_INTTYPES_H 1
| #define HAVE_STDINT_H 1
| #define HAVE_UNISTD_H 1
| #define LT_OBJDIR ".libs/"
| #define HAVE_ICONV 1
| #define ICONV_CONST 
| #define GETTEXT_PACKAGE "sylpheed"
| #define HAVE_LOCALE_H 1
| #define HAVE_BIND_TEXTDOMAIN_CODESET 1
| #define HAVE_GETTEXT 1
| #define HAVE_DCGETTEXT 1
| #define ENABLE_NLS 1
| #define USE_GPGME 1
| #define HAVE_GPGME_IO_WRITEN 1
| #define USE_SSL 1
| /* end confdefs.h.  */
| 
| /* Override any GCC internal prototype to avoid an error.
|    Use char because int might match the return type of a GCC
|    builtin and then its argument prototype would still apply.  */
| #ifdef __cplusplus
| extern "C"
| #endif
| char setlocale (void);
| int
| main (void)
| {
| return setlocale ();
|   ;
|   return 0;
| }
configure:18472: result: no
configure:18483: checking for res_init in -lresolv
configure:18508: gcc -o conftest.exe -g -O2 -mms-bitfields -mwindows    conftest.c -lresolv  -liconv -lssl -lcrypto -lssl -lcrypto >&5
C:/msys64/mingw64/bin/../lib/gcc/x86_64-w64-mingw32/16.1.0/../../../../x86_64-w64-mingw32/bin/ld.exe: cannot find -lresolv: No such file or directory
collect2.exe: error: ld returned 1 exit status
configure:18508: $? = 1
configure: failed program was:
| /* confdefs.h */
| #define PACKAGE_NAME ""
| #define PACKAGE_TARNAME ""
| #define PACKAGE_VERSION ""
| #define PACKAGE_STRING ""
| #define PACKAGE_BUGREPORT ""
| #define PACKAGE_URL ""
| #define DEVEL_VERSION 1
| #define STDC_HEADERS 1
| #define HAVE_SYS_TYPES_H 1
| #define HAVE_SYS_STAT_H 1
| #define HAVE_STDLIB_H 1
| #define HAVE_STRING_H 1
| #define HAVE_MEMORY_H 1
| #define HAVE_STRINGS_H 1
| #define HAVE_INTTYPES_H 1
| #define HAVE_STDINT_H 1
| #define HAVE_UNISTD_H 1
| #define LT_OBJDIR ".libs/"
| #define HAVE_ICONV 1
| #define ICONV_CONST 
| #define GETTEXT_PACKAGE "sylpheed"
| #define HAVE_LOCALE_H 1
| #define HAVE_BIND_TEXTDOMAIN_CODESET 1
| #define HAVE_GETTEXT 1
| #define HAVE_DCGETTEXT 1
| #define ENABLE_NLS 1
| #define USE_GPGME 1
| #define HAVE_GPGME_IO_WRITEN 1
| #define USE_SSL 1
| /* end confdefs.h.  */
| 
| /* Override any GCC internal prototype to avoid an error.
|    Use char because int might match the return type of a GCC
|    builtin and then its argument prototype would still apply.  */
| #ifdef __cplusplus
| extern "C"
| #endif
| char res_init (void);
| int
| main (void)
| {
| return res_init ();
|   ;
|   return 0;
| }
configure:18517: result: no
configure:18528: checking for bind in -lsocket
configure:18553: gcc -o conftest.exe -g -O2 -mms-bitfields -mwindows    conftest.c -lsocket  -liconv -lssl -lcrypto -lssl -lcrypto >&5
C:/msys64/mingw64/bin/../lib/gcc/x86_64-w64-mingw32/16.1.0/../../../../x86_64-w64-mingw32/bin/ld.exe: cannot find -lsocket: No such file or directory
collect2.exe: error: ld returned 1 exit status
configure:18553: $? = 1
configure: failed program was:
| /* confdefs.h */
| #define PACKAGE_NAME ""
| #define PACKAGE_TARNAME ""
| #define PACKAGE_VERSION ""
| #define PACKAGE_STRING ""
| #define PACKAGE_BUGREPORT ""
| #define PACKAGE_URL ""
| #define DEVEL_VERSION 1
| #define STDC_HEADERS 1
| #define HAVE_SYS_TYPES_H 1
| #define HAVE_SYS_STAT_H 1
| #define HAVE_STDLIB_H 1
| #define HAVE_STRING_H 1
| #define HAVE_MEMORY_H 1
| #define HAVE_STRINGS_H 1
| #define HAVE_INTTYPES_H 1
| #define HAVE_STDINT_H 1
| #define HAVE_UNISTD_H 1
| #define LT_OBJDIR ".libs/"
| #define HAVE_ICONV 1
| #define ICONV_CONST 
| #define GETTEXT_PACKAGE "sylpheed"
| #define HAVE_LOCALE_H 1
| #define HAVE_BIND_TEXTDOMAIN_CODESET 1
| #define HAVE_GETTEXT 1
| #define HAVE_DCGETTEXT 1
| #define ENABLE_NLS 1
| #define USE_GPGME 1
| #define HAVE_GPGME_IO_WRITEN 1
| #define USE_SSL 1
| /* end confdefs.h.  */
| 
| /* Override any GCC internal prototype to avoid an error.
|    Use char because int might match the return type of a GCC
|    builtin and then its argument prototype would still apply.  */
| #ifdef __cplusplus
| extern "C"
| #endif
| char bind (void);
| int
| main (void)
| {
| return bind ();
|   ;
|   return 0;
| }
configure:18562: result: no
configure:18573: checking for gethostbyname in -lnsl
configure:18598: gcc -o conftest.exe -g -O2 -mms-bitfields -mwindows    conftest.c -lnsl  -liconv -lssl -lcrypto -lssl -lcrypto >&5
C:/msys64/mingw64/bin/../lib/gcc/x86_64-w64-mingw32/16.1.0/../../../../x86_64-w64-mingw32/bin/ld.exe: cannot find -lnsl: No such file or directory
collect2.exe: error: ld returned 1 exit status
configure:18598: $? = 1
configure: failed program was:
| /* confdefs.h */
| #define PACKAGE_NAME ""
| #define PACKAGE_TARNAME ""
| #define PACKAGE_VERSION ""
| #define PACKAGE_STRING ""
| #define PACKAGE_BUGREPORT ""
| #define PACKAGE_URL ""
| #define DEVEL_VERSION 1
| #define STDC_HEADERS 1
| #define HAVE_SYS_TYPES_H 1
| #define HAVE_SYS_STAT_H 1
| #define HAVE_STDLIB_H 1
| #define HAVE_STRING_H 1
| #define HAVE_MEMORY_H 1
| #define HAVE_STRINGS_H 1
| #define HAVE_INTTYPES_H 1
| #define HAVE_STDINT_H 1
| #define HAVE_UNISTD_H 1
| #define LT_OBJDIR ".libs/"
| #define HAVE_ICONV 1
| #define ICONV_CONST 
| #define GETTEXT_PACKAGE "sylpheed"
| #define HAVE_LOCALE_H 1
| #define HAVE_BIND_TEXTDOMAIN_CODESET 1
| #define HAVE_GETTEXT 1
| #define HAVE_DCGETTEXT 1
| #define ENABLE_NLS 1
| #define USE_GPGME 1
| #define HAVE_GPGME_IO_WRITEN 1
| #define USE_SSL 1
| /* end confdefs.h.  */
| 
| /* Override any GCC internal prototype to avoid an error.
|    Use char because int might match the return type of a GCC
|    builtin and then its argument prototype would still apply.  */
| #ifdef __cplusplus
| extern "C"
| #endif
| char gethostbyname (void);
| int
| main (void)
| {
| return gethostbyname ();
|   ;
|   return 0;
| }
configure:18607: result: no
configure:18627: checking whether to use threads
configure:18630: result: yes
configure:18654: checking whether to use IPv6
configure:18657: result: yes
configure:18659: checking for IPv6 support
configure:18680: gcc -c -g -O2 -mms-bitfields -mwindows  -IC:/msys64/mingw64/include/glib-2.0 -IC:/msys64/mingw64/lib/glib-2.0/include  conftest.c >&5
configure:18680: $? = 0
configure:18717: result: yes
configure:18759: checking whether struct dirent has d_type member
configure:18776: gcc -c -g -O2 -mms-bitfields -mwindows  -IC:/msys64/mingw64/include/glib-2.0 -IC:/msys64/mingw64/lib/glib-2.0/include  conftest.c >&5
conftest.c: In function 'main':
conftest.c:40:19: error: 'struct dirent' has no member named 'd_type'
   40 | struct dirent d; d.d_type = DT_REG;
      |                   ^
conftest.c:40:29: error: 'DT_REG' undeclared (first use in this function)
   40 | struct dirent d; d.d_type = DT_REG;
      |                             ^~~~~~
conftest.c:40:29: note: each undeclared identifier is reported only once for each function it appears in
configure:18776: $? = 1
configure: failed program was:
| /* confdefs.h */
| #define PACKAGE_NAME ""
| #define PACKAGE_TARNAME ""
| #define PACKAGE_VERSION ""
| #define PACKAGE_STRING ""
| #define PACKAGE_BUGREPORT ""
| #define PACKAGE_URL ""
| #define DEVEL_VERSION 1
| #define STDC_HEADERS 1
| #define HAVE_SYS_TYPES_H 1
| #define HAVE_SYS_STAT_H 1
| #define HAVE_STDLIB_H 1
| #define HAVE_STRING_H 1
| #define HAVE_MEMORY_H 1
| #define HAVE_STRINGS_H 1
| #define HAVE_INTTYPES_H 1
| #define HAVE_STDINT_H 1
| #define HAVE_UNISTD_H 1
| #define LT_OBJDIR ".libs/"
| #define HAVE_ICONV 1
| #define ICONV_CONST 
| #define GETTEXT_PACKAGE "sylpheed"
| #define HAVE_LOCALE_H 1
| #define HAVE_BIND_TEXTDOMAIN_CODESET 1
| #define HAVE_GETTEXT 1
| #define HAVE_DCGETTEXT 1
| #define ENABLE_NLS 1
| #define USE_GPGME 1
| #define HAVE_GPGME_IO_WRITEN 1
| #define USE_SSL 1
| #define USE_THREADS 1
| #define INET6 1
| #define USE_UPDATE_CHECK 1
| #define USE_UPDATE_CHECK_PLUGIN 1
| /* end confdefs.h.  */
| #include <dirent.h>
| int
| main (void)
| {
| struct dirent d; d.d_type = DT_REG;
|   ;
|   return 0;
| }
configure:18785: result: no
configure:18795: checking lockfile.h usability
configure:18795: gcc -c -g -O2 -mms-bitfields -mwindows  -IC:/msys64/mingw64/include/glib-2.0 -IC:/msys64/mingw64/lib/glib-2.0/include  conftest.c >&5
conftest.c:69:10: fatal error: lockfile.h: No such file or directory
   69 | #include <lockfile.h>
      |          ^~~~~~~~~~~~
compilation terminated.
configure:18795: $? = 1
configure: failed program was:
| /* confdefs.h */
| #define PACKAGE_NAME ""
| #define PACKAGE_TARNAME ""
| #define PACKAGE_VERSION ""
| #define PACKAGE_STRING ""
| #define PACKAGE_BUGREPORT ""
| #define PACKAGE_URL ""
| #define DEVEL_VERSION 1
| #define STDC_HEADERS 1
| #define HAVE_SYS_TYPES_H 1
| #define HAVE_SYS_STAT_H 1
| #define HAVE_STDLIB_H 1
| #define HAVE_STRING_H 1
| #define HAVE_MEMORY_H 1
| #define HAVE_STRINGS_H 1
| #define HAVE_INTTYPES_H 1
| #define HAVE_STDINT_H 1
| #define HAVE_UNISTD_H 1
| #define LT_OBJDIR ".libs/"
| #define HAVE_ICONV 1
| #define ICONV_CONST 
| #define GETTEXT_PACKAGE "sylpheed"
| #define HAVE_LOCALE_H 1
| #define HAVE_BIND_TEXTDOMAIN_CODESET 1
| #define HAVE_GETTEXT 1
| #define HAVE_DCGETTEXT 1
| #define ENABLE_NLS 1
| #define USE_GPGME 1
| #define HAVE_GPGME_IO_WRITEN 1
| #define USE_SSL 1
| #define USE_THREADS 1
| #define INET6 1
| #define USE_UPDATE_CHECK 1
| #define USE_UPDATE_CHECK_PLUGIN 1
| /* end confdefs.h.  */
| #include <stdio.h>
| #ifdef HAVE_SYS_TYPES_H
| # include <sys/types.h>
| #endif
| #ifdef HAVE_SYS_STAT_H
| # include <sys/stat.h>
| #endif
| #ifdef STDC_HEADERS
| # include <stdlib.h>
| # include <stddef.h>
| #else
| # ifdef HAVE_STDLIB_H
| #  include <stdlib.h>
| # endif
| #endif
| #ifdef HAVE_STRING_H
| # if !defined STDC_HEADERS && defined HAVE_MEMORY_H
| #  include <memory.h>
| # endif
| # include <string.h>
| #endif
| #ifdef HAVE_STRINGS_H
| # include <strings.h>
| #endif
| #ifdef HAVE_INTTYPES_H
| # include <inttypes.h>
| #endif
| #ifdef HAVE_STDINT_H
| # include <stdint.h>
| #endif
| #ifdef HAVE_UNISTD_H
| # include <unistd.h>
| #endif
| #include <lockfile.h>
configure:18795: result: no
configure:18795: checking lockfile.h presence
configure:18795: gcc -E  conftest.c
conftest.c:36:10: fatal error: lockfile.h: No such file or directory
   36 | #include <lockfile.h>
      |          ^~~~~~~~~~~~
compilation terminated.
configure:18795: $? = 1
configure: failed program was:
| /* confdefs.h */
| #define PACKAGE_NAME ""
| #define PACKAGE_TARNAME ""
| #define PACKAGE_VERSION ""
| #define PACKAGE_STRING ""
| #define PACKAGE_BUGREPORT ""
| #define PACKAGE_URL ""
| #define DEVEL_VERSION 1
| #define STDC_HEADERS 1
| #define HAVE_SYS_TYPES_H 1
| #define HAVE_SYS_STAT_H 1
| #define HAVE_STDLIB_H 1
| #define HAVE_STRING_H 1
| #define HAVE_MEMORY_H 1
| #define HAVE_STRINGS_H 1
| #define HAVE_INTTYPES_H 1
| #define HAVE_STDINT_H 1
| #define HAVE_UNISTD_H 1
| #define LT_OBJDIR ".libs/"
| #define HAVE_ICONV 1
| #define ICONV_CONST 
| #define GETTEXT_PACKAGE "sylpheed"
| #define HAVE_LOCALE_H 1
| #define HAVE_BIND_TEXTDOMAIN_CODESET 1
| #define HAVE_GETTEXT 1
| #define HAVE_DCGETTEXT 1
| #define ENABLE_NLS 1
| #define USE_GPGME 1
| #define HAVE_GPGME_IO_WRITEN 1
| #define USE_SSL 1
| #define USE_THREADS 1
| #define INET6 1
| #define USE_UPDATE_CHECK 1
| #define USE_UPDATE_CHECK_PLUGIN 1
| /* end confdefs.h.  */
| #include <lockfile.h>
configure:18795: result: no
configure:18795: checking for lockfile.h
configure:18795: result: no
configure:18805: checking for lockfile_create in -llockfile
configure:18830: gcc -o conftest.exe -g -O2 -mms-bitfields -mwindows  -IC:/msys64/mingw64/include/glib-2.0 -IC:/msys64/mingw64/lib/glib-2.0/include   conftest.c -llockfile  -liconv -lssl -lcrypto -lssl -lcrypto -lgthread-2.0 -lglib-2.0 -lintl >&5
C:/msys64/mingw64/bin/../lib/gcc/x86_64-w64-mingw32/16.1.0/../../../../x86_64-w64-mingw32/bin/ld.exe: cannot find -llockfile: No such file or directory
collect2.exe: error: ld returned 1 exit status
configure:18830: $? = 1
configure: failed program was:
| /* confdefs.h */
| #define PACKAGE_NAME ""
| #define PACKAGE_TARNAME ""
| #define PACKAGE_VERSION ""
| #define PACKAGE_STRING ""
| #define PACKAGE_BUGREPORT ""
| #define PACKAGE_URL ""
| #define DEVEL_VERSION 1
| #define STDC_HEADERS 1
| #define HAVE_SYS_TYPES_H 1
| #define HAVE_SYS_STAT_H 1
| #define HAVE_STDLIB_H 1
| #define HAVE_STRING_H 1
| #define HAVE_MEMORY_H 1
| #define HAVE_STRINGS_H 1
| #define HAVE_INTTYPES_H 1
| #define HAVE_STDINT_H 1
| #define HAVE_UNISTD_H 1
| #define LT_OBJDIR ".libs/"
| #define HAVE_ICONV 1
| #define ICONV_CONST 
| #define GETTEXT_PACKAGE "sylpheed"
| #define HAVE_LOCALE_H 1
| #define HAVE_BIND_TEXTDOMAIN_CODESET 1
| #define HAVE_GETTEXT 1
| #define HAVE_DCGETTEXT 1
| #define ENABLE_NLS 1
| #define USE_GPGME 1
| #define HAVE_GPGME_IO_WRITEN 1
| #define USE_SSL 1
| #define USE_THREADS 1
| #define INET6 1
| #define USE_UPDATE_CHECK 1
| #define USE_UPDATE_CHECK_PLUGIN 1
| /* end confdefs.h.  */
| 
| /* Override any GCC internal prototype to avoid an error.
|    Use char because int might match the return type of a GCC
|    builtin and then its argument prototype would still apply.  */
| #ifdef __cplusplus
| extern "C"
| #endif
| char lockfile_create (void);
| int
| main (void)
| {
| return lockfile_create ();
|   ;
|   return 0;
| }
configure:18839: result: no
configure:18855: checking for dirent.h that defines DIR
configure:18874: gcc -c -g -O2 -mms-bitfields -mwindows  -IC:/msys64/mingw64/include/glib-2.0 -IC:/msys64/mingw64/lib/glib-2.0/include  conftest.c >&5
configure:18874: $? = 0
configure:18882: result: yes
configure:18895: checking for library containing opendir
configure:18926: gcc -o conftest.exe -g -O2 -mms-bitfields -mwindows  -IC:/msys64/mingw64/include/glib-2.0 -IC:/msys64/mingw64/lib/glib-2.0/include   conftest.c -liconv -lssl -lcrypto -lssl -lcrypto -lgthread-2.0 -lglib-2.0 -lintl >&5
configure:18926: $? = 0
configure:18943: result: none required
configure:19010: checking for ANSI C header files
configure:19114: result: yes
configure:19122: checking for sys/wait.h that is POSIX.1 compatible
configure:19148: gcc -c -g -O2 -mms-bitfields -mwindows  -IC:/msys64/mingw64/include/glib-2.0 -IC:/msys64/mingw64/lib/glib-2.0/include  conftest.c >&5
conftest.c:39:10: fatal error: sys/wait.h: No such file or directory
   39 | #include <sys/wait.h>
      |          ^~~~~~~~~~~~
compilation terminated.
configure:19148: $? = 1
configure: failed program was:
| /* confdefs.h */
| #define PACKAGE_NAME ""
| #define PACKAGE_TARNAME ""
| #define PACKAGE_VERSION ""
| #define PACKAGE_STRING ""
| #define PACKAGE_BUGREPORT ""
| #define PACKAGE_URL ""
| #define DEVEL_VERSION 1
| #define STDC_HEADERS 1
| #define HAVE_SYS_TYPES_H 1
| #define HAVE_SYS_STAT_H 1
| #define HAVE_STDLIB_H 1
| #define HAVE_STRING_H 1
| #define HAVE_MEMORY_H 1
| #define HAVE_STRINGS_H 1
| #define HAVE_INTTYPES_H 1
| #define HAVE_STDINT_H 1
| #define HAVE_UNISTD_H 1
| #define LT_OBJDIR ".libs/"
| #define HAVE_ICONV 1
| #define ICONV_CONST 
| #define GETTEXT_PACKAGE "sylpheed"
| #define HAVE_LOCALE_H 1
| #define HAVE_BIND_TEXTDOMAIN_CODESET 1
| #define HAVE_GETTEXT 1
| #define HAVE_DCGETTEXT 1
| #define ENABLE_NLS 1
| #define USE_GPGME 1
| #define HAVE_GPGME_IO_WRITEN 1
| #define USE_SSL 1
| #define USE_THREADS 1
| #define INET6 1
| #define USE_UPDATE_CHECK 1
| #define USE_UPDATE_CHECK_PLUGIN 1
| #define HAVE_DIRENT_H 1
| #define STDC_HEADERS 1
| /* end confdefs.h.  */
| #include <sys/types.h>
| #include <sys/wait.h>
| #ifndef WEXITSTATUS
| # define WEXITSTATUS(stat_val) ((unsigned int) (stat_val) >> 8)
| #endif
| #ifndef WIFEXITED
| # define WIFEXITED(stat_val) (((stat_val) & 255) == 0)
| #endif
| 
| int
| main (void)
| {
|   int s;
|   wait (&s);
|   s = WIFEXITED (s) ? WEXITSTATUS (s) : 1;
|   ;
|   return 0;
| }
configure:19155: result: no
configure:19168: checking fcntl.h usability
configure:19168: gcc -c -g -O2 -mms-bitfields -mwindows  -IC:/msys64/mingw64/include/glib-2.0 -IC:/msys64/mingw64/lib/glib-2.0/include  conftest.c >&5
configure:19168: $? = 0
configure:19168: result: yes
configure:19168: checking fcntl.h presence
configure:19168: gcc -E  conftest.c
configure:19168: $? = 0
configure:19168: result: yes
configure:19168: checking for fcntl.h
configure:19168: result: yes
configure:19168: checking sys/file.h usability
configure:19168: gcc -c -g -O2 -mms-bitfields -mwindows  -IC:/msys64/mingw64/include/glib-2.0 -IC:/msys64/mingw64/lib/glib-2.0/include  conftest.c >&5
configure:19168: $? = 0
configure:19168: result: yes
configure:19168: checking sys/file.h presence
configure:19168: gcc -E  conftest.c
configure:19168: $? = 0
configure:19168: result: yes
configure:19168: checking for sys/file.h
configure:19168: result: yes
configure:19168: checking for unistd.h
configure:19168: result: yes
configure:19168: checking paths.h usability
configure:19168: gcc -c -g -O2 -mms-bitfields -mwindows  -IC:/msys64/mingw64/include/glib-2.0 -IC:/msys64/mingw64/lib/glib-2.0/include  conftest.c >&5
conftest.c:74:10: fatal error: paths.h: No such file or directory
   74 | #include <paths.h>
      |          ^~~~~~~~~
compilation terminated.
configure:19168: $? = 1
configure: failed program was:
| /* confdefs.h */
| #define PACKAGE_NAME ""
| #define PACKAGE_TARNAME ""
| #define PACKAGE_VERSION ""
| #define PACKAGE_STRING ""
| #define PACKAGE_BUGREPORT ""
| #define PACKAGE_URL ""
| #define DEVEL_VERSION 1
| #define STDC_HEADERS 1
| #define HAVE_SYS_TYPES_H 1
| #define HAVE_SYS_STAT_H 1
| #define HAVE_STDLIB_H 1
| #define HAVE_STRING_H 1
| #define HAVE_MEMORY_H 1
| #define HAVE_STRINGS_H 1
| #define HAVE_INTTYPES_H 1
| #define HAVE_STDINT_H 1
| #define HAVE_UNISTD_H 1
| #define LT_OBJDIR ".libs/"
| #define HAVE_ICONV 1
| #define ICONV_CONST 
| #define GETTEXT_PACKAGE "sylpheed"
| #define HAVE_LOCALE_H 1
| #define HAVE_BIND_TEXTDOMAIN_CODESET 1
| #define HAVE_GETTEXT 1
| #define HAVE_DCGETTEXT 1
| #define ENABLE_NLS 1
| #define USE_GPGME 1
| #define HAVE_GPGME_IO_WRITEN 1
| #define USE_SSL 1
| #define USE_THREADS 1
| #define INET6 1
| #define USE_UPDATE_CHECK 1
| #define USE_UPDATE_CHECK_PLUGIN 1
| #define HAVE_DIRENT_H 1
| #define STDC_HEADERS 1
| #define HAVE_FCNTL_H 1
| #define HAVE_SYS_FILE_H 1
| #define HAVE_UNISTD_H 1
| /* end confdefs.h.  */
| #include <stdio.h>
| #ifdef HAVE_SYS_TYPES_H
| # include <sys/types.h>
| #endif
| #ifdef HAVE_SYS_STAT_H
| # include <sys/stat.h>
| #endif
| #ifdef STDC_HEADERS
| # include <stdlib.h>
| # include <stddef.h>
| #else
| # ifdef HAVE_STDLIB_H
| #  include <stdlib.h>
| # endif
| #endif
| #ifdef HAVE_STRING_H
| # if !defined STDC_HEADERS && defined HAVE_MEMORY_H
| #  include <memory.h>
| # endif
| # include <string.h>
| #endif
| #ifdef HAVE_STRINGS_H
| # include <strings.h>
| #endif
| #ifdef HAVE_INTTYPES_H
| # include <inttypes.h>
| #endif
| #ifdef HAVE_STDINT_H
| # include <stdint.h>
| #endif
| #ifdef HAVE_UNISTD_H
| # include <unistd.h>
| #endif
| #include <paths.h>
configure:19168: result: no
configure:19168: checking paths.h presence
configure:19168: gcc -E  conftest.c
conftest.c:41:10: fatal error: paths.h: No such file or directory
   41 | #include <paths.h>
      |          ^~~~~~~~~
compilation terminated.
configure:19168: $? = 1
configure: failed program was:
| /* confdefs.h */
| #define PACKAGE_NAME ""
| #define PACKAGE_TARNAME ""
| #define PACKAGE_VERSION ""
| #define PACKAGE_STRING ""
| #define PACKAGE_BUGREPORT ""
| #define PACKAGE_URL ""
| #define DEVEL_VERSION 1
| #define STDC_HEADERS 1
| #define HAVE_SYS_TYPES_H 1
| #define HAVE_SYS_STAT_H 1
| #define HAVE_STDLIB_H 1
| #define HAVE_STRING_H 1
| #define HAVE_MEMORY_H 1
| #define HAVE_STRINGS_H 1
| #define HAVE_INTTYPES_H 1
| #define HAVE_STDINT_H 1
| #define HAVE_UNISTD_H 1
| #define LT_OBJDIR ".libs/"
| #define HAVE_ICONV 1
| #define ICONV_CONST 
| #define GETTEXT_PACKAGE "sylpheed"
| #define HAVE_LOCALE_H 1
| #define HAVE_BIND_TEXTDOMAIN_CODESET 1
| #define HAVE_GETTEXT 1
| #define HAVE_DCGETTEXT 1
| #define ENABLE_NLS 1
| #define USE_GPGME 1
| #define HAVE_GPGME_IO_WRITEN 1
| #define USE_SSL 1
| #define USE_THREADS 1
| #define INET6 1
| #define USE_UPDATE_CHECK 1
| #define USE_UPDATE_CHECK_PLUGIN 1
| #define HAVE_DIRENT_H 1
| #define STDC_HEADERS 1
| #define HAVE_FCNTL_H 1
| #define HAVE_SYS_FILE_H 1
| #define HAVE_UNISTD_H 1
| /* end confdefs.h.  */
| #include <paths.h>
configure:19168: result: no
configure:19168: checking for paths.h
configure:19168: result: no
configure:19168: checking sys/param.h usability
configure:19168: gcc -c -g -O2 -mms-bitfields -mwindows  -IC:/msys64/mingw64/include/glib-2.0 -IC:/msys64/mingw64/lib/glib-2.0/include  conftest.c >&5
configure:19168: $? = 0
configure:19168: result: yes
configure:19168: checking sys/param.h presence
configure:19168: gcc -E  conftest.c
configure:19168: $? = 0
configure:19168: result: yes
configure:19168: checking for sys/param.h
configure:19168: result: yes
configure:19168: checking sys/utsname.h usability
configure:19168: gcc -c -g -O2 -mms-bitfields -mwindows  -IC:/msys64/mingw64/include/glib-2.0 -IC:/msys64/mingw64/lib/glib-2.0/include  conftest.c >&5
conftest.c:75:10: fatal error: sys/utsname.h: No such file or directory
   75 | #include <sys/utsname.h>
      |          ^~~~~~~~~~~~~~~
compilation terminated.
configure:19168: $? = 1
configure: failed program was:
| /* confdefs.h */
| #define PACKAGE_NAME ""
| #define PACKAGE_TARNAME ""
| #define PACKAGE_VERSION ""
| #define PACKAGE_STRING ""
| #define PACKAGE_BUGREPORT ""
| #define PACKAGE_URL ""
| #define DEVEL_VERSION 1
| #define STDC_HEADERS 1
| #define HAVE_SYS_TYPES_H 1
| #define HAVE_SYS_STAT_H 1
| #define HAVE_STDLIB_H 1
| #define HAVE_STRING_H 1
| #define HAVE_MEMORY_H 1
| #define HAVE_STRINGS_H 1
| #define HAVE_INTTYPES_H 1
| #define HAVE_STDINT_H 1
| #define HAVE_UNISTD_H 1
| #define LT_OBJDIR ".libs/"
| #define HAVE_ICONV 1
| #define ICONV_CONST 
| #define GETTEXT_PACKAGE "sylpheed"
| #define HAVE_LOCALE_H 1
| #define HAVE_BIND_TEXTDOMAIN_CODESET 1
| #define HAVE_GETTEXT 1
| #define HAVE_DCGETTEXT 1
| #define ENABLE_NLS 1
| #define USE_GPGME 1
| #define HAVE_GPGME_IO_WRITEN 1
| #define USE_SSL 1
| #define USE_THREADS 1
| #define INET6 1
| #define USE_UPDATE_CHECK 1
| #define USE_UPDATE_CHECK_PLUGIN 1
| #define HAVE_DIRENT_H 1
| #define STDC_HEADERS 1
| #define HAVE_FCNTL_H 1
| #define HAVE_SYS_FILE_H 1
| #define HAVE_UNISTD_H 1
| #define HAVE_SYS_PARAM_H 1
| /* end confdefs.h.  */
| #include <stdio.h>
| #ifdef HAVE_SYS_TYPES_H
| # include <sys/types.h>
| #endif
| #ifdef HAVE_SYS_STAT_H
| # include <sys/stat.h>
| #endif
| #ifdef STDC_HEADERS
| # include <stdlib.h>
| # include <stddef.h>
| #else
| # ifdef HAVE_STDLIB_H
| #  include <stdlib.h>
| # endif
| #endif
| #ifdef HAVE_STRING_H
| # if !defined STDC_HEADERS && defined HAVE_MEMORY_H
| #  include <memory.h>
| # endif
| # include <string.h>
| #endif
| #ifdef HAVE_STRINGS_H
| # include <strings.h>
| #endif
| #ifdef HAVE_INTTYPES_H
| # include <inttypes.h>
| #endif
| #ifdef HAVE_STDINT_H
| # include <stdint.h>
| #endif
| #ifdef HAVE_UNISTD_H
| # include <unistd.h>
| #endif
| #include <sys/utsname.h>
configure:19168: result: no
configure:19168: checking sys/utsname.h presence
configure:19168: gcc -E  conftest.c
conftest.c:42:10: fatal error: sys/utsname.h: No such file or directory
   42 | #include <sys/utsname.h>
      |          ^~~~~~~~~~~~~~~
compilation terminated.
configure:19168: $? = 1
configure: failed program was:
| /* confdefs.h */
| #define PACKAGE_NAME ""
| #define PACKAGE_TARNAME ""
| #define PACKAGE_VERSION ""
| #define PACKAGE_STRING ""
| #define PACKAGE_BUGREPORT ""
| #define PACKAGE_URL ""
| #define DEVEL_VERSION 1
| #define STDC_HEADERS 1
| #define HAVE_SYS_TYPES_H 1
| #define HAVE_SYS_STAT_H 1
| #define HAVE_STDLIB_H 1
| #define HAVE_STRING_H 1
| #define HAVE_MEMORY_H 1
| #define HAVE_STRINGS_H 1
| #define HAVE_INTTYPES_H 1
| #define HAVE_STDINT_H 1
| #define HAVE_UNISTD_H 1
| #define LT_OBJDIR ".libs/"
| #define HAVE_ICONV 1
| #define ICONV_CONST 
| #define GETTEXT_PACKAGE "sylpheed"
| #define HAVE_LOCALE_H 1
| #define HAVE_BIND_TEXTDOMAIN_CODESET 1
| #define HAVE_GETTEXT 1
| #define HAVE_DCGETTEXT 1
| #define ENABLE_NLS 1
| #define USE_GPGME 1
| #define HAVE_GPGME_IO_WRITEN 1
| #define USE_SSL 1
| #define USE_THREADS 1
| #define INET6 1
| #define USE_UPDATE_CHECK 1
| #define USE_UPDATE_CHECK_PLUGIN 1
| #define HAVE_DIRENT_H 1
| #define STDC_HEADERS 1
| #define HAVE_FCNTL_H 1
| #define HAVE_SYS_FILE_H 1
| #define HAVE_UNISTD_H 1
| #define HAVE_SYS_PARAM_H 1
| /* end confdefs.h.  */
| #include <sys/utsname.h>
configure:19168: result: no
configure:19168: checking for sys/utsname.h
configure:19168: result: no
configure:19168: checking sys/select.h usability
configure:19168: gcc -c -g -O2 -mms-bitfields -mwindows  -IC:/msys64/mingw64/include/glib-2.0 -IC:/msys64/mingw64/lib/glib-2.0/include  conftest.c >&5
conftest.c:75:10: fatal error: sys/select.h: No such file or directory
   75 | #include <sys/select.h>
      |          ^~~~~~~~~~~~~~
compilation terminated.
configure:19168: $? = 1
configure: failed program was:
| /* confdefs.h */
| #define PACKAGE_NAME ""
| #define PACKAGE_TARNAME ""
| #define PACKAGE_VERSION ""
| #define PACKAGE_STRING ""
| #define PACKAGE_BUGREPORT ""
| #define PACKAGE_URL ""
| #define DEVEL_VERSION 1
| #define STDC_HEADERS 1
| #define HAVE_SYS_TYPES_H 1
| #define HAVE_SYS_STAT_H 1
| #define HAVE_STDLIB_H 1
| #define HAVE_STRING_H 1
| #define HAVE_MEMORY_H 1
| #define HAVE_STRINGS_H 1
| #define HAVE_INTTYPES_H 1
| #define HAVE_STDINT_H 1
| #define HAVE_UNISTD_H 1
| #define LT_OBJDIR ".libs/"
| #define HAVE_ICONV 1
| #define ICONV_CONST 
| #define GETTEXT_PACKAGE "sylpheed"
| #define HAVE_LOCALE_H 1
| #define HAVE_BIND_TEXTDOMAIN_CODESET 1
| #define HAVE_GETTEXT 1
| #define HAVE_DCGETTEXT 1
| #define ENABLE_NLS 1
| #define USE_GPGME 1
| #define HAVE_GPGME_IO_WRITEN 1
| #define USE_SSL 1
| #define USE_THREADS 1
| #define INET6 1
| #define USE_UPDATE_CHECK 1
| #define USE_UPDATE_CHECK_PLUGIN 1
| #define HAVE_DIRENT_H 1
| #define STDC_HEADERS 1
| #define HAVE_FCNTL_H 1
| #define HAVE_SYS_FILE_H 1
| #define HAVE_UNISTD_H 1
| #define HAVE_SYS_PARAM_H 1
| /* end confdefs.h.  */
| #include <stdio.h>
| #ifdef HAVE_SYS_TYPES_H
| # include <sys/types.h>
| #endif
| #ifdef HAVE_SYS_STAT_H
| # include <sys/stat.h>
| #endif
| #ifdef STDC_HEADERS
| # include <stdlib.h>
| # include <stddef.h>
| #else
| # ifdef HAVE_STDLIB_H
| #  include <stdlib.h>
| # endif
| #endif
| #ifdef HAVE_STRING_H
| # if !defined STDC_HEADERS && defined HAVE_MEMORY_H
| #  include <memory.h>
| # endif
| # include <string.h>
| #endif
| #ifdef HAVE_STRINGS_H
| # include <strings.h>
| #endif
| #ifdef HAVE_INTTYPES_H
| # include <inttypes.h>
| #endif
| #ifdef HAVE_STDINT_H
| # include <stdint.h>
| #endif
| #ifdef HAVE_UNISTD_H
| # include <unistd.h>
| #endif
| #include <sys/select.h>
configure:19168: result: no
configure:19168: checking sys/select.h presence
configure:19168: gcc -E  conftest.c
conftest.c:42:10: fatal error: sys/select.h: No such file or directory
   42 | #include <sys/select.h>
      |          ^~~~~~~~~~~~~~
compilation terminated.
configure:19168: $? = 1
configure: failed program was:
| /* confdefs.h */
| #define PACKAGE_NAME ""
| #define PACKAGE_TARNAME ""
| #define PACKAGE_VERSION ""
| #define PACKAGE_STRING ""
| #define PACKAGE_BUGREPORT ""
| #define PACKAGE_URL ""
| #define DEVEL_VERSION 1
| #define STDC_HEADERS 1
| #define HAVE_SYS_TYPES_H 1
| #define HAVE_SYS_STAT_H 1
| #define HAVE_STDLIB_H 1
| #define HAVE_STRING_H 1
| #define HAVE_MEMORY_H 1
| #define HAVE_STRINGS_H 1
| #define HAVE_INTTYPES_H 1
| #define HAVE_STDINT_H 1
| #define HAVE_UNISTD_H 1
| #define LT_OBJDIR ".libs/"
| #define HAVE_ICONV 1
| #define ICONV_CONST 
| #define GETTEXT_PACKAGE "sylpheed"
| #define HAVE_LOCALE_H 1
| #define HAVE_BIND_TEXTDOMAIN_CODESET 1
| #define HAVE_GETTEXT 1
| #define HAVE_DCGETTEXT 1
| #define ENABLE_NLS 1
| #define USE_GPGME 1
| #define HAVE_GPGME_IO_WRITEN 1
| #define USE_SSL 1
| #define USE_THREADS 1
| #define INET6 1
| #define USE_UPDATE_CHECK 1
| #define USE_UPDATE_CHECK_PLUGIN 1
| #define HAVE_DIRENT_H 1
| #define STDC_HEADERS 1
| #define HAVE_FCNTL_H 1
| #define HAVE_SYS_FILE_H 1
| #define HAVE_UNISTD_H 1
| #define HAVE_SYS_PARAM_H 1
| /* end confdefs.h.  */
| #include <sys/select.h>
configure:19168: result: no
configure:19168: checking for sys/select.h
configure:19168: result: no
configure:19168: checking netdb.h usability
configure:19168: gcc -c -g -O2 -mms-bitfields -mwindows  -IC:/msys64/mingw64/include/glib-2.0 -IC:/msys64/mingw64/lib/glib-2.0/include  conftest.c >&5
conftest.c:75:10: fatal error: netdb.h: No such file or directory
   75 | #include <netdb.h>
      |          ^~~~~~~~~
compilation terminated.
configure:19168: $? = 1
configure: failed program was:
| /* confdefs.h */
| #define PACKAGE_NAME ""
| #define PACKAGE_TARNAME ""
| #define PACKAGE_VERSION ""
| #define PACKAGE_STRING ""
| #define PACKAGE_BUGREPORT ""
| #define PACKAGE_URL ""
| #define DEVEL_VERSION 1
| #define STDC_HEADERS 1
| #define HAVE_SYS_TYPES_H 1
| #define HAVE_SYS_STAT_H 1
| #define HAVE_STDLIB_H 1
| #define HAVE_STRING_H 1
| #define HAVE_MEMORY_H 1
| #define HAVE_STRINGS_H 1
| #define HAVE_INTTYPES_H 1
| #define HAVE_STDINT_H 1
| #define HAVE_UNISTD_H 1
| #define LT_OBJDIR ".libs/"
| #define HAVE_ICONV 1
| #define ICONV_CONST 
| #define GETTEXT_PACKAGE "sylpheed"
| #define HAVE_LOCALE_H 1
| #define HAVE_BIND_TEXTDOMAIN_CODESET 1
| #define HAVE_GETTEXT 1
| #define HAVE_DCGETTEXT 1
| #define ENABLE_NLS 1
| #define USE_GPGME 1
| #define HAVE_GPGME_IO_WRITEN 1
| #define USE_SSL 1
| #define USE_THREADS 1
| #define INET6 1
| #define USE_UPDATE_CHECK 1
| #define USE_UPDATE_CHECK_PLUGIN 1
| #define HAVE_DIRENT_H 1
| #define STDC_HEADERS 1
| #define HAVE_FCNTL_H 1
| #define HAVE_SYS_FILE_H 1
| #define HAVE_UNISTD_H 1
| #define HAVE_SYS_PARAM_H 1
| /* end confdefs.h.  */
| #include <stdio.h>
| #ifdef HAVE_SYS_TYPES_H
| # include <sys/types.h>
| #endif
| #ifdef HAVE_SYS_STAT_H
| # include <sys/stat.h>
| #endif
| #ifdef STDC_HEADERS
| # include <stdlib.h>
| # include <stddef.h>
| #else
| # ifdef HAVE_STDLIB_H
| #  include <stdlib.h>
| # endif
| #endif
| #ifdef HAVE_STRING_H
| # if !defined STDC_HEADERS && defined HAVE_MEMORY_H
| #  include <memory.h>
| # endif
| # include <string.h>
| #endif
| #ifdef HAVE_STRINGS_H
| # include <strings.h>
| #endif
| #ifdef HAVE_INTTYPES_H
| # include <inttypes.h>
| #endif
| #ifdef HAVE_STDINT_H
| # include <stdint.h>
| #endif
| #ifdef HAVE_UNISTD_H
| # include <unistd.h>
| #endif
| #include <netdb.h>
configure:19168: result: no
configure:19168: checking netdb.h presence
configure:19168: gcc -E  conftest.c
conftest.c:42:10: fatal error: netdb.h: No such file or directory
   42 | #include <netdb.h>
      |          ^~~~~~~~~
compilation terminated.
configure:19168: $? = 1
configure: failed program was:
| /* confdefs.h */
| #define PACKAGE_NAME ""
| #define PACKAGE_TARNAME ""
| #define PACKAGE_VERSION ""
| #define PACKAGE_STRING ""
| #define PACKAGE_BUGREPORT ""
| #define PACKAGE_URL ""
| #define DEVEL_VERSION 1
| #define STDC_HEADERS 1
| #define HAVE_SYS_TYPES_H 1
| #define HAVE_SYS_STAT_H 1
| #define HAVE_STDLIB_H 1
| #define HAVE_STRING_H 1
| #define HAVE_MEMORY_H 1
| #define HAVE_STRINGS_H 1
| #define HAVE_INTTYPES_H 1
| #define HAVE_STDINT_H 1
| #define HAVE_UNISTD_H 1
| #define LT_OBJDIR ".libs/"
| #define HAVE_ICONV 1
| #define ICONV_CONST 
| #define GETTEXT_PACKAGE "sylpheed"
| #define HAVE_LOCALE_H 1
| #define HAVE_BIND_TEXTDOMAIN_CODESET 1
| #define HAVE_GETTEXT 1
| #define HAVE_DCGETTEXT 1
| #define ENABLE_NLS 1
| #define USE_GPGME 1
| #define HAVE_GPGME_IO_WRITEN 1
| #define USE_SSL 1
| #define USE_THREADS 1
| #define INET6 1
| #define USE_UPDATE_CHECK 1
| #define USE_UPDATE_CHECK_PLUGIN 1
| #define HAVE_DIRENT_H 1
| #define STDC_HEADERS 1
| #define HAVE_FCNTL_H 1
| #define HAVE_SYS_FILE_H 1
| #define HAVE_UNISTD_H 1
| #define HAVE_SYS_PARAM_H 1
| /* end confdefs.h.  */
| #include <netdb.h>
configure:19168: result: no
configure:19168: checking for netdb.h
configure:19168: result: no
configure:19168: checking regex.h usability
configure:19168: gcc -c -g -O2 -mms-bitfields -mwindows  -IC:/msys64/mingw64/include/glib-2.0 -IC:/msys64/mingw64/lib/glib-2.0/include  conftest.c >&5
configure:19168: $? = 0
configure:19168: result: yes
configure:19168: checking regex.h presence
configure:19168: gcc -E  conftest.c
configure:19168: $? = 0
configure:19168: result: yes
configure:19168: checking for regex.h
configure:19168: result: yes
configure:19168: checking sys/mman.h usability
configure:19168: gcc -c -g -O2 -mms-bitfields -mwindows  -IC:/msys64/mingw64/include/glib-2.0 -IC:/msys64/mingw64/lib/glib-2.0/include  conftest.c >&5
conftest.c:76:10: fatal error: sys/mman.h: No such file or directory
   76 | #include <sys/mman.h>
      |          ^~~~~~~~~~~~
compilation terminated.
configure:19168: $? = 1
configure: failed program was:
| /* confdefs.h */
| #define PACKAGE_NAME ""
| #define PACKAGE_TARNAME ""
| #define PACKAGE_VERSION ""
| #define PACKAGE_STRING ""
| #define PACKAGE_BUGREPORT ""
| #define PACKAGE_URL ""
| #define DEVEL_VERSION 1
| #define STDC_HEADERS 1
| #define HAVE_SYS_TYPES_H 1
| #define HAVE_SYS_STAT_H 1
| #define HAVE_STDLIB_H 1
| #define HAVE_STRING_H 1
| #define HAVE_MEMORY_H 1
| #define HAVE_STRINGS_H 1
| #define HAVE_INTTYPES_H 1
| #define HAVE_STDINT_H 1
| #define HAVE_UNISTD_H 1
| #define LT_OBJDIR ".libs/"
| #define HAVE_ICONV 1
| #define ICONV_CONST 
| #define GETTEXT_PACKAGE "sylpheed"
| #define HAVE_LOCALE_H 1
| #define HAVE_BIND_TEXTDOMAIN_CODESET 1
| #define HAVE_GETTEXT 1
| #define HAVE_DCGETTEXT 1
| #define ENABLE_NLS 1
| #define USE_GPGME 1
| #define HAVE_GPGME_IO_WRITEN 1
| #define USE_SSL 1
| #define USE_THREADS 1
| #define INET6 1
| #define USE_UPDATE_CHECK 1
| #define USE_UPDATE_CHECK_PLUGIN 1
| #define HAVE_DIRENT_H 1
| #define STDC_HEADERS 1
| #define HAVE_FCNTL_H 1
| #define HAVE_SYS_FILE_H 1
| #define HAVE_UNISTD_H 1
| #define HAVE_SYS_PARAM_H 1
| #define HAVE_REGEX_H 1
| /* end confdefs.h.  */
| #include <stdio.h>
| #ifdef HAVE_SYS_TYPES_H
| # include <sys/types.h>
| #endif
| #ifdef HAVE_SYS_STAT_H
| # include <sys/stat.h>
| #endif
| #ifdef STDC_HEADERS
| # include <stdlib.h>
| # include <stddef.h>
| #else
| # ifdef HAVE_STDLIB_H
| #  include <stdlib.h>
| # endif
| #endif
| #ifdef HAVE_STRING_H
| # if !defined STDC_HEADERS && defined HAVE_MEMORY_H
| #  include <memory.h>
| # endif
| # include <string.h>
| #endif
| #ifdef HAVE_STRINGS_H
| # include <strings.h>
| #endif
| #ifdef HAVE_INTTYPES_H
| # include <inttypes.h>
| #endif
| #ifdef HAVE_STDINT_H
| # include <stdint.h>
| #endif
| #ifdef HAVE_UNISTD_H
| # include <unistd.h>
| #endif
| #include <sys/mman.h>
configure:19168: result: no
configure:19168: checking sys/mman.h presence
configure:19168: gcc -E  conftest.c
conftest.c:43:10: fatal error: sys/mman.h: No such file or directory
   43 | #include <sys/mman.h>
      |          ^~~~~~~~~~~~
compilation terminated.
configure:19168: $? = 1
configure: failed program was:
| /* confdefs.h */
| #define PACKAGE_NAME ""
| #define PACKAGE_TARNAME ""
| #define PACKAGE_VERSION ""
| #define PACKAGE_STRING ""
| #define PACKAGE_BUGREPORT ""
| #define PACKAGE_URL ""
| #define DEVEL_VERSION 1
| #define STDC_HEADERS 1
| #define HAVE_SYS_TYPES_H 1
| #define HAVE_SYS_STAT_H 1
| #define HAVE_STDLIB_H 1
| #define HAVE_STRING_H 1
| #define HAVE_MEMORY_H 1
| #define HAVE_STRINGS_H 1
| #define HAVE_INTTYPES_H 1
| #define HAVE_STDINT_H 1
| #define HAVE_UNISTD_H 1
| #define LT_OBJDIR ".libs/"
| #define HAVE_ICONV 1
| #define ICONV_CONST 
| #define GETTEXT_PACKAGE "sylpheed"
| #define HAVE_LOCALE_H 1
| #define HAVE_BIND_TEXTDOMAIN_CODESET 1
| #define HAVE_GETTEXT 1
| #define HAVE_DCGETTEXT 1
| #define ENABLE_NLS 1
| #define USE_GPGME 1
| #define HAVE_GPGME_IO_WRITEN 1
| #define USE_SSL 1
| #define USE_THREADS 1
| #define INET6 1
| #define USE_UPDATE_CHECK 1
| #define USE_UPDATE_CHECK_PLUGIN 1
| #define HAVE_DIRENT_H 1
| #define STDC_HEADERS 1
| #define HAVE_FCNTL_H 1
| #define HAVE_SYS_FILE_H 1
| #define HAVE_UNISTD_H 1
| #define HAVE_SYS_PARAM_H 1
| #define HAVE_REGEX_H 1
| /* end confdefs.h.  */
| #include <sys/mman.h>
configure:19168: result: no
configure:19168: checking for sys/mman.h
configure:19168: result: no
configure:19179: checking for an ANSI C-conforming const
configure:19245: gcc -c -g -O2 -mms-bitfields -mwindows  -IC:/msys64/mingw64/include/glib-2.0 -IC:/msys64/mingw64/lib/glib-2.0/include  conftest.c >&5
configure:19245: $? = 0
configure:19252: result: yes
configure:19260: checking for off_t
configure:19260: gcc -c -g -O2 -mms-bitfields -mwindows  -IC:/msys64/mingw64/include/glib-2.0 -IC:/msys64/mingw64/lib/glib-2.0/include  conftest.c >&5
configure:19260: $? = 0
configure:19260: gcc -c -g -O2 -mms-bitfields -mwindows  -IC:/msys64/mingw64/include/glib-2.0 -IC:/msys64/mingw64/lib/glib-2.0/include  conftest.c >&5
conftest.c: In function 'main':
conftest.c:79:20: error: expected expression before ')' token
   79 | if (sizeof ((off_t)))
      |                    ^
configure:19260: $? = 1
configure: failed program was:
| /* confdefs.h */
| #define PACKAGE_NAME ""
| #define PACKAGE_TARNAME ""
| #define PACKAGE_VERSION ""
| #define PACKAGE_STRING ""
| #define PACKAGE_BUGREPORT ""
| #define PACKAGE_URL ""
| #define DEVEL_VERSION 1
| #define STDC_HEADERS 1
| #define HAVE_SYS_TYPES_H 1
| #define HAVE_SYS_STAT_H 1
| #define HAVE_STDLIB_H 1
| #define HAVE_STRING_H 1
| #define HAVE_MEMORY_H 1
| #define HAVE_STRINGS_H 1
| #define HAVE_INTTYPES_H 1
| #define HAVE_STDINT_H 1
| #define HAVE_UNISTD_H 1
| #define LT_OBJDIR ".libs/"
| #define HAVE_ICONV 1
| #define ICONV_CONST 
| #define GETTEXT_PACKAGE "sylpheed"
| #define HAVE_LOCALE_H 1
| #define HAVE_BIND_TEXTDOMAIN_CODESET 1
| #define HAVE_GETTEXT 1
| #define HAVE_DCGETTEXT 1
| #define ENABLE_NLS 1
| #define USE_GPGME 1
| #define HAVE_GPGME_IO_WRITEN 1
| #define USE_SSL 1
| #define USE_THREADS 1
| #define INET6 1
| #define USE_UPDATE_CHECK 1
| #define USE_UPDATE_CHECK_PLUGIN 1
| #define HAVE_DIRENT_H 1
| #define STDC_HEADERS 1
| #define HAVE_FCNTL_H 1
| #define HAVE_SYS_FILE_H 1
| #define HAVE_UNISTD_H 1
| #define HAVE_SYS_PARAM_H 1
| #define HAVE_REGEX_H 1
| /* end confdefs.h.  */
| #include <stdio.h>
| #ifdef HAVE_SYS_TYPES_H
| # include <sys/types.h>
| #endif
| #ifdef HAVE_SYS_STAT_H
| # include <sys/stat.h>
| #endif
| #ifdef STDC_HEADERS
| # include <stdlib.h>
| # include <stddef.h>
| #else
| # ifdef HAVE_STDLIB_H
| #  include <stdlib.h>
| # endif
| #endif
| #ifdef HAVE_STRING_H
| # if !defined STDC_HEADERS && defined HAVE_MEMORY_H
| #  include <memory.h>
| # endif
| # include <string.h>
| #endif
| #ifdef HAVE_STRINGS_H
| # include <strings.h>
| #endif
| #ifdef HAVE_INTTYPES_H
| # include <inttypes.h>
| #endif
| #ifdef HAVE_STDINT_H
| # include <stdint.h>
| #endif
| #ifdef HAVE_UNISTD_H
| # include <unistd.h>
| #endif
| int
| main (void)
| {
| if (sizeof ((off_t)))
| 	    return 0;
|   ;
|   return 0;
| }
configure:19260: result: yes
configure:19271: checking for pid_t
configure:19271: gcc -c -g -O2 -mms-bitfields -mwindows  -IC:/msys64/mingw64/include/glib-2.0 -IC:/msys64/mingw64/lib/glib-2.0/include  conftest.c >&5
configure:19271: $? = 0
configure:19271: gcc -c -g -O2 -mms-bitfields -mwindows  -IC:/msys64/mingw64/include/glib-2.0 -IC:/msys64/mingw64/lib/glib-2.0/include  conftest.c >&5
conftest.c: In function 'main':
conftest.c:79:20: error: expected expression before ')' token
   79 | if (sizeof ((pid_t)))
      |                    ^
configure:19271: $? = 1
configure: failed program was:
| /* confdefs.h */
| #define PACKAGE_NAME ""
| #define PACKAGE_TARNAME ""
| #define PACKAGE_VERSION ""
| #define PACKAGE_STRING ""
| #define PACKAGE_BUGREPORT ""
| #define PACKAGE_URL ""
| #define DEVEL_VERSION 1
| #define STDC_HEADERS 1
| #define HAVE_SYS_TYPES_H 1
| #define HAVE_SYS_STAT_H 1
| #define HAVE_STDLIB_H 1
| #define HAVE_STRING_H 1
| #define HAVE_MEMORY_H 1
| #define HAVE_STRINGS_H 1
| #define HAVE_INTTYPES_H 1
| #define HAVE_STDINT_H 1
| #define HAVE_UNISTD_H 1
| #define LT_OBJDIR ".libs/"
| #define HAVE_ICONV 1
| #define ICONV_CONST 
| #define GETTEXT_PACKAGE "sylpheed"
| #define HAVE_LOCALE_H 1
| #define HAVE_BIND_TEXTDOMAIN_CODESET 1
| #define HAVE_GETTEXT 1
| #define HAVE_DCGETTEXT 1
| #define ENABLE_NLS 1
| #define USE_GPGME 1
| #define HAVE_GPGME_IO_WRITEN 1
| #define USE_SSL 1
| #define USE_THREADS 1
| #define INET6 1
| #define USE_UPDATE_CHECK 1
| #define USE_UPDATE_CHECK_PLUGIN 1
| #define HAVE_DIRENT_H 1
| #define STDC_HEADERS 1
| #define HAVE_FCNTL_H 1
| #define HAVE_SYS_FILE_H 1
| #define HAVE_UNISTD_H 1
| #define HAVE_SYS_PARAM_H 1
| #define HAVE_REGEX_H 1
| /* end confdefs.h.  */
| #include <stdio.h>
| #ifdef HAVE_SYS_TYPES_H
| # include <sys/types.h>
| #endif
| #ifdef HAVE_SYS_STAT_H
| # include <sys/stat.h>
| #endif
| #ifdef STDC_HEADERS
| # include <stdlib.h>
| # include <stddef.h>
| #else
| # ifdef HAVE_STDLIB_H
| #  include <stdlib.h>
| # endif
| #endif
| #ifdef HAVE_STRING_H
| # if !defined STDC_HEADERS && defined HAVE_MEMORY_H
| #  include <memory.h>
| # endif
| # include <string.h>
| #endif
| #ifdef HAVE_STRINGS_H
| # include <strings.h>
| #endif
| #ifdef HAVE_INTTYPES_H
| # include <inttypes.h>
| #endif
| #ifdef HAVE_STDINT_H
| # include <stdint.h>
| #endif
| #ifdef HAVE_UNISTD_H
| # include <unistd.h>
| #endif
| int
| main (void)
| {
| if (sizeof ((pid_t)))
| 	    return 0;
|   ;
|   return 0;
| }
configure:19271: result: yes
configure:19282: checking for size_t
configure:19282: gcc -c -g -O2 -mms-bitfields -mwindows  -IC:/msys64/mingw64/include/glib-2.0 -IC:/msys64/mingw64/lib/glib-2.0/include  conftest.c >&5
configure:19282: $? = 0
configure:19282: gcc -c -g -O2 -mms-bitfields -mwindows  -IC:/msys64/mingw64/include/glib-2.0 -IC:/msys64/mingw64/lib/glib-2.0/include  conftest.c >&5
conftest.c: In function 'main':
conftest.c:79:21: error: expected expression before ')' token
   79 | if (sizeof ((size_t)))
      |                     ^
configure:19282: $? = 1
configure: failed program was:
| /* confdefs.h */
| #define PACKAGE_NAME ""
| #define PACKAGE_TARNAME ""
| #define PACKAGE_VERSION ""
| #define PACKAGE_STRING ""
| #define PACKAGE_BUGREPORT ""
| #define PACKAGE_URL ""
| #define DEVEL_VERSION 1
| #define STDC_HEADERS 1
| #define HAVE_SYS_TYPES_H 1
| #define HAVE_SYS_STAT_H 1
| #define HAVE_STDLIB_H 1
| #define HAVE_STRING_H 1
| #define HAVE_MEMORY_H 1
| #define HAVE_STRINGS_H 1
| #define HAVE_INTTYPES_H 1
| #define HAVE_STDINT_H 1
| #define HAVE_UNISTD_H 1
| #define LT_OBJDIR ".libs/"
| #define HAVE_ICONV 1
| #define ICONV_CONST 
| #define GETTEXT_PACKAGE "sylpheed"
| #define HAVE_LOCALE_H 1
| #define HAVE_BIND_TEXTDOMAIN_CODESET 1
| #define HAVE_GETTEXT 1
| #define HAVE_DCGETTEXT 1
| #define ENABLE_NLS 1
| #define USE_GPGME 1
| #define HAVE_GPGME_IO_WRITEN 1
| #define USE_SSL 1
| #define USE_THREADS 1
| #define INET6 1
| #define USE_UPDATE_CHECK 1
| #define USE_UPDATE_CHECK_PLUGIN 1
| #define HAVE_DIRENT_H 1
| #define STDC_HEADERS 1
| #define HAVE_FCNTL_H 1
| #define HAVE_SYS_FILE_H 1
| #define HAVE_UNISTD_H 1
| #define HAVE_SYS_PARAM_H 1
| #define HAVE_REGEX_H 1
| /* end confdefs.h.  */
| #include <stdio.h>
| #ifdef HAVE_SYS_TYPES_H
| # include <sys/types.h>
| #endif
| #ifdef HAVE_SYS_STAT_H
| # include <sys/stat.h>
| #endif
| #ifdef STDC_HEADERS
| # include <stdlib.h>
| # include <stddef.h>
| #else
| # ifdef HAVE_STDLIB_H
| #  include <stdlib.h>
| # endif
| #endif
| #ifdef HAVE_STRING_H
| # if !defined STDC_HEADERS && defined HAVE_MEMORY_H
| #  include <memory.h>
| # endif
| # include <string.h>
| #endif
| #ifdef HAVE_STRINGS_H
| # include <strings.h>
| #endif
| #ifdef HAVE_INTTYPES_H
| # include <inttypes.h>
| #endif
| #ifdef HAVE_STDINT_H
| # include <stdint.h>
| #endif
| #ifdef HAVE_UNISTD_H
| # include <unistd.h>
| #endif
| int
| main (void)
| {
| if (sizeof ((size_t)))
| 	    return 0;
|   ;
|   return 0;
| }
configure:19282: result: yes
configure:19293: checking whether struct tm is in sys/time.h or time.h
configure:19313: gcc -c -g -O2 -mms-bitfields -mwindows  -IC:/msys64/mingw64/include/glib-2.0 -IC:/msys64/mingw64/lib/glib-2.0/include  conftest.c >&5
configure:19313: $? = 0
configure:19320: result: time.h
configure:19336: checking for special C compiler options needed for large files
configure:19381: result: no
configure:19387: checking for _FILE_OFFSET_BITS value needed for large files
configure:19412: gcc -c -g -O2 -mms-bitfields -mwindows  -IC:/msys64/mingw64/include/glib-2.0 -IC:/msys64/mingw64/lib/glib-2.0/include  conftest.c >&5
conftest.c:48:33: warning: left shift count >= width of type [-Wshift-count-overflow]
   48 | #define LARGE_OFF_T (((off_t) 1 << 62) - 1 + ((off_t) 1 << 62))
      |                                 ^~
conftest.c:49:23: note: in expansion of macro 'LARGE_OFF_T'
   49 |   int off_t_is_large[(LARGE_OFF_T % 2147483629 == 721
      |                       ^~~~~~~~~~~
conftest.c:48:57: warning: left shift count >= width of type [-Wshift-count-overflow]
   48 | #define LARGE_OFF_T (((off_t) 1 << 62) - 1 + ((off_t) 1 << 62))
      |                                                         ^~
conftest.c:49:23: note: in expansion of macro 'LARGE_OFF_T'
   49 |   int off_t_is_large[(LARGE_OFF_T % 2147483629 == 721
      |                       ^~~~~~~~~~~
conftest.c:48:33: warning: left shift count >= width of type [-Wshift-count-overflow]
   48 | #define LARGE_OFF_T (((off_t) 1 << 62) - 1 + ((off_t) 1 << 62))
      |                                 ^~
conftest.c:50:27: note: in expansion of macro 'LARGE_OFF_T'
   50 |                        && LARGE_OFF_T % 2147483647 == 1)
      |                           ^~~~~~~~~~~
conftest.c:48:57: warning: left shift count >= width of type [-Wshift-count-overflow]
   48 | #define LARGE_OFF_T (((off_t) 1 << 62) - 1 + ((off_t) 1 << 62))
      |                                                         ^~
conftest.c:50:27: note: in expansion of macro 'LARGE_OFF_T'
   50 |                        && LARGE_OFF_T % 2147483647 == 1)
      |                           ^~~~~~~~~~~
conftest.c:49:7: error: variably modified 'off_t_is_large' at file scope
   49 |   int off_t_is_large[(LARGE_OFF_T % 2147483629 == 721
      |       ^~~~~~~~~~~~~~
configure:19412: $? = 1
configure: failed program was:
| /* confdefs.h */
| #define PACKAGE_NAME ""
| #define PACKAGE_TARNAME ""
| #define PACKAGE_VERSION ""
| #define PACKAGE_STRING ""
| #define PACKAGE_BUGREPORT ""
| #define PACKAGE_URL ""
| #define DEVEL_VERSION 1
| #define STDC_HEADERS 1
| #define HAVE_SYS_TYPES_H 1
| #define HAVE_SYS_STAT_H 1
| #define HAVE_STDLIB_H 1
| #define HAVE_STRING_H 1
| #define HAVE_MEMORY_H 1
| #define HAVE_STRINGS_H 1
| #define HAVE_INTTYPES_H 1
| #define HAVE_STDINT_H 1
| #define HAVE_UNISTD_H 1
| #define LT_OBJDIR ".libs/"
| #define HAVE_ICONV 1
| #define ICONV_CONST 
| #define GETTEXT_PACKAGE "sylpheed"
| #define HAVE_LOCALE_H 1
| #define HAVE_BIND_TEXTDOMAIN_CODESET 1
| #define HAVE_GETTEXT 1
| #define HAVE_DCGETTEXT 1
| #define ENABLE_NLS 1
| #define USE_GPGME 1
| #define HAVE_GPGME_IO_WRITEN 1
| #define USE_SSL 1
| #define USE_THREADS 1
| #define INET6 1
| #define USE_UPDATE_CHECK 1
| #define USE_UPDATE_CHECK_PLUGIN 1
| #define HAVE_DIRENT_H 1
| #define STDC_HEADERS 1
| #define HAVE_FCNTL_H 1
| #define HAVE_SYS_FILE_H 1
| #define HAVE_UNISTD_H 1
| #define HAVE_SYS_PARAM_H 1
| #define HAVE_REGEX_H 1
| /* end confdefs.h.  */
| #include <sys/types.h>
|  /* Check that off_t can represent 2**63 - 1 correctly.
|     We can't simply define LARGE_OFF_T to be 9223372036854775807,
|     since some C++ compilers masquerading as C compilers
|     incorrectly reject 9223372036854775807.  */
| #define LARGE_OFF_T (((off_t) 1 << 62) - 1 + ((off_t) 1 << 62))
|   int off_t_is_large[(LARGE_OFF_T % 2147483629 == 721
| 		       && LARGE_OFF_T % 2147483647 == 1)
| 		      ? 1 : -1];
| int
| main (void)
| {
| 
|   ;
|   return 0;
| }
configure:19436: gcc -c -g -O2 -mms-bitfields -mwindows  -IC:/msys64/mingw64/include/glib-2.0 -IC:/msys64/mingw64/lib/glib-2.0/include  conftest.c >&5
configure:19436: $? = 0
configure:19444: result: 64
configure:19529: checking for _LARGEFILE_SOURCE value needed for large files
configure:19548: gcc -o conftest.exe -g -O2 -mms-bitfields -mwindows  -IC:/msys64/mingw64/include/glib-2.0 -IC:/msys64/mingw64/lib/glib-2.0/include   conftest.c -liconv -lssl -lcrypto -lssl -lcrypto -lgthread-2.0 -lglib-2.0 -lintl >&5
configure:19548: $? = 0
configure:19576: result: no
configure:19598: checking for u32 typedef
configure:19618: gcc -c -g -O2 -mms-bitfields -mwindows  -IC:/msys64/mingw64/include/glib-2.0 -IC:/msys64/mingw64/lib/glib-2.0/include  conftest.c >&5
conftest.c: In function 'main':
conftest.c:52:20: error: 'u32' undeclared (first use in this function)
   52 |     int a = sizeof(u32);
      |                    ^~~
conftest.c:52:20: note: each undeclared identifier is reported only once for each function it appears in
configure:19618: $? = 1
configure: failed program was:
| /* confdefs.h */
| #define PACKAGE_NAME ""
| #define PACKAGE_TARNAME ""
| #define PACKAGE_VERSION ""
| #define PACKAGE_STRING ""
| #define PACKAGE_BUGREPORT ""
| #define PACKAGE_URL ""
| #define DEVEL_VERSION 1
| #define STDC_HEADERS 1
| #define HAVE_SYS_TYPES_H 1
| #define HAVE_SYS_STAT_H 1
| #define HAVE_STDLIB_H 1
| #define HAVE_STRING_H 1
| #define HAVE_MEMORY_H 1
| #define HAVE_STRINGS_H 1
| #define HAVE_INTTYPES_H 1
| #define HAVE_STDINT_H 1
| #define HAVE_UNISTD_H 1
| #define LT_OBJDIR ".libs/"
| #define HAVE_ICONV 1
| #define ICONV_CONST 
| #define GETTEXT_PACKAGE "sylpheed"
| #define HAVE_LOCALE_H 1
| #define HAVE_BIND_TEXTDOMAIN_CODESET 1
| #define HAVE_GETTEXT 1
| #define HAVE_DCGETTEXT 1
| #define ENABLE_NLS 1
| #define USE_GPGME 1
| #define HAVE_GPGME_IO_WRITEN 1
| #define USE_SSL 1
| #define USE_THREADS 1
| #define INET6 1
| #define USE_UPDATE_CHECK 1
| #define USE_UPDATE_CHECK_PLUGIN 1
| #define HAVE_DIRENT_H 1
| #define STDC_HEADERS 1
| #define HAVE_FCNTL_H 1
| #define HAVE_SYS_FILE_H 1
| #define HAVE_UNISTD_H 1
| #define HAVE_SYS_PARAM_H 1
| #define HAVE_REGEX_H 1
| #define _FILE_OFFSET_BITS 64
| #define HAVE_FSEEKO 1
| /* end confdefs.h.  */
| #include <stdlib.h>
|     #include <sys/types.h>
| int
| main (void)
| {
| 
|     #undef u32
|     int a = sizeof(u32);
| 
|   ;
|   return 0;
| }
configure:19626: result: no
configure:19638: checking size of unsigned short
configure:19643: gcc -o conftest.exe -g -O2 -mms-bitfields -mwindows  -IC:/msys64/mingw64/include/glib-2.0 -IC:/msys64/mingw64/lib/glib-2.0/include   conftest.c -liconv -lssl -lcrypto -lssl -lcrypto -lgthread-2.0 -lglib-2.0 -lintl >&5
configure:19643: $? = 0
configure:19643: ./conftest.exe
configure:19643: $? = 0
configure:19657: result: 2
configure:19671: checking size of unsigned int
configure:19676: gcc -o conftest.exe -g -O2 -mms-bitfields -mwindows  -IC:/msys64/mingw64/include/glib-2.0 -IC:/msys64/mingw64/lib/glib-2.0/include   conftest.c -liconv -lssl -lcrypto -lssl -lcrypto -lgthread-2.0 -lglib-2.0 -lintl >&5
configure:19676: $? = 0
configure:19676: ./conftest.exe
configure:19676: $? = 0
configure:19690: result: 4
configure:19704: checking size of unsigned long
configure:19709: gcc -o conftest.exe -g -O2 -mms-bitfields -mwindows  -IC:/msys64/mingw64/include/glib-2.0 -IC:/msys64/mingw64/lib/glib-2.0/include   conftest.c -liconv -lssl -lcrypto -lssl -lcrypto -lgthread-2.0 -lglib-2.0 -lintl >&5
configure:19709: $? = 0
configure:19709: ./conftest.exe
configure:19709: $? = 0
configure:19723: result: 4
configure:19737: checking size of time_t
configure:19742: gcc -o conftest.exe -g -O2 -mms-bitfields -mwindows  -IC:/msys64/mingw64/include/glib-2.0 -IC:/msys64/mingw64/lib/glib-2.0/include   conftest.c -liconv -lssl -lcrypto -lssl -lcrypto -lgthread-2.0 -lglib-2.0 -lintl >&5
configure:19742: $? = 0
configure:19742: ./conftest.exe
configure:19742: $? = 0
configure:19756: result: 8
configure:19770: checking size of off_t
configure:19775: gcc -o conftest.exe -g -O2 -mms-bitfields -mwindows  -IC:/msys64/mingw64/include/glib-2.0 -IC:/msys64/mingw64/lib/glib-2.0/include   conftest.c -liconv -lssl -lcrypto -lssl -lcrypto -lgthread-2.0 -lglib-2.0 -lintl >&5
configure:19775: $? = 0
configure:19775: ./conftest.exe
configure:19775: $? = 0
configure:19789: result: 8
configure:19808: checking for working alloca.h
configure:19825: gcc -o conftest.exe -g -O2 -mms-bitfields -mwindows  -IC:/msys64/mingw64/include/glib-2.0 -IC:/msys64/mingw64/lib/glib-2.0/include   conftest.c -liconv -lssl -lcrypto -lssl -lcrypto -lgthread-2.0 -lglib-2.0 -lintl >&5
conftest.c:51:10: fatal error: alloca.h: No such file or directory
   51 | #include <alloca.h>
      |          ^~~~~~~~~~
compilation terminated.
configure:19825: $? = 1
configure: failed program was:
| /* confdefs.h */
| #define PACKAGE_NAME ""
| #define PACKAGE_TARNAME ""
| #define PACKAGE_VERSION ""
| #define PACKAGE_STRING ""
| #define PACKAGE_BUGREPORT ""
| #define PACKAGE_URL ""
| #define DEVEL_VERSION 1
| #define STDC_HEADERS 1
| #define HAVE_SYS_TYPES_H 1
| #define HAVE_SYS_STAT_H 1
| #define HAVE_STDLIB_H 1
| #define HAVE_STRING_H 1
| #define HAVE_MEMORY_H 1
| #define HAVE_STRINGS_H 1
| #define HAVE_INTTYPES_H 1
| #define HAVE_STDINT_H 1
| #define HAVE_UNISTD_H 1
| #define LT_OBJDIR ".libs/"
| #define HAVE_ICONV 1
| #define ICONV_CONST 
| #define GETTEXT_PACKAGE "sylpheed"
| #define HAVE_LOCALE_H 1
| #define HAVE_BIND_TEXTDOMAIN_CODESET 1
| #define HAVE_GETTEXT 1
| #define HAVE_DCGETTEXT 1
| #define ENABLE_NLS 1
| #define USE_GPGME 1
| #define HAVE_GPGME_IO_WRITEN 1
| #define USE_SSL 1
| #define USE_THREADS 1
| #define INET6 1
| #define USE_UPDATE_CHECK 1
| #define USE_UPDATE_CHECK_PLUGIN 1
| #define HAVE_DIRENT_H 1
| #define STDC_HEADERS 1
| #define HAVE_FCNTL_H 1
| #define HAVE_SYS_FILE_H 1
| #define HAVE_UNISTD_H 1
| #define HAVE_SYS_PARAM_H 1
| #define HAVE_REGEX_H 1
| #define _FILE_OFFSET_BITS 64
| #define HAVE_FSEEKO 1
| #define SIZEOF_UNSIGNED_SHORT 2
| #define SIZEOF_UNSIGNED_INT 4
| #define SIZEOF_UNSIGNED_LONG 4
| #define SIZEOF_TIME_T 8
| #define SIZEOF_OFF_T 8
| #define HAVE_64BIT_TIME_T 1
| /* end confdefs.h.  */
| #include <alloca.h>
| int
| main (void)
| {
| char *p = (char *) alloca (2 * sizeof (int));
| 			  if (p) return 0;
|   ;
|   return 0;
| }
configure:19833: result: no
configure:19841: checking for alloca
configure:19878: gcc -o conftest.exe -g -O2 -mms-bitfields -mwindows  -IC:/msys64/mingw64/include/glib-2.0 -IC:/msys64/mingw64/lib/glib-2.0/include   conftest.c -liconv -lssl -lcrypto -lssl -lcrypto -lgthread-2.0 -lglib-2.0 -lintl >&5
configure:19878: $? = 0
configure:19886: result: yes
configure:19997: checking for gethostname
configure:19997: gcc -o conftest.exe -g -O2 -mms-bitfields -mwindows  -IC:/msys64/mingw64/include/glib-2.0 -IC:/msys64/mingw64/lib/glib-2.0/include   conftest.c -liconv -lssl -lcrypto -lssl -lcrypto -lgthread-2.0 -lglib-2.0 -lintl >&5
C:/msys64/mingw64/bin/../lib/gcc/x86_64-w64-mingw32/16.1.0/../../../../x86_64-w64-mingw32/bin/ld.exe: C:\msys64\tmp\ccEqeMxi.o: in function `main':
D:/git/sylpheed/conftest.c:86:(.text.startup+0xa): undefined reference to `gethostname'
collect2.exe: error: ld returned 1 exit status
configure:19997: $? = 1
configure: failed program was:
| /* confdefs.h */
| #define PACKAGE_NAME ""
| #define PACKAGE_TARNAME ""
| #define PACKAGE_VERSION ""
| #define PACKAGE_STRING ""
| #define PACKAGE_BUGREPORT ""
| #define PACKAGE_URL ""
| #define DEVEL_VERSION 1
| #define STDC_HEADERS 1
| #define HAVE_SYS_TYPES_H 1
| #define HAVE_SYS_STAT_H 1
| #define HAVE_STDLIB_H 1
| #define HAVE_STRING_H 1
| #define HAVE_MEMORY_H 1
| #define HAVE_STRINGS_H 1
| #define HAVE_INTTYPES_H 1
| #define HAVE_STDINT_H 1
| #define HAVE_UNISTD_H 1
| #define LT_OBJDIR ".libs/"
| #define HAVE_ICONV 1
| #define ICONV_CONST 
| #define GETTEXT_PACKAGE "sylpheed"
| #define HAVE_LOCALE_H 1
| #define HAVE_BIND_TEXTDOMAIN_CODESET 1
| #define HAVE_GETTEXT 1
| #define HAVE_DCGETTEXT 1
| #define ENABLE_NLS 1
| #define USE_GPGME 1
| #define HAVE_GPGME_IO_WRITEN 1
| #define USE_SSL 1
| #define USE_THREADS 1
| #define INET6 1
| #define USE_UPDATE_CHECK 1
| #define USE_UPDATE_CHECK_PLUGIN 1
| #define HAVE_DIRENT_H 1
| #define STDC_HEADERS 1
| #define HAVE_FCNTL_H 1
| #define HAVE_SYS_FILE_H 1
| #define HAVE_UNISTD_H 1
| #define HAVE_SYS_PARAM_H 1
| #define HAVE_REGEX_H 1
| #define _FILE_OFFSET_BITS 64
| #define HAVE_FSEEKO 1
| #define SIZEOF_UNSIGNED_SHORT 2
| #define SIZEOF_UNSIGNED_INT 4
| #define SIZEOF_UNSIGNED_LONG 4
| #define SIZEOF_TIME_T 8
| #define SIZEOF_OFF_T 8
| #define HAVE_64BIT_TIME_T 1
| #define HAVE_ALLOCA 1
| /* end confdefs.h.  */
| /* Define gethostname to an innocuous variant, in case <limits.h> declares gethostname.
|    For example, HP-UX 11i <limits.h> declares gettimeofday.  */
| #define gethostname innocuous_gethostname
| 
| /* System header to define __stub macros and hopefully few prototypes,
|     which can conflict with char gethostname (void); below.
|     Prefer <limits.h> to <assert.h> if __STDC__ is defined, since
|     <limits.h> exists even on freestanding compilers.  */
| 
| #ifdef __STDC__
| # include <limits.h>
| #else
| # include <assert.h>
| #endif
| 
| #undef gethostname
| 
| /* Override any GCC internal prototype to avoid an error.
|    Use char because int might match the return type of a GCC
|    builtin and then its argument prototype would still apply.  */
| #ifdef __cplusplus
| extern "C"
| #endif
| char gethostname (void);
| /* The GNU C library defines this for functions which it implements
|     to always fail with ENOSYS.  Some functions are actually named
|     something starting with __ and the normal name is an alias.  */
| #if defined __stub_gethostname || defined __stub___gethostname
| choke me
| #endif
| 
| int
| main (void)
| {
| return gethostname ();
|   ;
|   return 0;
| }
configure:19997: result: no
configure:19997: checking for mkdir
configure:19997: gcc -o conftest.exe -g -O2 -mms-bitfields -mwindows  -IC:/msys64/mingw64/include/glib-2.0 -IC:/msys64/mingw64/lib/glib-2.0/include   conftest.c -liconv -lssl -lcrypto -lssl -lcrypto -lgthread-2.0 -lglib-2.0 -lintl >&5
configure:19997: $? = 0
configure:19997: result: yes
configure:19997: checking for mktime
configure:19997: gcc -o conftest.exe -g -O2 -mms-bitfields -mwindows  -IC:/msys64/mingw64/include/glib-2.0 -IC:/msys64/mingw64/lib/glib-2.0/include   conftest.c -liconv -lssl -lcrypto -lssl -lcrypto -lgthread-2.0 -lglib-2.0 -lintl >&5
configure:19997: $? = 0
configure:19997: result: yes
configure:19997: checking for socket
configure:19997: gcc -o conftest.exe -g -O2 -mms-bitfields -mwindows  -IC:/msys64/mingw64/include/glib-2.0 -IC:/msys64/mingw64/lib/glib-2.0/include   conftest.c -liconv -lssl -lcrypto -lssl -lcrypto -lgthread-2.0 -lglib-2.0 -lintl >&5
C:/msys64/mingw64/bin/../lib/gcc/x86_64-w64-mingw32/16.1.0/../../../../x86_64-w64-mingw32/bin/ld.exe: C:\msys64\tmp\ccI7H14B.o: in function `main':
D:/git/sylpheed/conftest.c:88:(.text.startup+0xa): undefined reference to `socket'
collect2.exe: error: ld returned 1 exit status
configure:19997: $? = 1
configure: failed program was:
| /* confdefs.h */
| #define PACKAGE_NAME ""
| #define PACKAGE_TARNAME ""
| #define PACKAGE_VERSION ""
| #define PACKAGE_STRING ""
| #define PACKAGE_BUGREPORT ""
| #define PACKAGE_URL ""
| #define DEVEL_VERSION 1
| #define STDC_HEADERS 1
| #define HAVE_SYS_TYPES_H 1
| #define HAVE_SYS_STAT_H 1
| #define HAVE_STDLIB_H 1
| #define HAVE_STRING_H 1
| #define HAVE_MEMORY_H 1
| #define HAVE_STRINGS_H 1
| #define HAVE_INTTYPES_H 1
| #define HAVE_STDINT_H 1
| #define HAVE_UNISTD_H 1
| #define LT_OBJDIR ".libs/"
| #define HAVE_ICONV 1
| #define ICONV_CONST 
| #define GETTEXT_PACKAGE "sylpheed"
| #define HAVE_LOCALE_H 1
| #define HAVE_BIND_TEXTDOMAIN_CODESET 1
| #define HAVE_GETTEXT 1
| #define HAVE_DCGETTEXT 1
| #define ENABLE_NLS 1
| #define USE_GPGME 1
| #define HAVE_GPGME_IO_WRITEN 1
| #define USE_SSL 1
| #define USE_THREADS 1
| #define INET6 1
| #define USE_UPDATE_CHECK 1
| #define USE_UPDATE_CHECK_PLUGIN 1
| #define HAVE_DIRENT_H 1
| #define STDC_HEADERS 1
| #define HAVE_FCNTL_H 1
| #define HAVE_SYS_FILE_H 1
| #define HAVE_UNISTD_H 1
| #define HAVE_SYS_PARAM_H 1
| #define HAVE_REGEX_H 1
| #define _FILE_OFFSET_BITS 64
| #define HAVE_FSEEKO 1
| #define SIZEOF_UNSIGNED_SHORT 2
| #define SIZEOF_UNSIGNED_INT 4
| #define SIZEOF_UNSIGNED_LONG 4
| #define SIZEOF_TIME_T 8
| #define SIZEOF_OFF_T 8
| #define HAVE_64BIT_TIME_T 1
| #define HAVE_ALLOCA 1
| #define HAVE_MKDIR 1
| #define HAVE_MKTIME 1
| /* end confdefs.h.  */
| /* Define socket to an innocuous variant, in case <limits.h> declares socket.
|    For example, HP-UX 11i <limits.h> declares gettimeofday.  */
| #define socket innocuous_socket
| 
| /* System header to define __stub macros and hopefully few prototypes,
|     which can conflict with char socket (void); below.
|     Prefer <limits.h> to <assert.h> if __STDC__ is defined, since
|     <limits.h> exists even on freestanding compilers.  */
| 
| #ifdef __STDC__
| # include <limits.h>
| #else
| # include <assert.h>
| #endif
| 
| #undef socket
| 
| /* Override any GCC internal prototype to avoid an error.
|    Use char because int might match the return type of a GCC
|    builtin and then its argument prototype would still apply.  */
| #ifdef __cplusplus
| extern "C"
| #endif
| char socket (void);
| /* The GNU C library defines this for functions which it implements
|     to always fail with ENOSYS.  Some functions are actually named
|     something starting with __ and the normal name is an alias.  */
| #if defined __stub_socket || defined __stub___socket
| choke me
| #endif
| 
| int
| main (void)
| {
| return socket ();
|   ;
|   return 0;
| }
configure:19997: result: no
configure:19997: checking for strstr
configure:19997: gcc -o conftest.exe -g -O2 -mms-bitfields -mwindows  -IC:/msys64/mingw64/include/glib-2.0 -IC:/msys64/mingw64/lib/glib-2.0/include   conftest.c -liconv -lssl -lcrypto -lssl -lcrypto -lgthread-2.0 -lglib-2.0 -lintl >&5
conftest.c:77:6: warning: conflicting types for built-in function 'strstr'; expected 'char *(const char *, const char *)' [-Wbuiltin-declaration-mismatch]
   77 | char strstr (void);
      |      ^~~~~~
conftest.c:65:1: note: 'strstr' is declared in header '<string.h>'
   64 | # include <limits.h>
   65 | #else
configure:19997: $? = 0
configure:19997: result: yes
configure:19997: checking for strchr
configure:19997: gcc -o conftest.exe -g -O2 -mms-bitfields -mwindows  -IC:/msys64/mingw64/include/glib-2.0 -IC:/msys64/mingw64/lib/glib-2.0/include   conftest.c -liconv -lssl -lcrypto -lssl -lcrypto -lgthread-2.0 -lglib-2.0 -lintl >&5
conftest.c:78:6: warning: conflicting types for built-in function 'strchr'; expected 'char *(const char *, int)' [-Wbuiltin-declaration-mismatch]
   78 | char strchr (void);
      |      ^~~~~~
conftest.c:66:1: note: 'strchr' is declared in header '<string.h>'
   65 | # include <limits.h>
   66 | #else
configure:19997: $? = 0
configure:19997: result: yes
configure:19997: checking for uname
configure:19997: gcc -o conftest.exe -g -O2 -mms-bitfields -mwindows  -IC:/msys64/mingw64/include/glib-2.0 -IC:/msys64/mingw64/lib/glib-2.0/include   conftest.c -liconv -lssl -lcrypto -lssl -lcrypto -lgthread-2.0 -lglib-2.0 -lintl >&5
C:/msys64/mingw64/bin/../lib/gcc/x86_64-w64-mingw32/16.1.0/../../../../x86_64-w64-mingw32/bin/ld.exe: C:\msys64\tmp\ccsw17ws.o: in function `main':
D:/git/sylpheed/conftest.c:90:(.text.startup+0xa): undefined reference to `uname'
collect2.exe: error: ld returned 1 exit status
configure:19997: $? = 1
configure: failed program was:
| /* confdefs.h */
| #define PACKAGE_NAME ""
| #define PACKAGE_TARNAME ""
| #define PACKAGE_VERSION ""
| #define PACKAGE_STRING ""
| #define PACKAGE_BUGREPORT ""
| #define PACKAGE_URL ""
| #define DEVEL_VERSION 1
| #define STDC_HEADERS 1
| #define HAVE_SYS_TYPES_H 1
| #define HAVE_SYS_STAT_H 1
| #define HAVE_STDLIB_H 1
| #define HAVE_STRING_H 1
| #define HAVE_MEMORY_H 1
| #define HAVE_STRINGS_H 1
| #define HAVE_INTTYPES_H 1
| #define HAVE_STDINT_H 1
| #define HAVE_UNISTD_H 1
| #define LT_OBJDIR ".libs/"
| #define HAVE_ICONV 1
| #define ICONV_CONST 
| #define GETTEXT_PACKAGE "sylpheed"
| #define HAVE_LOCALE_H 1
| #define HAVE_BIND_TEXTDOMAIN_CODESET 1
| #define HAVE_GETTEXT 1
| #define HAVE_DCGETTEXT 1
| #define ENABLE_NLS 1
| #define USE_GPGME 1
| #define HAVE_GPGME_IO_WRITEN 1
| #define USE_SSL 1
| #define USE_THREADS 1
| #define INET6 1
| #define USE_UPDATE_CHECK 1
| #define USE_UPDATE_CHECK_PLUGIN 1
| #define HAVE_DIRENT_H 1
| #define STDC_HEADERS 1
| #define HAVE_FCNTL_H 1
| #define HAVE_SYS_FILE_H 1
| #define HAVE_UNISTD_H 1
| #define HAVE_SYS_PARAM_H 1
| #define HAVE_REGEX_H 1
| #define _FILE_OFFSET_BITS 64
| #define HAVE_FSEEKO 1
| #define SIZEOF_UNSIGNED_SHORT 2
| #define SIZEOF_UNSIGNED_INT 4
| #define SIZEOF_UNSIGNED_LONG 4
| #define SIZEOF_TIME_T 8
| #define SIZEOF_OFF_T 8
| #define HAVE_64BIT_TIME_T 1
| #define HAVE_ALLOCA 1
| #define HAVE_MKDIR 1
| #define HAVE_MKTIME 1
| #define HAVE_STRSTR 1
| #define HAVE_STRCHR 1
| /* end confdefs.h.  */
| /* Define uname to an innocuous variant, in case <limits.h> declares uname.
|    For example, HP-UX 11i <limits.h> declares gettimeofday.  */
| #define uname innocuous_uname
| 
| /* System header to define __stub macros and hopefully few prototypes,
|     which can conflict with char uname (void); below.
|     Prefer <limits.h> to <assert.h> if __STDC__ is defined, since
|     <limits.h> exists even on freestanding compilers.  */
| 
| #ifdef __STDC__
| # include <limits.h>
| #else
| # include <assert.h>
| #endif
| 
| #undef uname
| 
| /* Override any GCC internal prototype to avoid an error.
|    Use char because int might match the return type of a GCC
|    builtin and then its argument prototype would still apply.  */
| #ifdef __cplusplus
| extern "C"
| #endif
| char uname (void);
| /* The GNU C library defines this for functions which it implements
|     to always fail with ENOSYS.  Some functions are actually named
|     something starting with __ and the normal name is an alias.  */
| #if defined __stub_uname || defined __stub___uname
| choke me
| #endif
| 
| int
| main (void)
| {
| return uname ();
|   ;
|   return 0;
| }
configure:19997: result: no
configure:19997: checking for flock
configure:19997: gcc -o conftest.exe -g -O2 -mms-bitfields -mwindows  -IC:/msys64/mingw64/include/glib-2.0 -IC:/msys64/mingw64/lib/glib-2.0/include   conftest.c -liconv -lssl -lcrypto -lssl -lcrypto -lgthread-2.0 -lglib-2.0 -lintl >&5
C:/msys64/mingw64/bin/../lib/gcc/x86_64-w64-mingw32/16.1.0/../../../../x86_64-w64-mingw32/bin/ld.exe: C:\msys64\tmp\ccgrqGxf.o: in function `main':
D:/git/sylpheed/conftest.c:90:(.text.startup+0xa): undefined reference to `flock'
collect2.exe: error: ld returned 1 exit status
configure:19997: $? = 1
configure: failed program was:
| /* confdefs.h */
| #define PACKAGE_NAME ""
| #define PACKAGE_TARNAME ""
| #define PACKAGE_VERSION ""
| #define PACKAGE_STRING ""
| #define PACKAGE_BUGREPORT ""
| #define PACKAGE_URL ""
| #define DEVEL_VERSION 1
| #define STDC_HEADERS 1
| #define HAVE_SYS_TYPES_H 1
| #define HAVE_SYS_STAT_H 1
| #define HAVE_STDLIB_H 1
| #define HAVE_STRING_H 1
| #define HAVE_MEMORY_H 1
| #define HAVE_STRINGS_H 1
| #define HAVE_INTTYPES_H 1
| #define HAVE_STDINT_H 1
| #define HAVE_UNISTD_H 1
| #define LT_OBJDIR ".libs/"
| #define HAVE_ICONV 1
| #define ICONV_CONST 
| #define GETTEXT_PACKAGE "sylpheed"
| #define HAVE_LOCALE_H 1
| #define HAVE_BIND_TEXTDOMAIN_CODESET 1
| #define HAVE_GETTEXT 1
| #define HAVE_DCGETTEXT 1
| #define ENABLE_NLS 1
| #define USE_GPGME 1
| #define HAVE_GPGME_IO_WRITEN 1
| #define USE_SSL 1
| #define USE_THREADS 1
| #define INET6 1
| #define USE_UPDATE_CHECK 1
| #define USE_UPDATE_CHECK_PLUGIN 1
| #define HAVE_DIRENT_H 1
| #define STDC_HEADERS 1
| #define HAVE_FCNTL_H 1
| #define HAVE_SYS_FILE_H 1
| #define HAVE_UNISTD_H 1
| #define HAVE_SYS_PARAM_H 1
| #define HAVE_REGEX_H 1
| #define _FILE_OFFSET_BITS 64
| #define HAVE_FSEEKO 1
| #define SIZEOF_UNSIGNED_SHORT 2
| #define SIZEOF_UNSIGNED_INT 4
| #define SIZEOF_UNSIGNED_LONG 4
| #define SIZEOF_TIME_T 8
| #define SIZEOF_OFF_T 8
| #define HAVE_64BIT_TIME_T 1
| #define HAVE_ALLOCA 1
| #define HAVE_MKDIR 1
| #define HAVE_MKTIME 1
| #define HAVE_STRSTR 1
| #define HAVE_STRCHR 1
| /* end confdefs.h.  */
| /* Define flock to an innocuous variant, in case <limits.h> declares flock.
|    For example, HP-UX 11i <limits.h> declares gettimeofday.  */
| #define flock innocuous_flock
| 
| /* System header to define __stub macros and hopefully few prototypes,
|     which can conflict with char flock (void); below.
|     Prefer <limits.h> to <assert.h> if __STDC__ is defined, since
|     <limits.h> exists even on freestanding compilers.  */
| 
| #ifdef __STDC__
| # include <limits.h>
| #else
| # include <assert.h>
| #endif
| 
| #undef flock
| 
| /* Override any GCC internal prototype to avoid an error.
|    Use char because int might match the return type of a GCC
|    builtin and then its argument prototype would still apply.  */
| #ifdef __cplusplus
| extern "C"
| #endif
| char flock (void);
| /* The GNU C library defines this for functions which it implements
|     to always fail with ENOSYS.  Some functions are actually named
|     something starting with __ and the normal name is an alias.  */
| #if defined __stub_flock || defined __stub___flock
| choke me
| #endif
| 
| int
| main (void)
| {
| return flock ();
|   ;
|   return 0;
| }
configure:19997: result: no
configure:19997: checking for lockf
configure:19997: gcc -o conftest.exe -g -O2 -mms-bitfields -mwindows  -IC:/msys64/mingw64/include/glib-2.0 -IC:/msys64/mingw64/lib/glib-2.0/include   conftest.c -liconv -lssl -lcrypto -lssl -lcrypto -lgthread-2.0 -lglib-2.0 -lintl >&5
C:/msys64/mingw64/bin/../lib/gcc/x86_64-w64-mingw32/16.1.0/../../../../x86_64-w64-mingw32/bin/ld.exe: C:\msys64\tmp\ccaUq1ao.o: in function `main':
D:/git/sylpheed/conftest.c:90:(.text.startup+0xa): undefined reference to `lockf'
collect2.exe: error: ld returned 1 exit status
configure:19997: $? = 1
configure: failed program was:
| /* confdefs.h */
| #define PACKAGE_NAME ""
| #define PACKAGE_TARNAME ""
| #define PACKAGE_VERSION ""
| #define PACKAGE_STRING ""
| #define PACKAGE_BUGREPORT ""
| #define PACKAGE_URL ""
| #define DEVEL_VERSION 1
| #define STDC_HEADERS 1
| #define HAVE_SYS_TYPES_H 1
| #define HAVE_SYS_STAT_H 1
| #define HAVE_STDLIB_H 1
| #define HAVE_STRING_H 1
| #define HAVE_MEMORY_H 1
| #define HAVE_STRINGS_H 1
| #define HAVE_INTTYPES_H 1
| #define HAVE_STDINT_H 1
| #define HAVE_UNISTD_H 1
| #define LT_OBJDIR ".libs/"
| #define HAVE_ICONV 1
| #define ICONV_CONST 
| #define GETTEXT_PACKAGE "sylpheed"
| #define HAVE_LOCALE_H 1
| #define HAVE_BIND_TEXTDOMAIN_CODESET 1
| #define HAVE_GETTEXT 1
| #define HAVE_DCGETTEXT 1
| #define ENABLE_NLS 1
| #define USE_GPGME 1
| #define HAVE_GPGME_IO_WRITEN 1
| #define USE_SSL 1
| #define USE_THREADS 1
| #define INET6 1
| #define USE_UPDATE_CHECK 1
| #define USE_UPDATE_CHECK_PLUGIN 1
| #define HAVE_DIRENT_H 1
| #define STDC_HEADERS 1
| #define HAVE_FCNTL_H 1
| #define HAVE_SYS_FILE_H 1
| #define HAVE_UNISTD_H 1
| #define HAVE_SYS_PARAM_H 1
| #define HAVE_REGEX_H 1
| #define _FILE_OFFSET_BITS 64
| #define HAVE_FSEEKO 1
| #define SIZEOF_UNSIGNED_SHORT 2
| #define SIZEOF_UNSIGNED_INT 4
| #define SIZEOF_UNSIGNED_LONG 4
| #define SIZEOF_TIME_T 8
| #define SIZEOF_OFF_T 8
| #define HAVE_64BIT_TIME_T 1
| #define HAVE_ALLOCA 1
| #define HAVE_MKDIR 1
| #define HAVE_MKTIME 1
| #define HAVE_STRSTR 1
| #define HAVE_STRCHR 1
| /* end confdefs.h.  */
| /* Define lockf to an innocuous variant, in case <limits.h> declares lockf.
|    For example, HP-UX 11i <limits.h> declares gettimeofday.  */
| #define lockf innocuous_lockf
| 
| /* System header to define __stub macros and hopefully few prototypes,
|     which can conflict with char lockf (void); below.
|     Prefer <limits.h> to <assert.h> if __STDC__ is defined, since
|     <limits.h> exists even on freestanding compilers.  */
| 
| #ifdef __STDC__
| # include <limits.h>
| #else
| # include <assert.h>
| #endif
| 
| #undef lockf
| 
| /* Override any GCC internal prototype to avoid an error.
|    Use char because int might match the return type of a GCC
|    builtin and then its argument prototype would still apply.  */
| #ifdef __cplusplus
| extern "C"
| #endif
| char lockf (void);
| /* The GNU C library defines this for functions which it implements
|     to always fail with ENOSYS.  Some functions are actually named
|     something starting with __ and the normal name is an alias.  */
| #if defined __stub_lockf || defined __stub___lockf
| choke me
| #endif
| 
| int
| main (void)
| {
| return lockf ();
|   ;
|   return 0;
| }
configure:19997: result: no
configure:19997: checking for inet_aton
configure:19997: gcc -o conftest.exe -g -O2 -mms-bitfields -mwindows  -IC:/msys64/mingw64/include/glib-2.0 -IC:/msys64/mingw64/lib/glib-2.0/include   conftest.c -liconv -lssl -lcrypto -lssl -lcrypto -lgthread-2.0 -lglib-2.0 -lintl >&5
C:/msys64/mingw64/bin/../lib/gcc/x86_64-w64-mingw32/16.1.0/../../../../x86_64-w64-mingw32/bin/ld.exe: C:\msys64\tmp\ccMUf7Pf.o: in function `main':
D:/git/sylpheed/conftest.c:90:(.text.startup+0xa): undefined reference to `inet_aton'
collect2.exe: error: ld returned 1 exit status
configure:19997: $? = 1
configure: failed program was:
| /* confdefs.h */
| #define PACKAGE_NAME ""
| #define PACKAGE_TARNAME ""
| #define PACKAGE_VERSION ""
| #define PACKAGE_STRING ""
| #define PACKAGE_BUGREPORT ""
| #define PACKAGE_URL ""
| #define DEVEL_VERSION 1
| #define STDC_HEADERS 1
| #define HAVE_SYS_TYPES_H 1
| #define HAVE_SYS_STAT_H 1
| #define HAVE_STDLIB_H 1
| #define HAVE_STRING_H 1
| #define HAVE_MEMORY_H 1
| #define HAVE_STRINGS_H 1
| #define HAVE_INTTYPES_H 1
| #define HAVE_STDINT_H 1
| #define HAVE_UNISTD_H 1
| #define LT_OBJDIR ".libs/"
| #define HAVE_ICONV 1
| #define ICONV_CONST 
| #define GETTEXT_PACKAGE "sylpheed"
| #define HAVE_LOCALE_H 1
| #define HAVE_BIND_TEXTDOMAIN_CODESET 1
| #define HAVE_GETTEXT 1
| #define HAVE_DCGETTEXT 1
| #define ENABLE_NLS 1
| #define USE_GPGME 1
| #define HAVE_GPGME_IO_WRITEN 1
| #define USE_SSL 1
| #define USE_THREADS 1
| #define INET6 1
| #define USE_UPDATE_CHECK 1
| #define USE_UPDATE_CHECK_PLUGIN 1
| #define HAVE_DIRENT_H 1
| #define STDC_HEADERS 1
| #define HAVE_FCNTL_H 1
| #define HAVE_SYS_FILE_H 1
| #define HAVE_UNISTD_H 1
| #define HAVE_SYS_PARAM_H 1
| #define HAVE_REGEX_H 1
| #define _FILE_OFFSET_BITS 64
| #define HAVE_FSEEKO 1
| #define SIZEOF_UNSIGNED_SHORT 2
| #define SIZEOF_UNSIGNED_INT 4
| #define SIZEOF_UNSIGNED_LONG 4
| #define SIZEOF_TIME_T 8
| #define SIZEOF_OFF_T 8
| #define HAVE_64BIT_TIME_T 1
| #define HAVE_ALLOCA 1
| #define HAVE_MKDIR 1
| #define HAVE_MKTIME 1
| #define HAVE_STRSTR 1
| #define HAVE_STRCHR 1
| /* end confdefs.h.  */
| /* Define inet_aton to an innocuous variant, in case <limits.h> declares inet_aton.
|    For example, HP-UX 11i <limits.h> declares gettimeofday.  */
| #define inet_aton innocuous_inet_aton
| 
| /* System header to define __stub macros and hopefully few prototypes,
|     which can conflict with char inet_aton (void); below.
|     Prefer <limits.h> to <assert.h> if __STDC__ is defined, since
|     <limits.h> exists even on freestanding compilers.  */
| 
| #ifdef __STDC__
| # include <limits.h>
| #else
| # include <assert.h>
| #endif
| 
| #undef inet_aton
| 
| /* Override any GCC internal prototype to avoid an error.
|    Use char because int might match the return type of a GCC
|    builtin and then its argument prototype would still apply.  */
| #ifdef __cplusplus
| extern "C"
| #endif
| char inet_aton (void);
| /* The GNU C library defines this for functions which it implements
|     to always fail with ENOSYS.  Some functions are actually named
|     something starting with __ and the normal name is an alias.  */
| #if defined __stub_inet_aton || defined __stub___inet_aton
| choke me
| #endif
| 
| int
| main (void)
| {
| return inet_aton ();
|   ;
|   return 0;
| }
configure:19997: result: no
configure:19997: checking for inet_addr
configure:19997: gcc -o conftest.exe -g -O2 -mms-bitfields -mwindows  -IC:/msys64/mingw64/include/glib-2.0 -IC:/msys64/mingw64/lib/glib-2.0/include   conftest.c -liconv -lssl -lcrypto -lssl -lcrypto -lgthread-2.0 -lglib-2.0 -lintl >&5
C:/msys64/mingw64/bin/../lib/gcc/x86_64-w64-mingw32/16.1.0/../../../../x86_64-w64-mingw32/bin/ld.exe: C:\msys64\tmp\ccm9ZBXm.o: in function `main':
D:/git/sylpheed/conftest.c:90:(.text.startup+0xa): undefined reference to `inet_addr'
collect2.exe: error: ld returned 1 exit status
configure:19997: $? = 1
configure: failed program was:
| /* confdefs.h */
| #define PACKAGE_NAME ""
| #define PACKAGE_TARNAME ""
| #define PACKAGE_VERSION ""
| #define PACKAGE_STRING ""
| #define PACKAGE_BUGREPORT ""
| #define PACKAGE_URL ""
| #define DEVEL_VERSION 1
| #define STDC_HEADERS 1
| #define HAVE_SYS_TYPES_H 1
| #define HAVE_SYS_STAT_H 1
| #define HAVE_STDLIB_H 1
| #define HAVE_STRING_H 1
| #define HAVE_MEMORY_H 1
| #define HAVE_STRINGS_H 1
| #define HAVE_INTTYPES_H 1
| #define HAVE_STDINT_H 1
| #define HAVE_UNISTD_H 1
| #define LT_OBJDIR ".libs/"
| #define HAVE_ICONV 1
| #define ICONV_CONST 
| #define GETTEXT_PACKAGE "sylpheed"
| #define HAVE_LOCALE_H 1
| #define HAVE_BIND_TEXTDOMAIN_CODESET 1
| #define HAVE_GETTEXT 1
| #define HAVE_DCGETTEXT 1
| #define ENABLE_NLS 1
| #define USE_GPGME 1
| #define HAVE_GPGME_IO_WRITEN 1
| #define USE_SSL 1
| #define USE_THREADS 1
| #define INET6 1
| #define USE_UPDATE_CHECK 1
| #define USE_UPDATE_CHECK_PLUGIN 1
| #define HAVE_DIRENT_H 1
| #define STDC_HEADERS 1
| #define HAVE_FCNTL_H 1
| #define HAVE_SYS_FILE_H 1
| #define HAVE_UNISTD_H 1
| #define HAVE_SYS_PARAM_H 1
| #define HAVE_REGEX_H 1
| #define _FILE_OFFSET_BITS 64
| #define HAVE_FSEEKO 1
| #define SIZEOF_UNSIGNED_SHORT 2
| #define SIZEOF_UNSIGNED_INT 4
| #define SIZEOF_UNSIGNED_LONG 4
| #define SIZEOF_TIME_T 8
| #define SIZEOF_OFF_T 8
| #define HAVE_64BIT_TIME_T 1
| #define HAVE_ALLOCA 1
| #define HAVE_MKDIR 1
| #define HAVE_MKTIME 1
| #define HAVE_STRSTR 1
| #define HAVE_STRCHR 1
| /* end confdefs.h.  */
| /* Define inet_addr to an innocuous variant, in case <limits.h> declares inet_addr.
|    For example, HP-UX 11i <limits.h> declares gettimeofday.  */
| #define inet_addr innocuous_inet_addr
| 
| /* System header to define __stub macros and hopefully few prototypes,
|     which can conflict with char inet_addr (void); below.
|     Prefer <limits.h> to <assert.h> if __STDC__ is defined, since
|     <limits.h> exists even on freestanding compilers.  */
| 
| #ifdef __STDC__
| # include <limits.h>
| #else
| # include <assert.h>
| #endif
| 
| #undef inet_addr
| 
| /* Override any GCC internal prototype to avoid an error.
|    Use char because int might match the return type of a GCC
|    builtin and then its argument prototype would still apply.  */
| #ifdef __cplusplus
| extern "C"
| #endif
| char inet_addr (void);
| /* The GNU C library defines this for functions which it implements
|     to always fail with ENOSYS.  Some functions are actually named
|     something starting with __ and the normal name is an alias.  */
| #if defined __stub_inet_addr || defined __stub___inet_addr
| choke me
| #endif
| 
| int
| main (void)
| {
| return inet_addr ();
|   ;
|   return 0;
| }
configure:19997: result: no
configure:19997: checking for fchmod
configure:19997: gcc -o conftest.exe -g -O2 -mms-bitfields -mwindows  -IC:/msys64/mingw64/include/glib-2.0 -IC:/msys64/mingw64/lib/glib-2.0/include   conftest.c -liconv -lssl -lcrypto -lssl -lcrypto -lgthread-2.0 -lglib-2.0 -lintl >&5
C:/msys64/mingw64/bin/../lib/gcc/x86_64-w64-mingw32/16.1.0/../../../../x86_64-w64-mingw32/bin/ld.exe: C:\msys64\tmp\ccOWE9Xj.o: in function `main':
D:/git/sylpheed/conftest.c:90:(.text.startup+0xa): undefined reference to `fchmod'
collect2.exe: error: ld returned 1 exit status
configure:19997: $? = 1
configure: failed program was:
| /* confdefs.h */
| #define PACKAGE_NAME ""
| #define PACKAGE_TARNAME ""
| #define PACKAGE_VERSION ""
| #define PACKAGE_STRING ""
| #define PACKAGE_BUGREPORT ""
| #define PACKAGE_URL ""
| #define DEVEL_VERSION 1
| #define STDC_HEADERS 1
| #define HAVE_SYS_TYPES_H 1
| #define HAVE_SYS_STAT_H 1
| #define HAVE_STDLIB_H 1
| #define HAVE_STRING_H 1
| #define HAVE_MEMORY_H 1
| #define HAVE_STRINGS_H 1
| #define HAVE_INTTYPES_H 1
| #define HAVE_STDINT_H 1
| #define HAVE_UNISTD_H 1
| #define LT_OBJDIR ".libs/"
| #define HAVE_ICONV 1
| #define ICONV_CONST 
| #define GETTEXT_PACKAGE "sylpheed"
| #define HAVE_LOCALE_H 1
| #define HAVE_BIND_TEXTDOMAIN_CODESET 1
| #define HAVE_GETTEXT 1
| #define HAVE_DCGETTEXT 1
| #define ENABLE_NLS 1
| #define USE_GPGME 1
| #define HAVE_GPGME_IO_WRITEN 1
| #define USE_SSL 1
| #define USE_THREADS 1
| #define INET6 1
| #define USE_UPDATE_CHECK 1
| #define USE_UPDATE_CHECK_PLUGIN 1
| #define HAVE_DIRENT_H 1
| #define STDC_HEADERS 1
| #define HAVE_FCNTL_H 1
| #define HAVE_SYS_FILE_H 1
| #define HAVE_UNISTD_H 1
| #define HAVE_SYS_PARAM_H 1
| #define HAVE_REGEX_H 1
| #define _FILE_OFFSET_BITS 64
| #define HAVE_FSEEKO 1
| #define SIZEOF_UNSIGNED_SHORT 2
| #define SIZEOF_UNSIGNED_INT 4
| #define SIZEOF_UNSIGNED_LONG 4
| #define SIZEOF_TIME_T 8
| #define SIZEOF_OFF_T 8
| #define HAVE_64BIT_TIME_T 1
| #define HAVE_ALLOCA 1
| #define HAVE_MKDIR 1
| #define HAVE_MKTIME 1
| #define HAVE_STRSTR 1
| #define HAVE_STRCHR 1
| /* end confdefs.h.  */
| /* Define fchmod to an innocuous variant, in case <limits.h> declares fchmod.
|    For example, HP-UX 11i <limits.h> declares gettimeofday.  */
| #define fchmod innocuous_fchmod
| 
| /* System header to define __stub macros and hopefully few prototypes,
|     which can conflict with char fchmod (void); below.
|     Prefer <limits.h> to <assert.h> if __STDC__ is defined, since
|     <limits.h> exists even on freestanding compilers.  */
| 
| #ifdef __STDC__
| # include <limits.h>
| #else
| # include <assert.h>
| #endif
| 
| #undef fchmod
| 
| /* Override any GCC internal prototype to avoid an error.
|    Use char because int might match the return type of a GCC
|    builtin and then its argument prototype would still apply.  */
| #ifdef __cplusplus
| extern "C"
| #endif
| char fchmod (void);
| /* The GNU C library defines this for functions which it implements
|     to always fail with ENOSYS.  Some functions are actually named
|     something starting with __ and the normal name is an alias.  */
| #if defined __stub_fchmod || defined __stub___fchmod
| choke me
| #endif
| 
| int
| main (void)
| {
| return fchmod ();
|   ;
|   return 0;
| }
configure:19997: result: no
configure:19997: checking for truncate
configure:19997: gcc -o conftest.exe -g -O2 -mms-bitfields -mwindows  -IC:/msys64/mingw64/include/glib-2.0 -IC:/msys64/mingw64/lib/glib-2.0/include   conftest.c -liconv -lssl -lcrypto -lssl -lcrypto -lgthread-2.0 -lglib-2.0 -lintl >&5
configure:19997: $? = 0
configure:19997: result: yes
configure:19997: checking for getuid
configure:19997: gcc -o conftest.exe -g -O2 -mms-bitfields -mwindows  -IC:/msys64/mingw64/include/glib-2.0 -IC:/msys64/mingw64/lib/glib-2.0/include   conftest.c -liconv -lssl -lcrypto -lssl -lcrypto -lgthread-2.0 -lglib-2.0 -lintl >&5
C:/msys64/mingw64/bin/../lib/gcc/x86_64-w64-mingw32/16.1.0/../../../../x86_64-w64-mingw32/bin/ld.exe: C:\msys64\tmp\ccKexLgk.o: in function `main':
D:/git/sylpheed/conftest.c:91:(.text.startup+0xa): undefined reference to `getuid'
collect2.exe: error: ld returned 1 exit status
configure:19997: $? = 1
configure: failed program was:
| /* confdefs.h */
| #define PACKAGE_NAME ""
| #define PACKAGE_TARNAME ""
| #define PACKAGE_VERSION ""
| #define PACKAGE_STRING ""
| #define PACKAGE_BUGREPORT ""
| #define PACKAGE_URL ""
| #define DEVEL_VERSION 1
| #define STDC_HEADERS 1
| #define HAVE_SYS_TYPES_H 1
| #define HAVE_SYS_STAT_H 1
| #define HAVE_STDLIB_H 1
| #define HAVE_STRING_H 1
| #define HAVE_MEMORY_H 1
| #define HAVE_STRINGS_H 1
| #define HAVE_INTTYPES_H 1
| #define HAVE_STDINT_H 1
| #define HAVE_UNISTD_H 1
| #define LT_OBJDIR ".libs/"
| #define HAVE_ICONV 1
| #define ICONV_CONST 
| #define GETTEXT_PACKAGE "sylpheed"
| #define HAVE_LOCALE_H 1
| #define HAVE_BIND_TEXTDOMAIN_CODESET 1
| #define HAVE_GETTEXT 1
| #define HAVE_DCGETTEXT 1
| #define ENABLE_NLS 1
| #define USE_GPGME 1
| #define HAVE_GPGME_IO_WRITEN 1
| #define USE_SSL 1
| #define USE_THREADS 1
| #define INET6 1
| #define USE_UPDATE_CHECK 1
| #define USE_UPDATE_CHECK_PLUGIN 1
| #define HAVE_DIRENT_H 1
| #define STDC_HEADERS 1
| #define HAVE_FCNTL_H 1
| #define HAVE_SYS_FILE_H 1
| #define HAVE_UNISTD_H 1
| #define HAVE_SYS_PARAM_H 1
| #define HAVE_REGEX_H 1
| #define _FILE_OFFSET_BITS 64
| #define HAVE_FSEEKO 1
| #define SIZEOF_UNSIGNED_SHORT 2
| #define SIZEOF_UNSIGNED_INT 4
| #define SIZEOF_UNSIGNED_LONG 4
| #define SIZEOF_TIME_T 8
| #define SIZEOF_OFF_T 8
| #define HAVE_64BIT_TIME_T 1
| #define HAVE_ALLOCA 1
| #define HAVE_MKDIR 1
| #define HAVE_MKTIME 1
| #define HAVE_STRSTR 1
| #define HAVE_STRCHR 1
| #define HAVE_TRUNCATE 1
| /* end confdefs.h.  */
| /* Define getuid to an innocuous variant, in case <limits.h> declares getuid.
|    For example, HP-UX 11i <limits.h> declares gettimeofday.  */
| #define getuid innocuous_getuid
| 
| /* System header to define __stub macros and hopefully few prototypes,
|     which can conflict with char getuid (void); below.
|     Prefer <limits.h> to <assert.h> if __STDC__ is defined, since
|     <limits.h> exists even on freestanding compilers.  */
| 
| #ifdef __STDC__
| # include <limits.h>
| #else
| # include <assert.h>
| #endif
| 
| #undef getuid
| 
| /* Override any GCC internal prototype to avoid an error.
|    Use char because int might match the return type of a GCC
|    builtin and then its argument prototype would still apply.  */
| #ifdef __cplusplus
| extern "C"
| #endif
| char getuid (void);
| /* The GNU C library defines this for functions which it implements
|     to always fail with ENOSYS.  Some functions are actually named
|     something starting with __ and the normal name is an alias.  */
| #if defined __stub_getuid || defined __stub___getuid
| choke me
| #endif
| 
| int
| main (void)
| {
| return getuid ();
|   ;
|   return 0;
| }
configure:19997: result: no
configure:19997: checking for regcomp
configure:19997: gcc -o conftest.exe -g -O2 -mms-bitfields -mwindows  -IC:/msys64/mingw64/include/glib-2.0 -IC:/msys64/mingw64/lib/glib-2.0/include   conftest.c -liconv -lssl -lcrypto -lssl -lcrypto -lgthread-2.0 -lglib-2.0 -lintl >&5
C:/msys64/mingw64/bin/../lib/gcc/x86_64-w64-mingw32/16.1.0/../../../../x86_64-w64-mingw32/bin/ld.exe: C:\msys64\tmp\ccuZXMih.o: in function `main':
D:/git/sylpheed/conftest.c:91:(.text.startup+0xa): undefined reference to `regcomp'
collect2.exe: error: ld returned 1 exit status
configure:19997: $? = 1
configure: failed program was:
| /* confdefs.h */
| #define PACKAGE_NAME ""
| #define PACKAGE_TARNAME ""
| #define PACKAGE_VERSION ""
| #define PACKAGE_STRING ""
| #define PACKAGE_BUGREPORT ""
| #define PACKAGE_URL ""
| #define DEVEL_VERSION 1
| #define STDC_HEADERS 1
| #define HAVE_SYS_TYPES_H 1
| #define HAVE_SYS_STAT_H 1
| #define HAVE_STDLIB_H 1
| #define HAVE_STRING_H 1
| #define HAVE_MEMORY_H 1
| #define HAVE_STRINGS_H 1
| #define HAVE_INTTYPES_H 1
| #define HAVE_STDINT_H 1
| #define HAVE_UNISTD_H 1
| #define LT_OBJDIR ".libs/"
| #define HAVE_ICONV 1
| #define ICONV_CONST 
| #define GETTEXT_PACKAGE "sylpheed"
| #define HAVE_LOCALE_H 1
| #define HAVE_BIND_TEXTDOMAIN_CODESET 1
| #define HAVE_GETTEXT 1
| #define HAVE_DCGETTEXT 1
| #define ENABLE_NLS 1
| #define USE_GPGME 1
| #define HAVE_GPGME_IO_WRITEN 1
| #define USE_SSL 1
| #define USE_THREADS 1
| #define INET6 1
| #define USE_UPDATE_CHECK 1
| #define USE_UPDATE_CHECK_PLUGIN 1
| #define HAVE_DIRENT_H 1
| #define STDC_HEADERS 1
| #define HAVE_FCNTL_H 1
| #define HAVE_SYS_FILE_H 1
| #define HAVE_UNISTD_H 1
| #define HAVE_SYS_PARAM_H 1
| #define HAVE_REGEX_H 1
| #define _FILE_OFFSET_BITS 64
| #define HAVE_FSEEKO 1
| #define SIZEOF_UNSIGNED_SHORT 2
| #define SIZEOF_UNSIGNED_INT 4
| #define SIZEOF_UNSIGNED_LONG 4
| #define SIZEOF_TIME_T 8
| #define SIZEOF_OFF_T 8
| #define HAVE_64BIT_TIME_T 1
| #define HAVE_ALLOCA 1
| #define HAVE_MKDIR 1
| #define HAVE_MKTIME 1
| #define HAVE_STRSTR 1
| #define HAVE_STRCHR 1
| #define HAVE_TRUNCATE 1
| /* end confdefs.h.  */
| /* Define regcomp to an innocuous variant, in case <limits.h> declares regcomp.
|    For example, HP-UX 11i <limits.h> declares gettimeofday.  */
| #define regcomp innocuous_regcomp
| 
| /* System header to define __stub macros and hopefully few prototypes,
|     which can conflict with char regcomp (void); below.
|     Prefer <limits.h> to <assert.h> if __STDC__ is defined, since
|     <limits.h> exists even on freestanding compilers.  */
| 
| #ifdef __STDC__
| # include <limits.h>
| #else
| # include <assert.h>
| #endif
| 
| #undef regcomp
| 
| /* Override any GCC internal prototype to avoid an error.
|    Use char because int might match the return type of a GCC
|    builtin and then its argument prototype would still apply.  */
| #ifdef __cplusplus
| extern "C"
| #endif
| char regcomp (void);
| /* The GNU C library defines this for functions which it implements
|     to always fail with ENOSYS.  Some functions are actually named
|     something starting with __ and the normal name is an alias.  */
| #if defined __stub_regcomp || defined __stub___regcomp
| choke me
| #endif
| 
| int
| main (void)
| {
| return regcomp ();
|   ;
|   return 0;
| }
configure:19997: result: no
configure:19997: checking for mlock
configure:19997: gcc -o conftest.exe -g -O2 -mms-bitfields -mwindows  -IC:/msys64/mingw64/include/glib-2.0 -IC:/msys64/mingw64/lib/glib-2.0/include   conftest.c -liconv -lssl -lcrypto -lssl -lcrypto -lgthread-2.0 -lglib-2.0 -lintl >&5
C:/msys64/mingw64/bin/../lib/gcc/x86_64-w64-mingw32/16.1.0/../../../../x86_64-w64-mingw32/bin/ld.exe: C:\msys64\tmp\ccYLDCPi.o: in function `main':
D:/git/sylpheed/conftest.c:91:(.text.startup+0xa): undefined reference to `mlock'
collect2.exe: error: ld returned 1 exit status
configure:19997: $? = 1
configure: failed program was:
| /* confdefs.h */
| #define PACKAGE_NAME ""
| #define PACKAGE_TARNAME ""
| #define PACKAGE_VERSION ""
| #define PACKAGE_STRING ""
| #define PACKAGE_BUGREPORT ""
| #define PACKAGE_URL ""
| #define DEVEL_VERSION 1
| #define STDC_HEADERS 1
| #define HAVE_SYS_TYPES_H 1
| #define HAVE_SYS_STAT_H 1
| #define HAVE_STDLIB_H 1
| #define HAVE_STRING_H 1
| #define HAVE_MEMORY_H 1
| #define HAVE_STRINGS_H 1
| #define HAVE_INTTYPES_H 1
| #define HAVE_STDINT_H 1
| #define HAVE_UNISTD_H 1
| #define LT_OBJDIR ".libs/"
| #define HAVE_ICONV 1
| #define ICONV_CONST 
| #define GETTEXT_PACKAGE "sylpheed"
| #define HAVE_LOCALE_H 1
| #define HAVE_BIND_TEXTDOMAIN_CODESET 1
| #define HAVE_GETTEXT 1
| #define HAVE_DCGETTEXT 1
| #define ENABLE_NLS 1
| #define USE_GPGME 1
| #define HAVE_GPGME_IO_WRITEN 1
| #define USE_SSL 1
| #define USE_THREADS 1
| #define INET6 1
| #define USE_UPDATE_CHECK 1
| #define USE_UPDATE_CHECK_PLUGIN 1
| #define HAVE_DIRENT_H 1
| #define STDC_HEADERS 1
| #define HAVE_FCNTL_H 1
| #define HAVE_SYS_FILE_H 1
| #define HAVE_UNISTD_H 1
| #define HAVE_SYS_PARAM_H 1
| #define HAVE_REGEX_H 1
| #define _FILE_OFFSET_BITS 64
| #define HAVE_FSEEKO 1
| #define SIZEOF_UNSIGNED_SHORT 2
| #define SIZEOF_UNSIGNED_INT 4
| #define SIZEOF_UNSIGNED_LONG 4
| #define SIZEOF_TIME_T 8
| #define SIZEOF_OFF_T 8
| #define HAVE_64BIT_TIME_T 1
| #define HAVE_ALLOCA 1
| #define HAVE_MKDIR 1
| #define HAVE_MKTIME 1
| #define HAVE_STRSTR 1
| #define HAVE_STRCHR 1
| #define HAVE_TRUNCATE 1
| /* end confdefs.h.  */
| /* Define mlock to an innocuous variant, in case <limits.h> declares mlock.
|    For example, HP-UX 11i <limits.h> declares gettimeofday.  */
| #define mlock innocuous_mlock
| 
| /* System header to define __stub macros and hopefully few prototypes,
|     which can conflict with char mlock (void); below.
|     Prefer <limits.h> to <assert.h> if __STDC__ is defined, since
|     <limits.h> exists even on freestanding compilers.  */
| 
| #ifdef __STDC__
| # include <limits.h>
| #else
| # include <assert.h>
| #endif
| 
| #undef mlock
| 
| /* Override any GCC internal prototype to avoid an error.
|    Use char because int might match the return type of a GCC
|    builtin and then its argument prototype would still apply.  */
| #ifdef __cplusplus
| extern "C"
| #endif
| char mlock (void);
| /* The GNU C library defines this for functions which it implements
|     to always fail with ENOSYS.  Some functions are actually named
|     something starting with __ and the normal name is an alias.  */
| #if defined __stub_mlock || defined __stub___mlock
| choke me
| #endif
| 
| int
| main (void)
| {
| return mlock ();
|   ;
|   return 0;
| }
configure:19997: result: no
configure:19997: checking for fsync
configure:19997: gcc -o conftest.exe -g -O2 -mms-bitfields -mwindows  -IC:/msys64/mingw64/include/glib-2.0 -IC:/msys64/mingw64/lib/glib-2.0/include   conftest.c -liconv -lssl -lcrypto -lssl -lcrypto -lgthread-2.0 -lglib-2.0 -lintl >&5
C:/msys64/mingw64/bin/../lib/gcc/x86_64-w64-mingw32/16.1.0/../../../../x86_64-w64-mingw32/bin/ld.exe: C:\msys64\tmp\ccEJ9dmz.o: in function `main':
D:/git/sylpheed/conftest.c:91:(.text.startup+0xa): undefined reference to `fsync'
collect2.exe: error: ld returned 1 exit status
configure:19997: $? = 1
configure: failed program was:
| /* confdefs.h */
| #define PACKAGE_NAME ""
| #define PACKAGE_TARNAME ""
| #define PACKAGE_VERSION ""
| #define PACKAGE_STRING ""
| #define PACKAGE_BUGREPORT ""
| #define PACKAGE_URL ""
| #define DEVEL_VERSION 1
| #define STDC_HEADERS 1
| #define HAVE_SYS_TYPES_H 1
| #define HAVE_SYS_STAT_H 1
| #define HAVE_STDLIB_H 1
| #define HAVE_STRING_H 1
| #define HAVE_MEMORY_H 1
| #define HAVE_STRINGS_H 1
| #define HAVE_INTTYPES_H 1
| #define HAVE_STDINT_H 1
| #define HAVE_UNISTD_H 1
| #define LT_OBJDIR ".libs/"
| #define HAVE_ICONV 1
| #define ICONV_CONST 
| #define GETTEXT_PACKAGE "sylpheed"
| #define HAVE_LOCALE_H 1
| #define HAVE_BIND_TEXTDOMAIN_CODESET 1
| #define HAVE_GETTEXT 1
| #define HAVE_DCGETTEXT 1
| #define ENABLE_NLS 1
| #define USE_GPGME 1
| #define HAVE_GPGME_IO_WRITEN 1
| #define USE_SSL 1
| #define USE_THREADS 1
| #define INET6 1
| #define USE_UPDATE_CHECK 1
| #define USE_UPDATE_CHECK_PLUGIN 1
| #define HAVE_DIRENT_H 1
| #define STDC_HEADERS 1
| #define HAVE_FCNTL_H 1
| #define HAVE_SYS_FILE_H 1
| #define HAVE_UNISTD_H 1
| #define HAVE_SYS_PARAM_H 1
| #define HAVE_REGEX_H 1
| #define _FILE_OFFSET_BITS 64
| #define HAVE_FSEEKO 1
| #define SIZEOF_UNSIGNED_SHORT 2
| #define SIZEOF_UNSIGNED_INT 4
| #define SIZEOF_UNSIGNED_LONG 4
| #define SIZEOF_TIME_T 8
| #define SIZEOF_OFF_T 8
| #define HAVE_64BIT_TIME_T 1
| #define HAVE_ALLOCA 1
| #define HAVE_MKDIR 1
| #define HAVE_MKTIME 1
| #define HAVE_STRSTR 1
| #define HAVE_STRCHR 1
| #define HAVE_TRUNCATE 1
| /* end confdefs.h.  */
| /* Define fsync to an innocuous variant, in case <limits.h> declares fsync.
|    For example, HP-UX 11i <limits.h> declares gettimeofday.  */
| #define fsync innocuous_fsync
| 
| /* System header to define __stub macros and hopefully few prototypes,
|     which can conflict with char fsync (void); below.
|     Prefer <limits.h> to <assert.h> if __STDC__ is defined, since
|     <limits.h> exists even on freestanding compilers.  */
| 
| #ifdef __STDC__
| # include <limits.h>
| #else
| # include <assert.h>
| #endif
| 
| #undef fsync
| 
| /* Override any GCC internal prototype to avoid an error.
|    Use char because int might match the return type of a GCC
|    builtin and then its argument prototype would still apply.  */
| #ifdef __cplusplus
| extern "C"
| #endif
| char fsync (void);
| /* The GNU C library defines this for functions which it implements
|     to always fail with ENOSYS.  Some functions are actually named
|     something starting with __ and the normal name is an alias.  */
| #if defined __stub_fsync || defined __stub___fsync
| choke me
| #endif
| 
| int
| main (void)
| {
| return fsync ();
|   ;
|   return 0;
| }
configure:19997: result: no
configure:20117: checking that generated files are newer than configure
configure:20123: result: done
configure:20158: creating ./config.status

## ---------------------- ##
## Running config.status. ##
## ---------------------- ##

This file was extended by config.status, which was
generated by GNU Autoconf 2.69.  Invocation command line was

  CONFIG_FILES    = 
  CONFIG_HEADERS  = 
  CONFIG_LINKS    = 
  CONFIG_COMMANDS = 
  $ ./config.status 

on majeh

config.status:1237: creating Makefile
config.status:1237: creating sylpheed.spec
config.status:1237: creating ac/Makefile
config.status:1237: creating libsylph/Makefile
config.status:1237: creating src/version.h
config.status:1237: creating src/sylpheed.rc
config.status:1237: creating src/Makefile
config.status:1237: creating src/icons/Makefile
config.status:1237: creating plugin/Makefile
config.status:1237: creating plugin/attachment_tool/Makefile
config.status:1237: creating plugin/test/Makefile
config.status:1237: creating po/Makefile.in
config.status:1237: creating faq/Makefile
config.status:1237: creating faq/de/Makefile
config.status:1237: creating faq/en/Makefile
config.status:1237: creating faq/es/Makefile
config.status:1237: creating faq/fr/Makefile
config.status:1237: creating faq/it/Makefile
config.status:1237: creating manual/Makefile
config.status:1237: creating manual/en/Makefile
config.status:1237: creating manual/ja/Makefile
config.status:1237: creating nsis/Makefile
config.status:1237: creating macosx/Makefile
config.status:1237: creating macosx/bundle/Makefile
config.status:1237: creating config.h
config.status:1418: config.h is unchanged
config.status:1466: executing depfiles commands
config.status:1466: executing libtool commands
config.status:1466: executing default-1 commands

## ---------------- ##
## Cache variables. ##
## ---------------- ##

ac_cv_build=x86_64-w64-mingw32
ac_cv_c_compiler_gnu=yes
ac_cv_c_const=yes
ac_cv_dirent_d_type=no
ac_cv_enable_compface=no
ac_cv_enable_gpgme=yes
ac_cv_enable_gtkspell=no
ac_cv_enable_ipv6=yes
ac_cv_enable_jpilot=no
ac_cv_enable_ldap=no
ac_cv_enable_libcurl=yes
ac_cv_enable_oniguruma=no
ac_cv_enable_ssl=yes
ac_cv_enable_updatecheck=yes
ac_cv_enable_updatecheckplugin=yes
ac_cv_env_CC_set=
ac_cv_env_CC_value=
ac_cv_env_CFLAGS_set=
ac_cv_env_CFLAGS_value=
ac_cv_env_CPPFLAGS_set=
ac_cv_env_CPPFLAGS_value=
ac_cv_env_CPP_set=
ac_cv_env_CPP_value=
ac_cv_env_GLIB_CFLAGS_set=
ac_cv_env_GLIB_CFLAGS_value=
ac_cv_env_GLIB_COMPILE_RESOURCES_set=
ac_cv_env_GLIB_COMPILE_RESOURCES_value=
ac_cv_env_GLIB_GENMARSHAL_set=
ac_cv_env_GLIB_GENMARSHAL_value=
ac_cv_env_GLIB_LIBS_set=
ac_cv_env_GLIB_LIBS_value=
ac_cv_env_GLIB_MKENUMS_set=
ac_cv_env_GLIB_MKENUMS_value=
ac_cv_env_GOBJECT_QUERY_set=
ac_cv_env_GOBJECT_QUERY_value=
ac_cv_env_LDFLAGS_set=
ac_cv_env_LDFLAGS_value=
ac_cv_env_LIBS_set=set
ac_cv_env_LIBS_value='-liconv -lssl -lcrypto'
ac_cv_env_LT_SYS_LIBRARY_PATH_set=
ac_cv_env_LT_SYS_LIBRARY_PATH_value=
ac_cv_env_OPENSSL_CFLAGS_set=
ac_cv_env_OPENSSL_CFLAGS_value=
ac_cv_env_OPENSSL_LIBS_set=
ac_cv_env_OPENSSL_LIBS_value=
ac_cv_env_PKG_CONFIG_LIBDIR_set=
ac_cv_env_PKG_CONFIG_LIBDIR_value=
ac_cv_env_PKG_CONFIG_PATH_set=set
ac_cv_env_PKG_CONFIG_PATH_value=/mingw64/lib/pkgconfig:/mingw64/share/pkgconfig
ac_cv_env_PKG_CONFIG_set=
ac_cv_env_PKG_CONFIG_value=
ac_cv_env_YACC_set=
ac_cv_env_YACC_value=
ac_cv_env_YFLAGS_set=
ac_cv_env_YFLAGS_value=
ac_cv_env_build_alias_set=
ac_cv_env_build_alias_value=
ac_cv_env_host_alias_set=
ac_cv_env_host_alias_value=
ac_cv_env_target_alias_set=
ac_cv_env_target_alias_value=
ac_cv_exeext=.exe
ac_cv_func_alloca_works=yes
ac_cv_func_bind_textdomain_codeset=yes
ac_cv_func_dcgettext=yes
ac_cv_func_fchmod=no
ac_cv_func_flock=no
ac_cv_func_fsync=no
ac_cv_func_gethostname=no
ac_cv_func_getuid=no
ac_cv_func_inet_addr=no
ac_cv_func_inet_aton=no
ac_cv_func_lockf=no
ac_cv_func_mkdir=yes
ac_cv_func_mktime=yes
ac_cv_func_mlock=no
ac_cv_func_regcomp=no
ac_cv_func_socket=no
ac_cv_func_strchr=yes
ac_cv_func_strstr=yes
ac_cv_func_truncate=yes
ac_cv_func_uname=no
ac_cv_header_dirent_dirent_h=yes
ac_cv_header_dlfcn_h=no
ac_cv_header_fcntl_h=yes
ac_cv_header_inttypes_h=yes
ac_cv_header_libintl_h=yes
ac_cv_header_locale_h=yes
ac_cv_header_lockfile_h=no
ac_cv_header_memory_h=yes
ac_cv_header_netdb_h=no
ac_cv_header_paths_h=no
ac_cv_header_regex_h=yes
ac_cv_header_stdc=yes
ac_cv_header_stdint_h=yes
ac_cv_header_stdlib_h=yes
ac_cv_header_string_h=yes
ac_cv_header_strings_h=yes
ac_cv_header_sys_file_h=yes
ac_cv_header_sys_mman_h=no
ac_cv_header_sys_param_h=yes
ac_cv_header_sys_select_h=no
ac_cv_header_sys_stat_h=yes
ac_cv_header_sys_types_h=yes
ac_cv_header_sys_utsname_h=no
ac_cv_header_sys_wait_h=no
ac_cv_header_unistd_h=yes
ac_cv_host=x86_64-w64-mingw32
ac_cv_ipv6=yes
ac_cv_lib_compface_uncompface=no
ac_cv_lib_curl_curl_global_init=yes
ac_cv_lib_gpgme_gpgme_io_writen=yes
ac_cv_lib_intl_bindtextdomain=yes
ac_cv_lib_intl_dgettext=yes
ac_cv_lib_intl_ngettext=yes
ac_cv_lib_lex='none needed'
ac_cv_lib_lockfile_lockfile_create=no
ac_cv_lib_nsl_gethostbyname=no
ac_cv_lib_resolv_res_init=no
ac_cv_lib_socket_bind=no
ac_cv_lib_xpg4_setlocale=no
ac_cv_objext=o
ac_cv_path_EGREP='/usr/bin/grep -E'
ac_cv_path_FGREP='/usr/bin/grep -F'
ac_cv_path_GLIB_GENMARSHAL=C:/msys64/mingw64/bin/glib-genmarshal.exe
ac_cv_path_GMSGFMT=/mingw64/bin/msgfmt
ac_cv_path_GPGRT_CONFIG=/mingw64/bin/gpgrt-config
ac_cv_path_GREP=/usr/bin/grep
ac_cv_path_MSGFMT=/mingw64/bin/msgfmt
ac_cv_path_SED=/usr/bin/sed
ac_cv_path_XGETTEXT=/mingw64/bin/xgettext
ac_cv_path_ac_pt_PKG_CONFIG=/mingw64/bin/pkg-config
ac_cv_path_install='/usr/bin/install -c'
ac_cv_path_lt_DD=/usr/bin/dd
ac_cv_path_mkdir=/usr/bin/mkdir
ac_cv_prog_AWK=gawk
ac_cv_prog_CPP='gcc -E'
ac_cv_prog_FILECMD=file
ac_cv_prog_LEX=flex
ac_cv_prog_WINDRES=windres
ac_cv_prog_YACC='bison -y'
ac_cv_prog_ac_ct_AR=ar
ac_cv_prog_ac_ct_CC=gcc
ac_cv_prog_ac_ct_DLLTOOL=dlltool
ac_cv_prog_ac_ct_OBJDUMP=objdump
ac_cv_prog_ac_ct_RANLIB=ranlib
ac_cv_prog_ac_ct_STRIP=strip
ac_cv_prog_cc_c89=
ac_cv_prog_cc_g=yes
ac_cv_prog_lex_root=lex.yy
ac_cv_prog_lex_yytext_pointer=no
ac_cv_prog_make_make_set=yes
ac_cv_search_opendir='none required'
ac_cv_search_strerror='none required'
ac_cv_sizeof_off_t=8
ac_cv_sizeof_time_t=8
ac_cv_sizeof_unsigned_int=4
ac_cv_sizeof_unsigned_long=4
ac_cv_sizeof_unsigned_short=2
ac_cv_struct_tm=time.h
ac_cv_sys_file_offset_bits=64
ac_cv_sys_largefile_CC=no
ac_cv_sys_largefile_source=no
ac_cv_target=x86_64-w64-mingw32
ac_cv_type_off_t=yes
ac_cv_type_pid_t=yes
ac_cv_type_size_t=yes
ac_cv_working_alloca_h=no
acl_cv_hardcode_direct=no
acl_cv_hardcode_libdir_flag_spec='-L$libdir'
acl_cv_hardcode_libdir_separator=
acl_cv_hardcode_minus_L=no
acl_cv_libdirstems=lib,lib,lib
acl_cv_libext=a
acl_cv_libname_spec='lib$name'
acl_cv_library_names_spec='$libname.dll.a $libname.lib'
acl_cv_prog_gnu_ld=yes
acl_cv_rpath=done
acl_cv_shlibext=dll
acl_cv_wl=-Wl,
am_cv_CC_dependencies_compiler_type=gcc3
am_cv_func_iconv=yes
am_cv_func_iconv_summary='yes, in libc'
am_cv_func_iconv_works=yes
am_cv_lib_iconv=no
am_cv_make_support_nested_variables=yes
am_cv_prog_cc_c_o=yes
am_cv_prog_cc_stdc=
am_cv_val_LC_MESSAGES=no
gl_cv_elf=no
gl_cv_host_cpu_c_abi_32bit=no
gl_cv_iconv_nonconst=yes
gnupg_cv_typedef_u32=no
gt_cv_func_CFLocaleCopyCurrent=no
gt_cv_func_CFPreferencesCopyAppValue=no
gt_cv_func_dgettext_libc=no
gt_cv_func_dgettext_libintl=yes
gt_cv_func_ngettext_libc=no
gt_cv_have_gettext=yes
lt_cv_ar_at_file=@
lt_cv_archive_cmds_need_lc=yes
lt_cv_deplibs_check_method='file_magic ^x86 archive import|^x86 DLL'
lt_cv_file_magic_cmd=func_win32_libid
lt_cv_file_magic_test_file=
lt_cv_ld_reload_flag=-r
lt_cv_nm_interface='BSD nm'
lt_cv_objdir=.libs
lt_cv_path_LD=C:/msys64/mingw64/x86_64-w64-mingw32/bin/ld.exe
lt_cv_path_NM='/mingw64/bin/nm -B'
lt_cv_path_manifest_tool=no
lt_cv_prog_compiler_c_o=yes
lt_cv_prog_compiler_pic='-DDLL_EXPORT -DPIC'
lt_cv_prog_compiler_pic_works=yes
lt_cv_prog_compiler_rtti_exceptions=no
lt_cv_prog_compiler_static_works=yes
lt_cv_prog_gnu_ld=yes
lt_cv_sharedlib_from_linklib_cmd=func_cygming_dll_for_implib
lt_cv_sys_global_symbol_pipe='/usr/bin/sed -n -e '\''s/^.*[	 ]\([ABCDGIRSTW][ABCDGIRSTW]*\)[	 ][	 ]*\([_A-Za-z][_A-Za-z0-9]*\)\{0,1\}$/\1 \2 \2/p'\'' | /usr/bin/sed '\''/ __gnu_lto/d'\'''
lt_cv_sys_global_symbol_to_c_name_address='/usr/bin/sed -n -e '\''s/^: \(.*\) .*$/  {"\1", (void *) 0},/p'\'' -e '\''s/^[ABCDGIRSTW][ABCDGIRSTW]* .* \(.*\)$/  {"\1", (void *) \&\1},/p'\'''
lt_cv_sys_global_symbol_to_c_name_address_lib_prefix='/usr/bin/sed -n -e '\''s/^: \(.*\) .*$/  {"\1", (void *) 0},/p'\'' -e '\''s/^[ABCDGIRSTW][ABCDGIRSTW]* .* \(lib.*\)$/  {"\1", (void *) \&\1},/p'\'' -e '\''s/^[ABCDGIRSTW][ABCDGIRSTW]* .* \(.*\)$/  {"lib\1", (void *) \&\1},/p'\'''
lt_cv_sys_global_symbol_to_cdecl='/usr/bin/sed -n -e '\''s/^T .* \(.*\)$/extern int \1();/p'\'' -e '\''s/^[ABCDGIRSTW][ABCDGIRSTW]* .* \(.*\)$/extern char \1;/p'\'''
lt_cv_sys_global_symbol_to_import=
lt_cv_sys_max_cmd_len=8192
lt_cv_to_host_file_cmd=func_convert_file_msys_to_w32
lt_cv_to_tool_file_cmd=func_convert_file_msys_to_w32
lt_cv_truncate_bin='/usr/bin/dd bs=4096 count=1'
pkg_cv_GLIB_CFLAGS='-IC:/msys64/mingw64/include/glib-2.0 -IC:/msys64/mingw64/lib/glib-2.0/include'
pkg_cv_GLIB_COMPILE_RESOURCES=C:/msys64/mingw64/bin/glib-compile-resources
pkg_cv_GLIB_GENMARSHAL=C:/msys64/mingw64/bin/glib-genmarshal.exe
pkg_cv_GLIB_LIBS='-lgobject-2.0 -lgmodule-2.0 -lglib-2.0 -lintl'
pkg_cv_GLIB_MKENUMS=C:/msys64/mingw64/bin/glib-mkenums.exe
pkg_cv_GOBJECT_QUERY=C:/msys64/mingw64/bin/gobject-query
pkg_cv_OPENSSL_CFLAGS=
pkg_cv_OPENSSL_LIBS='-lssl -lcrypto'

## ----------------- ##
## Output variables. ##
## ----------------- ##

ACLOCAL='${SHELL} /d/git/sylpheed/missing aclocal-1.15 -I ac'
ALLOCA=''
AMDEPBACKSLASH='\'
AMDEP_FALSE='#'
AMDEP_TRUE=''
AMTAR='$${TAR-tar}'
AM_BACKSLASH='\'
AM_DEFAULT_V='$(AM_DEFAULT_VERBOSITY)'
AM_DEFAULT_VERBOSITY='0'
AM_V='$(V)'
AR='ar'
AUTOCONF='${SHELL} /d/git/sylpheed/missing autoconf'
AUTOHEADER='${SHELL} /d/git/sylpheed/missing autoheader'
AUTOMAKE='${SHELL} /d/git/sylpheed/missing automake-1.15'
AWK='gawk'
BUILD_REVISION='1187'
CATALOGS=' be.gmo bg.gmo cs.gmo da.gmo de.gmo el.gmo es.gmo et.gmo eu.gmo fi.gmo fr.gmo gl.gmo he.gmo hr.gmo hu.gmo it.gmo ja.gmo ko.gmo lt.gmo nl.gmo pl.gmo pt_BR.gmo ro.gmo ru.gmo sk.gmo sl.gmo sr.gmo sv.gmo tr.gmo uk.gmo vi.gmo zh_CN.gmo zh_TW.gmo'
CATOBJEXT='.gmo'
CC='gcc'
CCDEPMODE='depmode=gcc3'
CFLAGS='-g -O2 -mms-bitfields -mwindows  -IC:/msys64/mingw64/include/glib-2.0 -IC:/msys64/mingw64/lib/glib-2.0/include'
CPP='gcc -E'
CPPFLAGS=''
CURL_LIBS=' -lcurl'
CYGPATH_W='cygpath -w'
DATADIRNAME='share'
DEFS='-DHAVE_CONFIG_H'
DEPDIR='.deps'
DEVEL_VERSION='1'
DLLTOOL='dlltool'
DSYMUTIL=''
DUMPBIN=''
ECHO_C=''
ECHO_N='-n'
ECHO_T=''
EGREP='/usr/bin/grep -E'
EXEEXT='.exe'
EXTRA_VERSION='beta1'
FGREP='/usr/bin/grep -F'
FILECMD='file'
GETTEXT_PACKAGE='sylpheed'
GLIB_CFLAGS='-IC:/msys64/mingw64/include/glib-2.0 -IC:/msys64/mingw64/lib/glib-2.0/include'
GLIB_COMPILE_RESOURCES='C:/msys64/mingw64/bin/glib-compile-resources'
GLIB_GENMARSHAL='C:/msys64/mingw64/bin/glib-genmarshal.exe'
GLIB_LIBS='-lgobject-2.0 -lgmodule-2.0 -lglib-2.0 -lintl'
GLIB_MKENUMS='C:/msys64/mingw64/bin/glib-mkenums.exe'
GMOFILES=' be.gmo bg.gmo cs.gmo da.gmo de.gmo el.gmo es.gmo et.gmo eu.gmo fi.gmo fr.gmo gl.gmo he.gmo hr.gmo hu.gmo it.gmo ja.gmo ko.gmo lt.gmo nl.gmo pl.gmo pt_BR.gmo ro.gmo ru.gmo sk.gmo sl.gmo sr.gmo sv.gmo tr.gmo uk.gmo vi.gmo zh_CN.gmo zh_TW.gmo'
GMSGFMT='/mingw64/bin/msgfmt'
GOBJECT_QUERY='C:/msys64/mingw64/bin/gobject-query'
GPGME_CFLAGS='-I/mingw64/include'
GPGME_CONFIG='/mingw64/bin/gpgrt-config --libdir=/mingw64/lib gpgme'
GPGME_LIBS='-L/mingw64/lib -lgpgme'
GPGRT_CONFIG='/mingw64/bin/gpgrt-config --libdir=/mingw64/lib'
GREP='/usr/bin/grep'
GTK_CFLAGS='-IC:/msys64/mingw64/include/gtk-2.0 -mms-bitfields -IC:/msys64/mingw64/lib/gtk-2.0/include -IC:/msys64/mingw64/include/pango-1.0 -IC:/msys64/mingw64/include/fribidi -IC:/msys64/mingw64/include/harfbuzz -IC:/msys64/mingw64/include/atk-1.0 -IC:/msys64/mingw64/include/cairo -IC:/msys64/mingw64/include/freetype2 -IC:/msys64/mingw64/include/pixman-1 -IC:/msys64/mingw64/include/gdk-pixbuf-2.0 -IC:/msys64/mingw64/include/libpng16 -IC:/msys64/mingw64/include/webp -DLIBDEFLATE_DLL -IC:/msys64/mingw64/include/glib-2.0 -IC:/msys64/mingw64/lib/glib-2.0/include'
GTK_LIBS='-lgtk-win32-2.0 -lgdk-win32-2.0 -limm32 -lshell32 -lole32 -Wl,-luuid -lpangocairo-1.0 -lpangowin32-1.0 -lpango-1.0 -lgdi32 -lmsimg32 -latk-1.0 -lcairo -lharfbuzz -lgdk_pixbuf-2.0 -lgio-2.0 -lgobject-2.0 -lglib-2.0 -lintl'
INSTALL_DATA='${INSTALL} -m 644'
INSTALL_PROGRAM='${INSTALL}'
INSTALL_SCRIPT='${INSTALL}'
INSTALL_STRIP_PROGRAM='$(install_sh) -c -s'
INSTOBJEXT='.mo'
INTLLIBS='-lintl  '
INTL_MACOSX_LIBS=''
LD='C:/msys64/mingw64/x86_64-w64-mingw32/bin/ld.exe'
LDAP_LIBS=''
LDFLAGS=''
LEX='flex'
LEXLIB=''
LEX_OUTPUT_ROOT='lex.yy'
LIBICONV=''
LIBOBJS=''
LIBS='-liconv -lssl -lcrypto -lssl -lcrypto -lgthread-2.0 -lglib-2.0 -lintl'
LIBSYLPH_CFLAGS=''
LIBSYLPH_LIBS='-lws2_32 -lwinmm'
LIBTOOL='$(SHELL) $(top_builddir)/libtool'
LIPO=''
LN_S='cp -pR'
LTLIBICONV=''
LTLIBOBJS=''
LT_AGE='4'
LT_CURRENT='5'
LT_RELEASE='3.8'
LT_REVISION='0'
LT_SYS_LIBRARY_PATH=''
MAINT='#'
MAINTAINER_MODE_FALSE=''
MAINTAINER_MODE_TRUE='#'
MAJOR_VERSION='3'
MAKEINFO='${SHELL} /d/git/sylpheed/missing makeinfo'
MANIFEST_TOOL=':'
MICRO_VERSION='0'
MINOR_VERSION='8'
MKDIR_P='/usr/bin/mkdir -p'
MKINSTALLDIRS='./mkinstalldirs'
MSGFMT='/mingw64/bin/msgfmt'
MSGFMT_OPTS='-c'
NATIVE_WIN32_FALSE='#'
NATIVE_WIN32_TRUE=''
NM='/mingw64/bin/nm -B'
NMEDIT=''
OBJDUMP='objdump'
OBJEXT='o'
OPENSSL_CFLAGS=''
OPENSSL_LIBS='-lssl -lcrypto'
OTOOL64=''
OTOOL=''
PACKAGE='sylpheed'
PACKAGE_BUGREPORT=''
PACKAGE_NAME=''
PACKAGE_STRING=''
PACKAGE_TARNAME=''
PACKAGE_URL=''
PACKAGE_VERSION=''
PATH_SEPARATOR=':'
PKG_CONFIG='/mingw64/bin/pkg-config'
PKG_CONFIG_LIBDIR=''
PKG_CONFIG_PATH='/mingw64/lib/pkgconfig:/mingw64/share/pkgconfig'
POFILES=' be.po bg.po cs.po da.po de.po el.po es.po et.po eu.po fi.po fr.po gl.po he.po hr.po hu.po it.po ja.po ko.po lt.po nl.po pl.po pt_BR.po ro.po ru.po sk.po sl.po sr.po sv.po tr.po uk.po vi.po zh_CN.po zh_TW.po'
POSUB='po'
PO_IN_DATADIR_FALSE=''
PO_IN_DATADIR_TRUE=''
RANLIB='ranlib'
SED='/usr/bin/sed'
SET_MAKE=''
SHELL='/bin/sh'
STRIP='strip'
SYLPHEED_LIBS='-lole32 -Wl,-luuid'
USE_NLS='yes'
VERSION='3.8.0beta1'
WINDRES='windres'
XGETTEXT='/mingw64/bin/xgettext'
YACC='bison -y'
YFLAGS=''
ac_ct_AR='ar'
ac_ct_CC='gcc'
ac_ct_DUMPBIN=''
am__EXEEXT_FALSE='#'
am__EXEEXT_TRUE=''
am__fastdepCC_FALSE='#'
am__fastdepCC_TRUE=''
am__include='include'
am__isrc=''
am__leading_dot='.'
am__nodep='_no'
am__quote=''
am__tar='$${TAR-tar} chof - "$$tardir"'
am__untar='$${TAR-tar} xf -'
bindir='${exec_prefix}/bin'
build='x86_64-w64-mingw32'
build_alias='x86_64-w64-mingw32'
build_cpu='x86_64'
build_os='mingw32'
build_vendor='w64'
datadir='${datarootdir}'
datarootdir='${prefix}/share'
docdir='${datarootdir}/doc/${PACKAGE}'
dvidir='${docdir}'
exec_prefix='${prefix}'
faqdir='${datadir}/${PACKAGE}/faq'
host='x86_64-w64-mingw32'
host_alias=''
host_cpu='x86_64'
host_os='mingw32'
host_vendor='w64'
htmldir='${docdir}'
includedir='${prefix}/include'
infodir='${datarootdir}/info'
install_sh='${SHELL} /d/git/sylpheed/install-sh'
libdir='${exec_prefix}/lib'
libexecdir='${exec_prefix}/libexec'
localedir='${prefix}/${DATADIRNAME}/locale'
localstatedir='${prefix}/var'
mandir='${datarootdir}/man'
manualdir='${datadir}/${PACKAGE}/manual'
mkdir_p='$(MKDIR_P)'
oldincludedir='/usr/include'
pdfdir='${docdir}'
plugindir='${exec_prefix}/lib/${PACKAGE}/plugins'
prefix='/mingw64'
program_transform_name='s,x,x,'
psdir='${docdir}'
sbindir='${exec_prefix}/sbin'
sharedstatedir='${prefix}/com'
sysconfdir='${prefix}/etc'
target='x86_64-w64-mingw32'
target_alias=''
target_cpu='x86_64'
target_os='mingw32'
target_vendor='w64'
themedir='${datadir}/${PACKAGE}/icons'

## ----------- ##
## confdefs.h. ##
## ----------- ##

/* confdefs.h */
#define PACKAGE_NAME ""
#define PACKAGE_TARNAME ""
#define PACKAGE_VERSION ""
#define PACKAGE_STRING ""
#define PACKAGE_BUGREPORT ""
#define PACKAGE_URL ""
#define DEVEL_VERSION 1
#define STDC_HEADERS 1
#define HAVE_SYS_TYPES_H 1
#define HAVE_SYS_STAT_H 1
#define HAVE_STDLIB_H 1
#define HAVE_STRING_H 1
#define HAVE_MEMORY_H 1
#define HAVE_STRINGS_H 1
#define HAVE_INTTYPES_H 1
#define HAVE_STDINT_H 1
#define HAVE_UNISTD_H 1
#define LT_OBJDIR ".libs/"
#define HAVE_ICONV 1
#define ICONV_CONST 
#define GETTEXT_PACKAGE "sylpheed"
#define HAVE_LOCALE_H 1
#define HAVE_BIND_TEXTDOMAIN_CODESET 1
#define HAVE_GETTEXT 1
#define HAVE_DCGETTEXT 1
#define ENABLE_NLS 1
#define USE_GPGME 1
#define HAVE_GPGME_IO_WRITEN 1
#define USE_SSL 1
#define USE_THREADS 1
#define INET6 1
#define USE_UPDATE_CHECK 1
#define USE_UPDATE_CHECK_PLUGIN 1
#define HAVE_DIRENT_H 1
#define STDC_HEADERS 1
#define HAVE_FCNTL_H 1
#define HAVE_SYS_FILE_H 1
#define HAVE_UNISTD_H 1
#define HAVE_SYS_PARAM_H 1
#define HAVE_REGEX_H 1
#define _FILE_OFFSET_BITS 64
#define HAVE_FSEEKO 1
#define SIZEOF_UNSIGNED_SHORT 2
#define SIZEOF_UNSIGNED_INT 4
#define SIZEOF_UNSIGNED_LONG 4
#define SIZEOF_TIME_T 8
#define SIZEOF_OFF_T 8
#define HAVE_64BIT_TIME_T 1
#define HAVE_ALLOCA 1
#define HAVE_MKDIR 1
#define HAVE_MKTIME 1
#define HAVE_STRSTR 1
#define HAVE_STRCHR 1
#define HAVE_TRUNCATE 1

configure: exit 0
